agent,beam_pruned_move_count,beam_widths,beam_widths_used,branch_limit,candidate_evaluation_time_sec,candidate_sort_time_sec,category,completed_root_moves,config_id,cutoff_count,depth,depth_after,depth_before,depth_change_reason,depth_changed,effective_depth,elapsed_ratio,elapsed_time_sec,end_id,initial_depth,leaf_evaluation_time_sec,leaf_evaluations,legal_edge_count,legal_move_generation_time_sec,max_depth,nodes_searched,null_window_searches,ordering_evaluations,other_time_sec,position_id,profile,pruned_move_count,recovery_streak,recursive_ordering_time_sec,recursive_other_time_sec,remaining_word_count,research_count,research_rate,risk_level,root_candidate_count,root_completion_rate,root_ordering_time_sec,score,seed,selected_edge,selected_root_candidate_count,sequence_index,split,start_id,target_elapsed_ratio,target_time_sec,timed_out,turn,max_depth_fixed_move_agreement,max_depth_fixed_score_agreement
alpha_beta,0,,{},8,0.030814443482086062,0.002526183146983385,early,8,alpha_beta_d5_b8__fixed,245,5,5,5,adaptive_disabled,False,5,0.1358570831362158,0.1358570831362158,20,5,0.09471344202756882,1184,2248,0.00021112500689923763,5,1577,0,12923,2.7374131605029106e-05,seed0_early_t0,fixed,11346,0,0.02769651194103062,0.007411337923258543,10000,0,0.0,normal,2248,1.0,0.005797292105853558,449.5,0,20→20,8,0,tuning,20,0.1358570831362158,1.0,False,0,True,True
alpha_beta,0,,{},8,0.03692369186319411,0.0036106749903410673,few_legal,8,alpha_beta_d5_b8__fixed,351,5,5,5,adaptive_disabled,False,5,0.1936122919432819,0.1936122919432819,32,5,0.14101964212022722,1681,8,2.62516550719738e-06,5,2235,0,14508,2.120761200785637e-05,seed0_few_legal_t1,fixed,12273,0,0.040781459072604775,0.011758482782170177,10,0,0.0,caution,8,1.0,2.8875190764665604e-05,419.5,0,35→32,8,1,tuning,35,0.1936122919432819,1.0,False,1,True,True
alpha_beta,0,,{},8,0.050080290995538235,0.004924091976135969,early_pruning,8,alpha_beta_d5_b8__fixed,298,5,5,5,adaptive_disabled,False,5,0.29600391583517194,0.29600391583517194,58,5,0.22240823484025896,1773,37,5.542067810893059e-06,5,2273,0,12915,1.612468622624874e-05,seed0_early_pruning_t17,fixed,10642,0,0.055426053470000625,0.01804062770679593,96,0,0.0,normal,37,1.0,0.00010733306407928467,369.5,0,28→58,8,2,tuning,28,0.29600391583517194,1.0,False,17,True,True
alpha_beta,0,,{},8,0.019805667223408818,0.0016866237856447697,middle,8,alpha_beta_d5_b8__fixed,201,5,5,5,adaptive_disabled,False,5,0.08820716687478125,0.08820716687478125,46,5,0.06171595840714872,719,9,3.250082954764366e-06,5,1014,0,8241,2.2208085283637047e-05,seed0_middle_t27,fixed,7146,0,0.02157807000912726,0.004849888384342194,11,0,0.0,caution,9,1.0,3.779190592467785e-05,209.5,0,63→46,8,3,tuning,63,0.08820716687478125,1.0,False,27,True,True
alpha_beta,0,,{},8,0.036167565966024995,0.0033805719576776028,late,8,alpha_beta_d5_b8__fixed,344,5,5,5,adaptive_disabled,False,5,0.24130754196085036,0.24130754196085036,46,5,0.1875008714850992,2322,32,5.58304600417614e-06,5,2930,0,14805,1.762574538588524e-05,seed0_late_t49,fixed,11772,0,0.03972021909430623,0.013966409489512444,159,0,0.0,normal,32,1.0,9.683310054242611e-05,308.0,0,11→46,8,4,tuning,11,0.24130754196085036,1.0,False,49,True,True
alpha_beta,0,,{},8,0.03877274435944855,0.00337762339040637,early,8,alpha_beta_d5_b8__fixed,322,5,5,5,adaptive_disabled,False,5,0.1666552908718586,0.1666552908718586,35,5,0.11404429958201945,1407,2284,0.00023224996402859688,5,1910,0,15786,3.1456584110856056e-05,seed1_early_t0,fixed,13876,0,0.03627549298107624,0.009961916599422693,10000,0,0.0,normal,2284,1.0,0.006109875161200762,708.5,1,4→35,8,0,tuning,4,0.1666552908718586,1.0,False,0,True,True
alpha_beta,0,,{},8,0.05072357039898634,0.0046354897785931826,early_pruning,8,alpha_beta_d5_b8__fixed,504,5,5,5,adaptive_disabled,False,5,0.24378095916472375,0.24378095916472375,55,5,0.17346905753947794,2061,37,7.4999406933784485e-06,5,2808,0,20144,1.7626211047172546e-05,seed1_early_pruning_t75,fixed,17321,0,0.055553624173626304,0.014579234179109335,129,0,0.0,normal,37,1.0,0.00015391712076961994,664.0,1,2→55,8,1,tuning,2,0.24378095916472375,1.0,False,75,True,True
alpha_beta,0,,{},8,0.03714332659728825,0.003691204125061631,middle,8,alpha_beta_d5_b8__fixed,366,5,5,5,adaptive_disabled,False,5,0.2129134580027312,0.2129134580027312,35,5,0.15873262751847506,1851,47,6.3749030232429504e-06,5,2453,0,14873,1.8873950466513634e-05,seed1_middle_t120,fixed,12370,0,0.04102700878866017,0.013002780731767416,163,0,0.0,normal,47,1.0,0.0001257921103388071,1094.0647727272728,1,9→35,8,2,tuning,9,0.2129134580027312,1.0,False,120,True,True
alpha_beta,0,,{},8,0.028411553939804435,0.0025882862973958254,late,7,alpha_beta_d5_b8__fixed,279,5,5,5,adaptive_disabled,False,5,0.12345149996690452,0.12345149996690452,37,5,0.08495527296327055,978,7,2.9581133276224136e-06,5,1389,0,10774,2.3416709154844284e-05,seed1_late_t236,fixed,9344,0,0.031174390809610486,0.007261211285367608,8,0,0.0,caution,7,1.0,3.4250086173415184e-05,624.0,1,35→37,7,3,tuning,35,0.12345149996690452,1.0,False,236,True,True
alpha_beta,0,,{},8,0.038008798379451036,0.007100157672539353,early,8,alpha_beta_d5_b8__conservative,245,5,4,5,elapsed_ratio_high,True,5,0.2093786660116166,0.2093786660116166,20,5,0.1510466681793332,1184,2248,0.00020699994638562202,6,1577,0,12923,3.116508014500141e-05,seed0_early_t0,conservative,11346,0,0.039294536458328366,0.012597337365150452,10000,0,0.0,normal,2248,1.0,0.006201958982273936,449.5,0,20→20,8,0,tuning,20,0.8375146640464664,0.25,False,0,True,True
alpha_beta,0,,{},8,0.00888321385718882,0.0008359567727893591,few_legal,8,alpha_beta_d5_b8__conservative,93,5,4,4,recovery_wait,False,4,0.032915082992985845,0.032915082992985845,63,5,0.021068592090159655,285,8,3.375113010406494e-06,6,405,0,3609,2.245791256427765e-05,seed0_few_legal_t1,conservative,3204,1,0.009749072371050715,0.0020309605170041323,10,0,0.0,caution,8,1.0,4.0624989196658134e-05,-419.5,0,35→63,8,1,tuning,35,0.13166033197194338,0.25,False,1,False,False
alpha_beta,0,,{},8,0.01062463573180139,0.0010479092597961426,early_pruning,8,alpha_beta_d5_b8__conservative,106,5,4,4,recovery_wait,False,4,0.0464797499589622,0.0464797499589622,63,5,0.03179854969494045,410,37,8.125090971589088e-06,6,553,0,4308,2.0207837224006653e-05,seed0_early_pruning_t17,conservative,3755,2,0.011599321383982897,0.0028816289268434048,96,0,0.0,normal,37,1.0,0.00017191702499985695,-349.5,0,28→63,8,2,tuning,28,0.1859189998358488,0.25,False,17,False,False
alpha_beta,0,,{},8,0.008454260183498263,0.0007379059679806232,middle,8,alpha_beta_d5_b8__conservative,81,5,5,4,recovered,True,4,0.043071750085800886,0.043071750085800886,46,5,0.031455939169973135,408,9,3.7918798625469208e-06,6,526,0,3504,2.1249055862426758e-05,seed0_middle_t27,conservative,2960,0,0.009203453781083226,0.002346399240195751,11,0,0.0,caution,9,1.0,4.091695882380009e-05,-308.0,0,63→46,8,3,tuning,63,0.17228700034320354,0.25,False,27,True,False
alpha_beta,0,,{},8,0.03677779249846935,0.0036192454863339663,late,8,alpha_beta_d5_b8__conservative,344,5,4,5,elapsed_ratio_high,True,5,0.24811812513507903,0.24811812513507903,46,5,0.1933084218762815,2322,32,5.58304600417614e-06,6,2930,0,14805,1.7208978533744812e-05,seed0_late_t49,conservative,11772,0,0.04059871449135244,0.014085613656789064,159,0,0.0,normal,32,1.0,0.00010258308611810207,308.0,0,11→46,8,4,tuning,11,0.9924725005403161,0.25,False,49,True,True
alpha_beta,0,,{},8,0.04576203157193959,0.00456491531804204,early,8,alpha_beta_d5_b8__conservative,322,5,4,5,elapsed_ratio_high,True,5,0.21446499996818602,0.21446499996818602,35,5,0.14956024778075516,1407,2284,0.00021354085765779018,6,1910,0,15786,6.179208867251873e-05,seed1_early_t0,conservative,13876,0,0.04467014269903302,0.013873567571863532,10000,0,0.0,normal,2284,1.0,0.006085708970203996,708.5,1,4→35,8,0,tuning,4,0.8578599998727441,0.25,False,0,True,True
alpha_beta,0,,{},8,0.02240007626824081,0.0024735424667596817,early_pruning,8,alpha_beta_d5_b8__conservative,108,5,4,4,recovery_wait,False,4,0.07978379190899432,0.07978379190899432,55,5,0.04869583318941295,331,37,1.791701652109623e-05,6,475,0,4499,3.658398054540157e-05,seed1_early_pruning_t75,conservative,4024,1,0.02487273537553847,0.005926014389842749,129,0,0.0,normal,37,1.0,0.00023470795713365078,-664.0,1,2→55,8,1,tuning,2,0.31913516763597727,0.25,False,75,True,False
alpha_beta,0,,{},8,0.01298388373106718,0.0014480049721896648,middle,8,alpha_beta_d5_b8__conservative,114,5,4,4,recovery_wait,False,4,0.039115041960030794,0.039115041960030794,35,5,0.022030968451872468,262,47,8.041970431804657e-06,6,405,0,4285,1.970888115465641e-05,seed1_middle_t120,conservative,3875,2,0.014391583623364568,0.002520238980650902,163,0,0.0,normal,47,1.0,0.00014450005255639553,-644.0,1,9→35,8,2,tuning,9,0.15646016784012318,0.25,False,120,True,False
alpha_beta,0,,{},8,0.012135128723457456,0.0011478348169475794,late,7,alpha_beta_d5_b8__conservative,132,5,5,4,recovered,True,4,0.05670045898295939,0.05670045898295939,4,5,0.04000578704290092,485,7,2.9171351343393326e-06,6,677,0,5045,3.0874740332365036e-05,seed1_late_t236,conservative,4356,0,0.013343701371923089,0.00328805367462337,8,0,0.0,caution,7,1.0,2.9125018045306206e-05,-1122.2011764705883,1,35→4,7,3,tuning,35,0.22680183593183756,0.25,False,236,False,False
alpha_beta,0,,{},8,0.031136958161368966,0.00257408176548779,early,8,alpha_beta_d5_b8__standard,245,5,5,5,recovery_wait,False,5,0.1375570830423385,0.1375570830423385,20,5,0.09563181060366333,1184,2248,0.00020262505859136581,7,1577,0,12923,2.8541777282953262e-05,seed0_early_t0,standard,11346,1,0.02796834846958518,0.007822174113243818,10000,0,0.0,normal,2248,1.0,0.0059035830199718475,449.5,0,20→20,8,0,tuning,20,0.3438927076058462,0.4,False,0,True,True
alpha_beta,0,,{},8,0.03429251769557595,0.0031264761928468943,few_legal,8,alpha_beta_d5_b8__standard,351,5,5,5,recovery_wait,False,5,0.17897000000812113,0.17897000000812113,32,5,0.1307582629378885,1681,8,2.5420449674129486e-06,7,2235,0,14508,2.0707957446575165e-05,seed0_few_legal_t1,standard,12273,2,0.03759354422800243,0.01056527579203248,10,0,0.0,caution,8,1.0,2.9667047783732414e-05,419.5,0,35→32,8,1,tuning,35,0.44742500002030283,0.4,False,1,True,True
alpha_beta,0,,{},8,0.031034169485792518,0.0028263707645237446,early_pruning,8,alpha_beta_d5_b8__standard,298,5,6,5,recovered,True,5,0.19057933310978115,0.19057933310978115,58,5,0.14532498782500625,1773,37,5.37489540874958e-06,7,2273,0,12915,1.6415957361459732e-05,seed0_early_pruning_t17,standard,10642,0,0.03395765949971974,0.011169477831572294,96,0,0.0,normal,37,1.0,0.00010541710071265697,369.5,0,28→58,8,2,tuning,28,0.47644833277445287,0.4,False,17,True,True
alpha_beta,0,,{},8,0.07110879337415099,0.006087931105867028,middle,8,alpha_beta_d5_b8__standard,718,5,6,6,recovery_streak_reset,False,6,0.334919499931857,0.334919499931857,46,5,0.23789042676799,3014,9,3.459164872765541e-06,7,4070,0,29651,2.1540792658925056e-05,seed0_middle_t27,standard,25365,0,0.07760201650671661,0.019362848717719316,11,0,0.0,caution,9,1.0,3.9207981899380684e-05,-308.0,0,63→46,8,3,tuning,63,0.8372987498296425,0.4,False,27,True,False
alpha_beta,0,,{},8,0.20200808625668287,0.019287077710032463,late,8,alpha_beta_d5_b8__standard,2076,5,5,6,elapsed_ratio_high,True,6,0.9925014169421047,0.9925014169421047,46,5,0.700374209554866,7962,32,4.62518073618412e-06,7,10669,0,72040,1.8458813428878784e-05,seed0_late_t49,standard,61105,0,0.2240669724997133,0.06794840097427368,159,0,0.0,normal,32,1.0,8.874991908669472e-05,-308.0,0,11→46,8,4,tuning,11,2.4812535423552617,0.4,False,49,True,False
alpha_beta,0,,{},8,0.05134547268971801,0.0045927895698696375,early,8,alpha_beta_d5_b8__standard,322,5,5,5,recovery_streak_reset,False,5,0.21482295799069107,0.21482295799069107,35,5,0.14496645447798073,1407,2284,0.00021849991753697395,7,1910,0,15786,3.4542055800557137e-05,seed1_early_t0,standard,13876,0,0.046694528544321656,0.01327143283560872,10000,0,0.0,normal,2284,1.0,0.009637500159442425,708.5,1,4→35,8,0,tuning,4,0.5370573949767277,0.4,False,0,True,True
alpha_beta,0,,{},8,0.048223841236904263,0.00434808200225234,early_pruning,8,alpha_beta_d5_b8__standard,504,5,5,5,recovery_streak_reset,False,5,0.23569579212926328,0.23569579212926328,55,5,0.16866691503673792,2061,37,6.541842594742775e-06,7,2808,0,20144,1.662527211010456e-05,seed1_early_pruning_t75,standard,17321,0,0.0527733014896512,0.01412578346207738,129,0,0.0,normal,37,1.0,0.00010662502609193325,664.0,1,2→55,8,1,tuning,2,0.5892394803231582,0.4,False,75,True,True
alpha_beta,0,,{},8,0.034620303427800536,0.003105749376118183,middle,8,alpha_beta_d5_b8__standard,366,5,5,5,recovery_wait,False,5,0.19412554195150733,0.19412554195150733,35,5,0.14448200003243983,1851,47,6.082933396100998e-06,7,2453,0,14873,1.3832934200763702e-05,seed1_middle_t120,standard,12370,1,0.03783161100000143,0.011668555904179811,163,0,0.0,normal,47,1.0,0.00012345914728939533,1094.0647727272728,1,9→35,8,2,tuning,9,0.4853138548787683,0.4,False,120,True,True
alpha_beta,0,,{},8,0.02578840171918273,0.0022793265525251627,late,7,alpha_beta_d5_b8__standard,279,5,5,5,recovery_wait,False,5,0.11669104197062552,0.11669104197062552,37,5,0.08159696171060205,978,7,2.1669548004865646e-06,7,1389,0,10774,2.087489701807499e-05,seed1_late_t236,standard,9344,2,0.028206358198076487,0.006839763140305877,8,0,0.0,caution,7,1.0,2.491706982254982e-05,624.0,1,35→37,7,3,tuning,35,0.2917276049265638,0.4,False,236,True,True
alpha_beta,0,,{},8,0.030876595294103026,0.0025513337459415197,early,8,alpha_beta_d5_b8__aggressive,245,5,5,5,recovery_wait,False,5,0.13684587483294308,0.13684587483294308,20,5,0.09530963748693466,1184,2248,0.0002104588784277439,7,1577,0,12923,3.612414002418518e-05,seed0_early_t0,aggressive,11346,1,0.027637922670692205,0.007702481700107455,10000,0,0.0,normal,2248,1.0,0.00594924995675683,449.5,0,20→20,8,0,tuning,20,0.22807645805490515,0.6,False,0,True,True
alpha_beta,0,,{},8,0.03405207255855203,0.0031033451668918133,few_legal,8,alpha_beta_d5_b8__aggressive,351,5,6,5,recovered,True,5,0.1775442911311984,0.1775442911311984,32,5,0.12954958411864936,1681,8,2.4579931050539017e-06,7,2235,0,14508,2.012518234550953e-05,seed0_few_legal_t1,aggressive,12273,0,0.03734198515303433,0.010601680725812912,10,0,0.0,caution,8,1.0,2.845795825123787e-05,419.5,0,35→32,8,1,tuning,35,0.2959071518853307,0.6,False,1,True,True
alpha_beta,0,,{},8,0.14470707159489393,0.013689189683645964,early_pruning,8,alpha_beta_d5_b8__aggressive,1448,5,5,6,elapsed_ratio_high,True,6,0.6171960001811385,0.6171960001811385,63,5,0.4203893586527556,5209,37,5.083158612251282e-06,7,7133,0,56226,1.5458092093467712e-05,seed0_early_pruning_t17,aggressive,49093,0,0.15932641318067908,0.03735635313205421,96,0,0.0,normal,37,1.0,0.0001033339649438858,-339.5,0,28→63,8,2,tuning,28,1.0286600003018975,0.6,False,17,False,False
alpha_beta,0,,{},8,0.019365364219993353,0.0015954882837831974,middle,8,alpha_beta_d5_b8__aggressive,201,5,5,5,recovery_wait,False,5,0.08549916720949113,0.08549916720949113,46,5,0.05971596809104085,719,9,3.2088719308376312e-06,7,1014,0,8241,1.82492658495903e-05,seed0_middle_t27,aggressive,7146,1,0.02103592548519373,0.0046896066050976515,11,0,0.0,caution,9,1.0,3.620889037847519e-05,209.5,0,63→46,8,3,tuning,63,0.14249861201581857,0.6,False,27,True,True
alpha_beta,0,,{},8,0.034669372951611876,0.003102431772276759,late,8,alpha_beta_d5_b8__aggressive,344,5,6,5,recovered,True,5,0.2323366249911487,0.2323366249911487,46,5,0.18097794707864523,2322,32,4.458008334040642e-06,7,2930,0,14805,1.3000797480344772e-05,seed0_late_t49,aggressive,11772,0,0.037915871012955904,0.013338057091459632,159,0,0.0,normal,32,1.0,8.729100227355957e-05,308.0,0,11→46,8,4,tuning,11,0.3872277083185812,0.6,False,49,True,True
alpha_beta,0,,{},8,0.03800479182973504,0.00317102181725204,early,8,alpha_beta_d5_b8__aggressive,322,5,5,5,recovery_wait,False,5,0.16365966689772904,0.16365966689772904,35,5,0.1125141573138535,1407,2284,0.00021500000730156898,7,1910,0,15786,2.8292182832956314e-05,seed1_early_t0,aggressive,13876,1,0.03525858465582132,0.009524382883682847,10000,0,0.0,normal,2284,1.0,0.006119249854236841,708.5,1,4→35,8,0,tuning,4,0.2727661114962151,0.6,False,0,True,True
alpha_beta,0,,{},8,0.054989391239359975,0.005066559184342623,early_pruning,8,alpha_beta_d5_b8__aggressive,504,5,6,5,recovered,True,5,0.2647812911309302,0.2647812911309302,55,5,0.18793255533091724,2061,37,5.709007382392883e-06,7,2808,0,20144,1.5207100659608841e-05,seed1_early_pruning_t75,aggressive,17321,0,0.060367405880242586,0.0163640808314085,129,0,0.0,normal,37,1.0,9.63329803198576e-05,664.0,1,2→55,8,1,tuning,2,0.44130215188488364,0.6,False,75,True,True
alpha_beta,0,,{},8,0.13800352741964161,0.012634285958483815,middle,8,alpha_beta_d5_b8__aggressive,1311,5,6,6,recovery_streak_reset,False,6,0.44165783282369375,0.44165783282369375,35,5,0.26182385510765016,3089,47,7.999828085303307e-06,7,4773,0,51166,4.6623870730400085e-05,seed1_middle_t120,aggressive,46273,0,0.15142507920973003,0.02821006579324603,163,0,0.0,normal,47,1.0,0.0001442090142518282,-644.0,1,9→35,8,2,tuning,9,0.7360963880394896,0.6,False,120,True,False
alpha_beta,0,,{},8,0.10235955007374287,0.009244819637387991,late,7,alpha_beta_d5_b8__aggressive,1162,5,6,6,recovery_streak_reset,False,6,0.42240208317525685,0.42240208317525685,37,5,0.28633901895955205,3346,7,3.0419323593378067e-06,7,4922,0,42164,2.1582935005426407e-05,seed1_late_t236,aggressive,37107,0,0.11224843212403357,0.02375575713813305,8,0,0.0,caution,7,1.0,3.4250086173415184e-05,-624.0,1,35→37,7,3,tuning,35,0.7040034719587615,0.6,False,236,True,False
beam_negamax,23407,8-6-4-2,"{""0"": 8, ""1"": 6, ""2"": 4, ""3"": 2, ""4"": 2, ""5"": 2}",,0.06389831681735814,0.00459444266743958,early,8,beam_negamax_d6_w8-6-4-2__fixed,0,6,6,6,adaptive_disabled,False,6,0.16657641693018377,0.16657641693018377,35,6,0.0862838497851044,1536,2248,0.0002068330068141222,6,2936,0,26343,3.0043069273233414e-05,seed0_early_t0,fixed,0,0,0.0633914154022932,0.010936109814792871,10000,0,0.0,normal,2248,1.0,0.005728165851905942,-379.5,0,1→35,8,0,tuning,1,0.16657641693018377,1.0,False,0,True,True
beam_negamax,21084,8-6-4-2,"{""0"": 8, ""1"": 6, ""2"": 4, ""3"": 2, ""4"": 2, ""5"": 2}",,0.06203754874877632,0.005449403775855899,few_legal,8,beam_negamax_d6_w8-6-4-2__fixed,0,6,6,6,adaptive_disabled,False,6,0.17536141583696008,0.17536141583696008,63,6,0.09473997517488897,1536,8,2.2919848561286926e-06,6,2936,0,24020,1.8040882423520088e-05,seed0_few_legal_t1,fixed,0,0,0.06815654109232128,0.012413983698934317,10,0,0.0,caution,8,1.0,3.058300353586674e-05,-379.5,0,35→63,8,1,tuning,35,0.17536141583696008,1.0,False,1,True,True
beam_negamax,20310,8-6-4-2,"{""0"": 8, ""1"": 6, ""2"": 4, ""3"": 2, ""4"": 2, ""5"": 2}",,0.05551905743777752,0.00406404142268002,early_pruning,8,beam_negamax_d6_w8-6-4-2__fixed,0,6,6,6,adaptive_disabled,False,6,0.15950591606087983,0.15950591606087983,63,6,0.08834698284044862,1536,37,5.00003807246685e-06,6,2936,0,23246,1.5125144273042679e-05,seed0_early_pruning_t17,fixed,0,0,0.06008469290100038,0.010952657088637352,96,0,0.0,normal,37,1.0,0.00010145804844796658,-308.0,0,28→63,8,2,tuning,28,0.15950591606087983,1.0,False,17,True,True
beam_negamax,19864,8-6-4-2,"{""0"": 8, ""1"": 6, ""2"": 4, ""3"": 2, ""4"": 2, ""5"": 2}",,0.05453791143372655,0.004171890905126929,middle,8,beam_negamax_d6_w8-6-4-2__fixed,0,6,6,6,adaptive_disabled,False,6,0.1727604588959366,0.1727604588959366,28,6,0.1028371686115861,1536,9,2.250075340270996e-06,6,2936,0,22800,2.145976759493351e-05,seed0_middle_t27,fixed,0,0,0.05927877826616168,0.010590219171717763,11,0,0.0,caution,9,1.0,3.058300353586674e-05,-209.5,0,63→28,8,3,tuning,63,0.1727604588959366,1.0,False,27,True,True
beam_negamax,19298,8-6-4-2,"{""0"": 8, ""1"": 6, ""2"": 4, ""3"": 2, ""4"": 2, ""5"": 2}",,0.05294568557292223,0.004008052404969931,late,8,beam_negamax_d6_w8-6-4-2__fixed,0,6,6,6,adaptive_disabled,False,6,0.1693202501628548,0.1693202501628548,46,6,0.10091777332127094,1536,32,5.207955837249756e-06,6,2936,0,22234,1.5375204384326935e-05,seed0_late_t49,fixed,0,0,0.0574540866073221,0.010838390095159411,159,0,0.0,normal,32,1.0,8.941697888076305e-05,-239.5,0,11→46,8,4,tuning,11,0.1693202501628548,1.0,False,49,True,True
beam_negamax,25080,8-6-4-2,"{""0"": 8, ""1"": 6, ""2"": 4, ""3"": 2, ""4"": 2, ""5"": 2}",,0.07224819739349186,0.005150844110175967,early,8,beam_negamax_d6_w8-6-4-2__fixed,0,6,6,6,adaptive_disabled,False,6,0.16895641689188778,0.16895641689188778,35,6,0.07859920780174434,1536,2284,0.0002104588784277439,6,2936,0,28016,3.0415598303079605e-05,seed1_early_t0,fixed,0,0,0.07224052818492055,0.012058598222211003,10000,0,0.0,normal,2284,1.0,0.005817208206281066,-508.5,1,4→35,8,0,tuning,4,0.16895641689188778,1.0,False,0,True,True
beam_negamax,26714,8-6-4-2,"{""0"": 8, ""1"": 6, ""2"": 4, ""3"": 2, ""4"": 2, ""5"": 2}",,0.07041030493564904,0.004838007735088468,early_pruning,8,beam_negamax_d6_w8-6-4-2__fixed,0,6,6,6,adaptive_disabled,False,6,0.18318329099565744,0.18318329099565744,55,6,0.09474722133018076,1536,37,5.5409036576747894e-06,6,2936,0,29650,1.7917249351739883e-05,seed1_early_pruning_t75,fixed,0,0,0.07576117920689285,0.012554057408124208,129,0,0.0,normal,37,1.0,9.737489745020866e-05,-1104.6831818181818,1,2→55,8,1,tuning,2,0.18318329099565744,1.0,False,75,True,True
beam_negamax,25324,8-6-4-2,"{""0"": 8, ""1"": 6, ""2"": 4, ""3"": 2, ""4"": 2, ""5"": 2}",,0.08806526847183704,0.006959834834560752,middle,8,beam_negamax_d6_w8-6-4-2__fixed,0,6,6,6,adaptive_disabled,False,6,0.23839312489144504,0.23839312489144504,35,6,0.12476775073446333,1536,47,6.708083674311638e-06,6,2936,0,28260,1.9540777429938316e-05,seed1_middle_t120,fixed,0,0,0.09596166154369712,0.017506421776488423,163,0,0.0,normal,47,1.0,0.00013104197569191456,-418.5,1,9→35,8,2,tuning,9,0.23839312489144504,1.0,False,120,True,True
beam_negamax,22084,8-6-4-2,"{""0"": 8, ""1"": 6, ""2"": 4, ""3"": 2, ""4"": 2, ""5"": 2}",,0.06042207241989672,0.004214242100715637,late,7,beam_negamax_d6_w8-6-4-2__fixed,0,6,6,6,adaptive_disabled,False,6,0.1761107079219073,0.1761107079219073,37,6,0.10016254778020084,1344,7,5.124835297465324e-06,6,2569,0,24653,2.6624882593750954e-05,seed1_late_t236,fixed,0,0,0.06514380546286702,0.010722688864916563,8,0,0.0,caution,7,1.0,4.99160960316658e-05,-624.0,1,35→37,7,3,tuning,35,0.1761107079219073,1.0,False,236,True,True
beam_negamax,23407,8-6-4-2,"{""0"": 8, ""1"": 6, ""2"": 4, ""3"": 2, ""4"": 2, ""5"": 2}",,0.06403514021076262,0.004593935329467058,early,8,beam_negamax_d6_w8-6-4-2__conservative,0,6,6,6,recovery_streak_reset,False,6,0.16645275009796023,0.16645275009796023,35,6,0.08603074518032372,1536,2248,0.00020774989388883114,7,2936,0,26343,3.0334340408444405e-05,seed0_early_t0,conservative,0,0,0.06338653690181673,0.010956300888210535,10000,0,0.0,normal,2248,1.0,0.005841082893311977,-379.5,0,1→35,8,0,tuning,1,0.6658110003918409,0.25,False,0,True,True
beam_negamax,21084,8-6-4-2,"{""0"": 8, ""1"": 6, ""2"": 4, ""3"": 2, ""4"": 2, ""5"": 2}",,0.06459796009585261,0.005030894419178367,few_legal,8,beam_negamax_d6_w8-6-4-2__conservative,0,6,6,6,recovery_streak_reset,False,6,0.1834694999270141,0.1834694999270141,63,6,0.09998237458057702,1536,8,2.4167820811271667e-06,7,2936,0,24020,1.800013706088066e-05,seed0_few_legal_t1,conservative,0,0,0.07041985541582108,0.013017978053539991,10,0,0.0,caution,8,1.0,2.887495793402195e-05,-379.5,0,35→63,8,1,tuning,35,0.7338779997080564,0.25,False,1,True,True
beam_negamax,20310,8-6-4-2,"{""0"": 8, ""1"": 6, ""2"": 4, ""3"": 2, ""4"": 2, ""5"": 2}",,0.058605314232409,0.004455694695934653,early_pruning,8,beam_negamax_d6_w8-6-4-2__conservative,0,6,6,6,recovery_streak_reset,False,6,0.1667326248716563,0.1667326248716563,63,6,0.09141055517829955,1536,37,6.58305361866951e-06,7,2936,0,23246,2.362579107284546e-05,seed0_early_pruning_t17,conservative,0,0,0.06362932152114809,0.011538248276337981,96,0,0.0,normal,37,1.0,0.0001242910511791706,-308.0,0,28→63,8,2,tuning,28,0.6669304994866252,0.25,False,17,True,True
beam_negamax,19864,8-6-4-2,"{""0"": 8, ""1"": 6, ""2"": 4, ""3"": 2, ""4"": 2, ""5"": 2}",,0.05477279657498002,0.004102900857105851,middle,8,beam_negamax_d6_w8-6-4-2__conservative,0,6,6,6,recovery_streak_reset,False,6,0.17315958393737674,0.17315958393737674,28,6,0.1030033731367439,1536,9,2.62516550719738e-06,7,2936,0,22800,2.3792730644345284e-05,seed0_middle_t27,conservative,0,0,0.059435009490698576,0.010656950529664755,11,0,0.0,caution,9,1.0,3.783288411796093e-05,-209.5,0,63→28,8,3,tuning,63,0.692638335749507,0.25,False,27,True,True
beam_negamax,19298,8-6-4-2,"{""0"": 8, ""1"": 6, ""2"": 4, ""3"": 2, ""4"": 2, ""5"": 2}",,0.05314552551135421,0.0040141865611076355,late,8,beam_negamax_d6_w8-6-4-2__conservative,0,6,6,6,recovery_streak_reset,False,6,0.16922129201702774,0.16922129201702774,46,6,0.10067632235586643,1536,32,4.624947905540466e-06,7,2936,0,22234,1.5415949746966362e-05,seed0_late_t49,conservative,0,0,0.0576610064599663,0.010774630354717374,159,0,0.0,normal,32,1.0,8.929194882512093e-05,-239.5,0,11→46,8,4,tuning,11,0.6768851680681109,0.25,False,49,True,True
beam_negamax,25080,8-6-4-2,"{""0"": 8, ""1"": 6, ""2"": 4, ""3"": 2, ""4"": 2, ""5"": 2}",,0.06657050549983978,0.004637847654521465,early,8,beam_negamax_d6_w8-6-4-2__conservative,0,6,6,6,recovery_streak_reset,False,6,0.15753266704268754,0.15753266704268754,35,6,0.07424952066503465,1536,2284,0.00021133385598659515,7,2936,0,28016,3.120698966085911e-05,seed1_early_t0,conservative,0,0,0.06593444058671594,0.011231372831389308,10000,0,0.0,normal,2284,1.0,0.005874792113900185,-508.5,1,4→35,8,0,tuning,4,0.6301306681707501,0.25,False,0,True,True
beam_negamax,26714,8-6-4-2,"{""0"": 8, ""1"": 6, ""2"": 4, ""3"": 2, ""4"": 2, ""5"": 2}",,0.06976446672342718,0.004828541306778789,early_pruning,8,beam_negamax_d6_w8-6-4-2__conservative,0,6,6,6,recovery_streak_reset,False,6,0.1816876248922199,0.1816876248922199,55,6,0.09410802717320621,1536,37,8.500181138515472e-06,7,2936,0,29650,1.9916566088795662e-05,seed1_early_pruning_t75,conservative,0,0,0.07510064798407257,0.012340824818238616,129,0,0.0,normal,37,1.0,0.00010970816947519779,-1104.6831818181818,1,2→55,8,1,tuning,2,0.7267504995688796,0.25,False,75,True,True
beam_negamax,25324,8-6-4-2,"{""0"": 8, ""1"": 6, ""2"": 4, ""3"": 2, ""4"": 2, ""5"": 2}",,0.06717766495421529,0.004551041405647993,middle,8,beam_negamax_d6_w8-6-4-2__conservative,0,6,6,6,recovery_streak_reset,False,6,0.1773200419265777,0.1773200419265777,35,6,0.09287654305808246,1536,47,7.082941010594368e-06,7,2936,0,28260,1.733400858938694e-05,seed1_middle_t120,conservative,0,0,0.072192462394014,0.012094286503270268,163,0,0.0,normal,47,1.0,0.00013233302161097527,-418.5,1,9→35,8,2,tuning,9,0.7092801677063107,0.25,False,120,True,True
beam_negamax,22084,8-6-4-2,"{""0"": 8, ""1"": 6, ""2"": 4, ""3"": 2, ""4"": 2, ""5"": 2}",,0.0579015847761184,0.0040491619147360325,late,7,beam_negamax_d6_w8-6-4-2__conservative,0,6,6,6,recovery_streak_reset,False,6,0.16942449985072017,0.16942449985072017,37,6,0.09672542568296194,1344,7,3.7499703466892242e-06,7,2569,0,24653,2.38749198615551e-05,seed1_late_t236,conservative,0,0,0.06243629870004952,0.010201483499258757,8,0,0.0,caution,7,1.0,3.3667078241705894e-05,-624.0,1,35→37,7,3,tuning,35,0.6776979994028807,0.25,False,236,True,True
beam_negamax,23407,8-6-4-2,"{""0"": 8, ""1"": 6, ""2"": 4, ""3"": 2, ""4"": 2, ""5"": 2}",,0.06298223813064396,0.0044186837039887905,early,8,beam_negamax_d6_w8-6-4-2__standard,0,6,6,6,recovery_wait,False,6,0.16316745802760124,0.16316745802760124,35,6,0.08432804490439594,1536,2248,0.00022070808336138725,8,2936,0,26343,2.9000919312238693e-05,seed0_early_t0,standard,0,1,0.06222666008397937,0.010599878150969744,10000,0,0.0,normal,2248,1.0,0.005763165885582566,-379.5,0,1→35,8,0,tuning,1,0.4079186450690031,0.4,False,0,True,True
beam_negamax,21084,8-6-4-2,"{""0"": 8, ""1"": 6, ""2"": 4, ""3"": 2, ""4"": 2, ""5"": 2}",,0.05725932912901044,0.004229936981573701,few_legal,8,beam_negamax_d6_w8-6-4-2__standard,0,6,6,6,recovery_wait,False,6,0.16030041687190533,0.16030041687190533,63,6,0.08731754077598453,1536,8,2.6659108698368073e-06,8,2936,0,24020,1.841713674366474e-05,seed0_few_legal_t1,standard,0,2,0.062055490212514997,0.010877219028770924,10,0,0.0,caution,8,1.0,2.908380702137947e-05,-379.5,0,35→63,8,1,tuning,35,0.4007510421797633,0.4,False,1,True,True
beam_negamax,20310,8-6-4-2,"{""0"": 8, ""1"": 6, ""2"": 4, ""3"": 2, ""4"": 2, ""5"": 2}",,0.06247023493051529,0.0052185445092618465,early_pruning,8,beam_negamax_d6_w8-6-4-2__standard,0,6,7,6,recovered,True,6,0.18202850013040006,0.18202850013040006,63,6,0.10061586345545948,1536,37,5.375128239393234e-06,8,2936,0,23246,2.2082822397351265e-05,seed0_early_pruning_t17,standard,0,0,0.06844608020037413,0.012834056513383985,96,0,0.0,normal,37,1.0,0.00010504201054573059,-308.0,0,28→63,8,2,tuning,28,0.45507125032600015,0.4,False,17,True,True
beam_negamax,41486,8-6-4-2,"{""0"": 8, ""1"": 6, ""2"": 4, ""3"": 2, ""4"": 2, ""5"": 2, ""6"": 2}",,0.11524640140123665,0.008732141461223364,middle,8,beam_negamax_d6_w8-6-4-2__standard,0,6,7,7,recovery_streak_reset,False,7,0.3598091248422861,0.3598091248422861,46,6,0.21193058998323977,3072,9,2.959044650197029e-06,8,6008,0,47494,2.2415537387132645e-05,seed0_middle_t27,standard,0,0,0.12522955611348152,0.022586479084566236,11,0,0.0,caution,9,1.0,3.7125078961253166e-05,179.5,0,63→46,8,3,tuning,63,0.8995228121057153,0.4,False,27,False,False
beam_negamax,42095,8-6-4-2,"{""0"": 8, ""1"": 6, ""2"": 4, ""3"": 2, ""4"": 2, ""5"": 2, ""6"": 2}",,0.12350602564401925,0.009285348700359464,late,8,beam_negamax_d6_w8-6-4-2__standard,0,6,6,7,elapsed_ratio_high,True,7,0.4055078749079257,0.4055078749079257,12,6,0.2460498777218163,3072,32,4.875008016824722e-06,8,6008,0,48103,1.5916768461465836e-05,seed0_late_t49,standard,0,0,0.13416005694307387,0.0251863154117018,159,0,0.0,normal,32,1.0,9.083305485546589e-05,1103.7320588235293,0,11→12,8,4,tuning,11,1.0137696872698143,0.4,False,49,False,False
beam_negamax,25080,8-6-4-2,"{""0"": 8, ""1"": 6, ""2"": 4, ""3"": 2, ""4"": 2, ""5"": 2}",,0.06695174472406507,0.004648824222385883,early,8,beam_negamax_d6_w8-6-4-2__standard,0,6,6,6,recovery_wait,False,6,0.15809300006367266,0.15809300006367266,35,6,0.07432147208601236,1536,2284,0.00021408312022686005,8,2936,0,28016,2.9708025977015495e-05,seed1_early_t0,standard,0,1,0.06630843481980264,0.011334343114867806,10000,0,0.0,normal,2284,1.0,0.0058849588967859745,-508.5,1,4→35,8,0,tuning,4,0.39523250015918165,0.4,False,0,True,True
beam_negamax,26714,8-6-4-2,"{""0"": 8, ""1"": 6, ""2"": 4, ""3"": 2, ""4"": 2, ""5"": 2}",,0.07044461043551564,0.004803054500371218,early_pruning,8,beam_negamax_d6_w8-6-4-2__standard,0,6,6,6,recovery_wait,False,6,0.1828583749011159,0.1828583749011159,55,6,0.0945958320517093,1536,37,5.458947271108627e-06,8,2936,0,29650,1.4707911759614944e-05,seed1_early_pruning_t75,standard,0,2,0.0757546522654593,0.012388848699629307,129,0,0.0,normal,37,1.0,9.887502528727055e-05,-1104.6831818181818,1,2→55,8,1,tuning,2,0.45714593725278974,0.4,False,75,True,True
beam_negamax,25324,8-6-4-2,"{""0"": 8, ""1"": 6, ""2"": 4, ""3"": 2, ""4"": 2, ""5"": 2}",,0.0666308244690299,0.004660574719309807,middle,8,beam_negamax_d6_w8-6-4-2__standard,0,6,7,6,recovered,True,6,0.17634258302859962,0.17634258302859962,35,6,0.09244459890760481,1536,47,6.332993507385254e-06,8,2936,0,28260,1.3916054740548134e-05,seed1_middle_t120,standard,0,0,0.07174996985122561,0.01199784828349948,163,0,0.0,normal,47,1.0,0.00012991693802177906,-418.5,1,9→35,8,2,tuning,9,0.44085645757149905,0.4,False,120,True,True
beam_negamax,45508,8-6-4-2,"{""0"": 8, ""1"": 6, ""2"": 4, ""3"": 2, ""4"": 2, ""5"": 2, ""6"": 2}",,0.12306465371511877,0.008678817423060536,late,7,beam_negamax_d6_w8-6-4-2__standard,0,6,7,7,recovery_streak_reset,False,7,0.3329122920986265,0.3329122920986265,37,6,0.17793950950726867,2688,7,2.2922176867723465e-06,8,5257,0,50765,2.225092612206936e-05,seed1_late_t236,standard,0,0,0.13287052605301142,0.022051505278795958,8,0,0.0,caution,7,1.0,2.6208115741610527e-05,624.0,1,35→37,7,3,tuning,35,0.8322807302465662,0.4,False,236,True,False
beam_negamax,23407,8-6-4-2,"{""0"": 8, ""1"": 6, ""2"": 4, ""3"": 2, ""4"": 2, ""5"": 2}",,0.06227424810640514,0.004406687803566456,early,8,beam_negamax_d6_w8-6-4-2__aggressive,0,6,6,6,recovery_wait,False,6,0.1616649590432644,0.1616649590432644,35,6,0.08344307658262551,1536,2248,0.0002112078946083784,8,2936,0,26343,3.3542048186063766e-05,seed0_early_t0,aggressive,0,1,0.06144417775794864,0.010702162748202682,10000,0,0.0,normal,2248,1.0,0.00583079201169312,-379.5,0,1→35,8,0,tuning,1,0.2694415984054407,0.6,False,0,True,True
beam_negamax,21084,8-6-4-2,"{""0"": 8, ""1"": 6, ""2"": 4, ""3"": 2, ""4"": 2, ""5"": 2}",,0.06166475312784314,0.004790539853274822,few_legal,8,beam_negamax_d6_w8-6-4-2__aggressive,0,6,7,6,recovered,True,6,0.17188508389517665,0.17188508389517665,63,6,0.09273304976522923,1536,8,3.7499703466892242e-06,8,2936,0,24020,2.1416926756501198e-05,seed0_few_legal_t1,aggressive,0,0,0.06711760372854769,0.011967513477429748,10,0,0.0,caution,8,1.0,4.175002686679363e-05,-379.5,0,35→63,8,1,tuning,35,0.28647513982529443,0.6,False,1,True,True
beam_negamax,42270,8-6-4-2,"{""0"": 8, ""1"": 6, ""2"": 4, ""3"": 2, ""4"": 2, ""5"": 2, ""6"": 2}",,0.11780742066912353,0.008752078050747514,early_pruning,8,beam_negamax_d6_w8-6-4-2__aggressive,0,6,7,7,recovery_wait,False,7,0.34117299993522465,0.34117299993522465,58,6,0.19020987441763282,3072,37,8.207978680729866e-06,8,6008,0,48278,1.8625985831022263e-05,seed0_early_pruning_t17,aggressive,0,1,0.12777005950920284,0.023048024158924818,96,0,0.0,normal,37,1.0,0.00011820788495242596,309.5,0,28→58,8,2,tuning,28,0.5686216665587078,0.6,False,17,False,False
beam_negamax,41486,8-6-4-2,"{""0"": 8, ""1"": 6, ""2"": 4, ""3"": 2, ""4"": 2, ""5"": 2, ""6"": 2}",,0.1171616311185062,0.008495215326547623,middle,8,beam_negamax_d6_w8-6-4-2__aggressive,0,6,7,7,recovery_streak_reset,False,7,0.3632182499859482,0.3632182499859482,46,6,0.21313950163312256,3072,9,2.9169023036956787e-06,8,6008,0,47494,2.2249994799494743e-05,seed0_middle_t27,aggressive,0,0,0.12692992808297276,0.023092070361599326,11,0,0.0,caution,9,1.0,3.158301115036011e-05,179.5,0,63→46,8,3,tuning,63,0.6053637499765804,0.6,False,27,False,False
beam_negamax,42095,8-6-4-2,"{""0"": 8, ""1"": 6, ""2"": 4, ""3"": 2, ""4"": 2, ""5"": 2, ""6"": 2}",,0.13665410387329757,0.010915679624304175,late,8,beam_negamax_d6_w8-6-4-2__aggressive,0,6,7,7,recovery_streak_reset,False,7,0.45455437479540706,0.45455437479540706,12,6,0.2758055857848376,3072,32,7.916940376162529e-06,8,6008,0,48103,2.2207852452993393e-05,seed0_late_t49,aggressive,0,0,0.14953097165562212,0.029076192528009415,159,0,0.0,normal,32,1.0,0.00011150003410875797,1103.7320588235293,0,11→12,8,4,tuning,11,0.7575906246590118,0.6,False,49,False,False
beam_negamax,25080,8-6-4-2,"{""0"": 8, ""1"": 6, ""2"": 4, ""3"": 2, ""4"": 2, ""5"": 2}",,0.06563714356161654,0.0044940810184925795,early,8,beam_negamax_d6_w8-6-4-2__aggressive,0,6,6,6,recovery_wait,False,6,0.15529416617937386,0.15529416617937386,35,6,0.0731164887547493,1536,2284,0.0002132500521838665,8,2936,0,28016,2.7833040803670883e-05,seed1_early_t0,aggressive,0,1,0.06485073710791767,0.01121998205780983,10000,0,0.0,normal,2284,1.0,0.005865875165909529,-508.5,1,4→35,8,0,tuning,4,0.25882361029895645,0.6,False,0,True,True
beam_negamax,26714,8-6-4-2,"{""0"": 8, ""1"": 6, ""2"": 4, ""3"": 2, ""4"": 2, ""5"": 2}",,0.06919113337062299,0.004778752336278558,early_pruning,8,beam_negamax_d6_w8-6-4-2__aggressive,0,6,7,6,recovered,True,6,0.1809789170511067,0.1809789170511067,55,6,0.09388091135770082,1536,37,5.624955520033836e-06,8,2936,0,29650,3.258301876485348e-05,seed1_early_pruning_t75,aggressive,0,0,0.07448595622554421,0.01247967453673482,129,0,0.0,normal,37,1.0,9.416695684194565e-05,-1104.6831818181818,1,2→55,8,1,tuning,2,0.30163152841851115,0.6,False,75,True,True
beam_negamax,53571,8-6-4-2,"{""0"": 8, ""1"": 6, ""2"": 4, ""3"": 2, ""4"": 2, ""5"": 2, ""6"": 2}",,0.14157788478769362,0.009791837772354484,middle,8,beam_negamax_d6_w8-6-4-2__aggressive,0,6,7,7,recovery_streak_reset,False,7,0.38271358306519687,0.38271358306519687,35,6,0.20501710032112896,3072,47,7.3749106377363205e-06,8,6008,0,59579,2.2208085283637047e-05,seed1_middle_t120,aggressive,0,0,0.152520569274202,0.02500191330909729,163,0,0.0,normal,47,1.0,0.00014441716484725475,1272.4173913043478,1,9→35,8,2,tuning,9,0.6378559717753282,0.6,False,120,True,False
beam_negamax,45508,8-6-4-2,"{""0"": 8, ""1"": 6, ""2"": 4, ""3"": 2, ""4"": 2, ""5"": 2, ""6"": 2}",,0.12044173362664878,0.008286673109978437,late,7,beam_negamax_d6_w8-6-4-2__aggressive,0,6,7,7,recovery_wait,False,7,0.3260947910603136,0.3260947910603136,37,6,0.17455234355293214,2688,7,2.499902620911598e-06,8,5257,0,50765,2.1541258320212364e-05,seed1_late_t236,aggressive,0,1,0.1298032666090876,0.021689014742150903,8,0,0.0,caution,7,1.0,2.6124995201826096e-05,624.0,1,35→37,7,3,tuning,35,0.543491318433856,0.6,False,236,True,False
pvs,0,,{},8,0.039093478582799435,0.003278514137491584,early,8,pvs_d5_b8__fixed,359,5,5,5,adaptive_disabled,False,5,0.1500604161992669,0.1500604161992669,20,5,0.09867690736427903,1280,2248,0.00020620808936655521,5,1793,1258,16556,2.6166904717683792e-05,seed0_early_t0,fixed,14784,0,0.03685395116917789,0.00858143251389265,10000,21,0.016693163751987282,normal,2248,1.0,0.005715750157833099,449.5,0,20→20,8,0,tuning,20,0.1500604161992669,1.0,False,0,True,True
pvs,0,,{},8,0.04087737505324185,0.004272380145266652,few_legal,8,pvs_d5_b8__fixed,423,5,5,5,adaptive_disabled,False,5,0.16729812510311604,0.16729812510311604,32,5,0.11085454910062253,1228,8,2.4170149117708206e-06,5,1779,1214,14557,7.237517274916172e-05,seed0_few_legal_t1,fixed,12791,0,0.045542417792603374,0.010798824019730091,10,13,0.01070840197693575,caution,8,1.0,2.7542002499103546e-05,419.5,0,35→32,8,1,tuning,35,0.16729812510311604,1.0,False,1,True,True
pvs,0,,{},8,0.03381600952707231,0.0031807583291083574,early_pruning,8,pvs_d5_b8__fixed,397,5,5,5,adaptive_disabled,False,5,0.15142945805564523,0.15142945805564523,58,5,0.10486244992353022,1385,37,7.791910320520401e-06,5,1917,1364,13894,1.979130320250988e-05,seed0_early_pruning_t17,fixed,11997,0,0.03711838414892554,0.009302665945142508,96,20,0.01466275659824047,normal,37,1.0,0.00011837482452392578,369.5,0,28→58,8,2,tuning,28,0.15142945805564523,1.0,False,17,True,True
pvs,0,,{},8,0.031181101454421878,0.003060863586142659,middle,8,pvs_d5_b8__fixed,275,5,5,5,adaptive_disabled,False,5,0.12160824984312057,0.12160824984312057,46,5,0.07940336526371539,811,9,3.500143066048622e-06,5,1181,805,10673,2.4499837309122086e-05,seed0_middle_t27,fixed,9416,0,0.03446287219412625,0.007672637468203902,11,5,0.006211180124223602,caution,9,1.0,4.137493669986725e-05,209.5,0,63→46,8,3,tuning,63,0.12160824984312057,1.0,False,27,True,True
pvs,0,,{},8,0.026306153973564506,0.0024402355775237083,late,8,pvs_d5_b8__fixed,348,5,5,5,adaptive_disabled,False,5,0.13453175011090934,0.13453175011090934,46,5,0.09755934868007898,1317,32,5.249865353107452e-06,5,1788,1309,10856,1.7458340153098106e-05,seed0_late_t49,fixed,9052,0,0.02884096116758883,0.00798369012773037,159,7,0.0053475935828877,normal,32,1.0,0.00012504193000495434,308.0,0,11→46,8,4,tuning,11,0.13453175011090934,1.0,False,49,True,True
pvs,0,,{},8,0.037727281684055924,0.003274106653407216,early,8,pvs_d5_b8__fixed,308,5,5,5,adaptive_disabled,False,5,0.1390351669397205,0.1390351669397205,35,5,0.08897863561287522,1013,2284,0.00021612504497170448,5,1442,1004,13832,3.166799433529377e-05,seed1_early_t0,fixed,12398,0,0.0352146418299526,0.008557805558666587,10000,8,0.00796812749003984,normal,2284,1.0,0.0060362908989191055,708.5,1,4→35,8,0,tuning,4,0.1390351669397205,1.0,False,0,True,True
pvs,0,,{},8,0.053777567110955715,0.004868629854172468,early_pruning,8,pvs_d5_b8__fixed,633,5,5,5,adaptive_disabled,False,5,0.2214580411091447,0.2214580411091447,55,5,0.1489213618915528,1897,37,5.791895091533661e-06,5,2741,1870,22490,1.6874168068170547e-05,seed1_early_pruning_t75,fixed,19760,0,0.05889825941994786,0.013510961784049869,129,26,0.013903743315508022,normal,37,1.0,0.00010479195043444633,664.0,1,2→55,8,1,tuning,2,0.2214580411091447,1.0,False,75,True,True
pvs,0,,{},8,0.0281802318058908,0.0025381995365023613,middle,8,pvs_d5_b8__fixed,336,5,5,5,adaptive_disabled,False,5,0.1248140421230346,0.1248140421230346,35,5,0.08621107903309166,1098,47,7.832888513803482e-06,5,1566,1089,11518,1.3418029993772507e-05,seed1_middle_t120,fixed,9929,0,0.030779576860368252,0.007675969274714589,163,8,0.0073461891643709825,normal,47,1.0,0.00012616603635251522,1094.0647727272728,1,9→35,8,2,tuning,9,0.1248140421230346,1.0,False,120,True,True
pvs,0,,{},8,0.026714881183579564,0.0024149585515260696,late,7,pvs_d5_b8__fixed,341,5,5,5,adaptive_disabled,False,5,0.10604174993932247,0.10604174993932247,37,5,0.0706746056675911,827,7,2.5408808141946793e-06,5,1274,818,11416,2.1500280126929283e-05,seed1_late_t236,fixed,10110,0,0.02927794912829995,0.00603757007047534,8,8,0.009779951100244499,caution,7,1.0,2.7583912014961243e-05,624.0,1,35→37,7,3,tuning,35,0.10604174993932247,1.0,False,236,True,True
pvs,0,,{},8,0.042592115234583616,0.003857568372040987,early,8,pvs_d5_b8__conservative,359,5,5,5,recovery_streak_reset,False,5,0.16433145804330707,0.16433145804330707,20,5,0.10749703366309404,1280,2248,0.00020104204304516315,6,1793,1258,16556,2.9248883947730064e-05,seed0_early_t0,conservative,14784,0,0.0409591319039464,0.009856126504018903,10000,21,0.016693163751987282,normal,2248,1.0,0.0057888750452548265,449.5,0,20→20,8,0,tuning,20,0.6573258321732283,0.25,False,0,True,True
pvs,0,,{},8,0.035035580629482865,0.003200134728103876,few_legal,8,pvs_d5_b8__conservative,423,5,5,5,recovery_streak_reset,False,5,0.13735299999825656,0.13735299999825656,32,5,0.09058183594606817,1228,8,2.541113644838333e-06,6,1779,1214,14557,2.483394928276539e-05,seed0_few_legal_t1,conservative,12791,0,0.03842074051499367,0.008290715515613556,10,13,0.01070840197693575,caution,8,1.0,3.233295865356922e-05,419.5,0,35→32,8,1,tuning,35,0.5494119999930263,0.25,False,1,True,True
pvs,0,,{},8,0.032709332183003426,0.0029733588453382254,early_pruning,8,pvs_d5_b8__conservative,397,5,5,5,recovery_streak_reset,False,5,0.14705545897595584,0.14705545897595584,58,5,0.1023455432150513,1385,37,4.875008016824722e-06,6,1917,1364,13894,1.5000812709331512e-05,seed0_early_pruning_t17,conservative,11997,0,0.03578544221818447,0.008801305666565895,96,20,0.01466275659824047,normal,37,1.0,0.0001032920554280281,369.5,0,28→58,8,2,tuning,28,0.5882218359038234,0.25,False,17,True,True
pvs,0,,{},8,0.02533171884715557,0.0021785844583064318,middle,8,pvs_d5_b8__conservative,275,5,5,5,recovery_wait,False,5,0.09891666704788804,0.09891666704788804,46,5,0.06549268285743892,811,9,3.4580007195472717e-06,6,1181,805,10673,2.1916814148426056e-05,seed0_middle_t27,conservative,9416,1,0.027616262203082442,0.005736139137297869,11,5,0.006211180124223602,caution,9,1.0,4.6208035200834274e-05,209.5,0,63→46,8,3,tuning,63,0.39566666819155216,0.25,False,27,True,True
pvs,0,,{},8,0.026027611456811428,0.002419856609776616,late,8,pvs_d5_b8__conservative,348,5,5,5,recovery_streak_reset,False,5,0.1331662500742823,0.1331662500742823,46,5,0.096883375197649,1317,32,4.250090569257736e-06,6,1788,1309,10856,1.5458092093467712e-05,seed0_late_t49,conservative,9052,0,0.028544173343107104,0.007626201491802931,159,7,0.0053475935828877,normal,32,1.0,9.27918590605259e-05,308.0,0,11→46,8,4,tuning,11,0.5326650002971292,0.25,False,49,True,True
pvs,0,,{},8,0.032480919966474175,0.002691691042855382,early,8,pvs_d5_b8__conservative,308,5,5,5,recovery_streak_reset,False,5,0.11597633291967213,0.11597633291967213,35,5,0.07367822574451566,1013,2284,0.0002145830076187849,6,1442,1004,13832,3.0291033908724785e-05,seed1_early_t0,conservative,12398,0,0.029410588555037975,0.006722102640196681,10000,8,0.00796812749003984,normal,2284,1.0,0.005920541938394308,708.5,1,4→35,8,0,tuning,4,0.4639053316786885,0.25,False,0,True,True
pvs,0,,{},8,0.05192118231207132,0.004691603127866983,early_pruning,8,pvs_d5_b8__conservative,633,5,4,5,elapsed_ratio_high,True,5,0.21621233294717968,0.21621233294717968,55,5,0.14635420660488307,1897,37,5.082925781607628e-06,6,2741,1870,22490,1.458427868783474e-05,seed1_early_pruning_t75,conservative,19760,0,0.05684393853880465,0.012900895671918988,129,26,0.013903743315508022,normal,37,1.0,9.362492710351944e-05,664.0,1,2→55,8,1,tuning,2,0.8648493317887187,0.25,False,75,True,True
pvs,0,,{},8,0.008837345521897078,0.0007768787909299135,middle,8,pvs_d5_b8__conservative,106,5,4,4,recovery_wait,False,4,0.02918575005605817,0.02918575005605817,35,5,0.01768617774359882,261,47,5.833106115460396e-06,6,396,252,3693,1.3665994629263878e-05,seed1_middle_t120,conservative,3300,1,0.009543405380100012,0.001810750924050808,163,8,0.031746031746031744,normal,47,1.0,0.00012591690756380558,-644.0,1,9→35,8,2,tuning,9,0.11674300022423267,0.25,False,120,True,False
pvs,0,,{},8,0.015942741651088,0.0014494105707854033,late,7,pvs_d5_b8__conservative,187,5,4,4,recovery_wait,False,4,0.0841825408861041,0.0841825408861041,4,5,0.061986406333744526,730,7,2.9578804969787598e-06,6,1006,714,6508,2.6875175535678864e-05,seed1_late_t236,conservative,5501,2,0.017475102562457323,0.0046618240885436535,8,15,0.02100840336134454,caution,7,1.0,2.9374845325946808e-05,-1122.2011764705883,1,35→4,7,3,tuning,35,0.3367301635444164,0.25,False,236,False,False
pvs,0,,{},8,0.05227894498966634,0.005471149925142527,early,8,pvs_d5_b8__standard,359,5,5,5,recovery_streak_reset,False,5,0.2152205421589315,0.2152205421589315,20,5,0.1428873857948929,1280,2248,0.00020866701379418373,7,1793,1258,16556,6.420793943107128e-05,seed0_early_t0,standard,14784,0,0.05209846771322191,0.013828771654516459,10000,21,0.016693163751987282,normal,2248,1.0,0.0061330420430749655,449.5,0,20→20,8,0,tuning,20,0.5380513553973287,0.4,False,0,True,True
pvs,0,,{},8,0.04023565608076751,0.003999366192147136,few_legal,8,pvs_d5_b8__standard,423,5,5,5,recovery_wait,False,5,0.16026020795106888,0.16026020795106888,32,5,0.10549011407420039,1228,8,1.0791933164000511e-05,7,1779,1214,14557,3.666616976261139e-05,seed0_few_legal_t1,standard,12791,1,0.04448115639388561,0.010156479431316257,10,13,0.01070840197693575,caution,8,1.0,8.499994874000549e-05,419.5,0,35→32,8,1,tuning,35,0.4006505198776722,0.4,False,1,True,True
pvs,0,,{},8,0.033463907428085804,0.003071650629863143,early_pruning,8,pvs_d5_b8__standard,397,5,5,5,recovery_wait,False,5,0.14972395892255008,0.14972395892255008,58,5,0.10391892935149372,1385,37,6.332993507385254e-06,7,1917,1364,13894,1.925090327858925e-05,seed0_early_pruning_t17,standard,11997,2,0.03667682036757469,0.00899162539280951,96,20,0.01466275659824047,normal,37,1.0,0.00011099991388618946,369.5,0,28→58,8,2,tuning,28,0.3743098973063752,0.4,False,17,True,True
pvs,0,,{},8,0.025972647359594703,0.002162279561161995,middle,8,pvs_d5_b8__standard,275,5,6,5,recovered,True,5,0.1003892079461366,0.1003892079461366,46,5,0.06640696083195508,811,9,2.416083589196205e-06,7,1181,805,10673,1.7416896298527718e-05,seed0_middle_t27,standard,9416,0,0.028257636353373528,0.005675027845427394,11,5,0.006211180124223602,caution,9,1.0,2.9749935492873192e-05,209.5,0,63→46,8,3,tuning,63,0.2509730198653415,0.4,False,27,True,True
pvs,0,,{},8,0.11159732542000711,0.010120349703356624,late,8,pvs_d5_b8__standard,1562,5,5,6,elapsed_ratio_high,True,6,0.5337042498867959,0.5337042498867959,46,5,0.38038217672146857,5354,32,4.458939656615257e-06,7,7302,5342,46639,1.4208024367690086e-05,seed0_late_t49,standard,39209,0,0.12240025401115417,0.030814277241006494,159,11,0.0020591538749532012,normal,32,1.0,8.887494914233685e-05,-308.0,0,11→46,8,4,tuning,11,1.3342606247169897,0.4,False,49,True,False
pvs,0,,{},8,0.0324874073266983,0.002674729097634554,early,8,pvs_d5_b8__standard,308,5,5,5,recovery_wait,False,5,0.1161976670846343,0.1161976670846343,35,5,0.07395049463957548,1013,2284,0.0002015829086303711,7,1442,1004,13832,2.7292175218462944e-05,seed1_early_t0,standard,12398,1,0.029506097780540586,0.0067001155111938715,10000,8,0.00796812749003984,normal,2284,1.0,0.005812084069475532,708.5,1,4→35,8,0,tuning,4,0.29049416771158576,0.4,False,0,True,True
pvs,0,,{},8,0.0522640710696578,0.004615371348336339,early_pruning,8,pvs_d5_b8__standard,633,5,5,5,recovery_streak_reset,False,5,0.21607741713523865,0.21607741713523865,55,5,0.14613617467693985,1897,37,4.958128556609154e-06,7,2741,1870,22490,1.3625947758555412e-05,seed1_early_pruning_t75,standard,19760,0,0.05709971999749541,0.012724313419312239,129,26,0.013903743315508022,normal,37,1.0,9.862496517598629e-05,664.0,1,2→55,8,1,tuning,2,0.5401935428380966,0.4,False,75,True,True
pvs,0,,{},8,0.027000298956409097,0.0024538871366530657,middle,8,pvs_d5_b8__standard,336,5,5,5,recovery_wait,False,5,0.12038625008426607,0.12038625008426607,35,5,0.08340442855842412,1098,47,6.084097549319267e-06,7,1566,1089,11518,1.2541189789772034e-05,seed1_middle_t120,standard,9929,1,0.029501756886020303,0.0073298143688589334,163,8,0.0073461891643709825,normal,47,1.0,0.00013162498362362385,1094.0647727272728,1,9→35,8,2,tuning,9,0.30096562521066517,0.4,False,120,True,True
pvs,0,,{},8,0.026860992424190044,0.0023765298537909985,late,7,pvs_d5_b8__standard,341,5,5,5,recovery_wait,False,5,0.10619029100053012,0.10619029100053012,37,5,0.07077488768845797,827,7,2.334127202630043e-06,7,1274,818,11416,1.9788509234786034e-05,seed1_late_t236,standard,10110,2,0.02938646380789578,0.0059801077004522085,8,8,0.009779951100244499,caution,7,1.0,2.6709167286753654e-05,624.0,1,35→37,7,3,tuning,35,0.2654757275013253,0.4,False,236,True,True
pvs,0,,{},8,0.03922964073717594,0.0032440281938761473,early,8,pvs_d5_b8__aggressive,359,5,5,5,recovery_wait,False,5,0.14994987496174872,0.14994987496174872,20,5,0.09854134917259216,1280,2248,0.000201541930437088,7,1793,1258,16556,2.6624882593750954e-05,seed0_early_t0,aggressive,14784,1,0.03694757889024913,0.008504780009388924,10000,21,0.016693163751987282,normal,2248,1.0,0.00572800007648766,449.5,0,20→20,8,0,tuning,20,0.2499164582695812,0.6,False,0,True,True
pvs,0,,{},8,0.03443179908208549,0.0030947881750762463,few_legal,8,pvs_d5_b8__aggressive,423,5,6,5,recovered,True,5,0.1344609169755131,0.1344609169755131,32,5,0.088721425505355,1228,8,2.500135451555252e-06,7,1779,1214,14557,1.937500201165676e-05,seed0_few_legal_t1,aggressive,12791,0,0.03770427010022104,0.007983429357409477,10,13,0.01070840197693575,caution,8,1.0,2.9916875064373016e-05,419.5,0,35→32,8,1,tuning,35,0.22410152829252183,0.6,False,1,True,True
pvs,0,,{},8,0.09617067198269069,0.008557328954339027,early_pruning,8,pvs_d5_b8__aggressive,1177,5,6,6,recovery_streak_reset,False,6,0.3935014591552317,0.3935014591552317,63,5,0.2644137921743095,3724,37,5.250098183751106e-06,7,5217,3703,40776,1.3834098353981972e-05,seed0_early_pruning_t17,aggressive,35579,0,0.10522110783495009,0.023739516967907548,96,20,0.0054010261949770455,normal,37,1.0,0.00010795798152685165,-339.5,0,28→63,8,2,tuning,28,0.6558357652587196,0.6,False,17,False,False
pvs,0,,{},8,0.06884673656895757,0.005835176212713122,middle,8,pvs_d5_b8__aggressive,756,5,6,6,recovery_wait,False,6,0.31306179193779826,0.31306179193779826,46,5,0.21982117695733905,2797,9,2.291053533554077e-06,7,3877,2782,29484,1.8751714378595352e-05,seed0_middle_t27,aggressive,25385,1,0.07507458166219294,0.018115282524377108,11,14,0.0050323508267433505,caution,9,1.0,2.9708025977015495e-05,-308.0,0,63→46,8,3,tuning,63,0.5217696532296638,0.6,False,27,True,False
pvs,0,,{},8,0.11058902670629323,0.01009201304987073,late,8,pvs_d5_b8__aggressive,1562,5,6,6,recovery_streak_reset,False,6,0.528463208116591,0.528463208116591,46,5,0.3759304969571531,5354,32,1.454097218811512e-05,7,7302,5342,46639,1.5041092410683632e-05,seed0_late_t49,aggressive,39209,0,0.12132990267127752,0.03108389233238995,159,11,0.0020591538749532012,normal,32,1.0,8.933409117162228e-05,-308.0,0,11→46,8,4,tuning,11,0.8807720135276517,0.6,False,49,True,False
pvs,0,,{},8,0.032893787836655974,0.002748234197497368,early,8,pvs_d5_b8__aggressive,308,5,5,5,recovery_wait,False,5,0.11814845912158489,0.11814845912158489,35,5,0.07517971890047193,1013,2284,0.00020587490871548653,7,1442,1004,13832,2.8792303055524826e-05,seed1_early_t0,aggressive,12398,1,0.029962009517475963,0.0069226466584950686,10000,8,0.00796812749003984,normal,2284,1.0,0.005849416833370924,708.5,1,4→35,8,0,tuning,4,0.19691409853597483,0.6,False,0,True,True
pvs,0,,{},8,0.052606031531468034,0.0047141131944954395,early_pruning,8,pvs_d5_b8__aggressive,633,5,6,5,recovered,True,5,0.21734433411620557,0.21734433411620557,55,5,0.14677738538011909,1897,37,5.208887159824371e-06,7,2741,1870,22490,1.4875084161758423e-05,seed1_early_pruning_t75,aggressive,19760,0,0.05754324235022068,0.01290749735198915,129,26,0.013903743315508022,normal,37,1.0,9.612506255507469e-05,664.0,1,2→55,8,1,tuning,2,0.3622405568603426,0.6,False,75,True,True
pvs,0,,{},8,0.08325147372670472,0.007589694578200579,middle,8,pvs_d5_b8__aggressive,972,5,6,6,recovery_wait,False,6,0.28052775003015995,0.28052775003015995,35,5,0.17225732188671827,2216,47,5.95790334045887e-06,7,3454,2199,34317,1.4042248949408531e-05,seed1_middle_t120,aggressive,30785,1,0.09122914308682084,0.016899409936740994,163,16,0.007276034561164165,normal,47,1.0,0.0001218749675899744,-644.0,1,9→35,8,2,tuning,9,0.4675462500502666,0.6,False,120,True,False
pvs,0,,{},8,0.10972312022931874,0.01011434756219387,late,7,pvs_d5_b8__aggressive,1376,5,6,6,recovery_streak_reset,False,6,0.49364100000821054,0.49364100000821054,37,5,0.3442589424084872,4174,7,2.4170149117708206e-06,7,6059,4140,46166,2.1292129531502724e-05,seed1_late_t236,aggressive,39968,0,0.12059396598488092,0.02874021651223302,8,33,0.007971014492753623,caution,7,1.0,2.4165958166122437e-05,-624.0,1,35→37,7,3,tuning,35,0.8227350000136843,0.6,False,236,True,False
