config_id,agent,depth,initial_depth,max_depth,target_time_sec,branch_limit,beam_widths,profile,position_id,seed,split,category,turn,sequence_index,remaining_word_count,legal_edge_count,risk_level,selected_edge,start_id,end_id,score,elapsed_time_sec,elapsed_ratio,target_elapsed_ratio,timed_out,nodes_searched,leaf_evaluations,ordering_evaluations,root_candidate_count,selected_root_candidate_count,completed_root_moves,root_completion_rate,effective_depth,depth_before,depth_after,depth_changed,depth_change_reason,recovery_streak,cutoff_count,pruned_move_count,beam_pruned_move_count,null_window_searches,research_count,research_rate,beam_widths_used,legal_move_generation_time_sec,candidate_evaluation_time_sec,candidate_sort_time_sec,root_ordering_time_sec,recursive_ordering_time_sec,leaf_evaluation_time_sec,recursive_other_time_sec,other_time_sec,max_depth_fixed_move_agreement,max_depth_fixed_score_agreement
alpha_beta_d5_b8__fixed,alpha_beta,5,5,5,1.0,8,,fixed,seed0_early_t0,0,tuning,early,0,0,5000,1686,normal,1→35,1,35,597.0,0.1358422499615699,0.1358422499615699,0.1358422499615699,False,1683,1288,8542,1686,8,8,1.0,5,5,5,False,adaptive_disabled,0,246,6852,0,0,0,0.0,{},0.00016679195687174797,0.022762481123209,0.0024172852281481028,0.004238875117152929,0.021193404216319323,0.10178940393961966,0.00839969189837575,5.408283323049545e-05,True,True
alpha_beta_d5_b8__fixed,alpha_beta,5,5,5,1.0,8,,fixed,seed0_few_legal_t6,0,tuning,few_legal,6,1,2,2,critical,35→32,35,32,597.0,0.04474141588434577,0.04474141588434577,0.04474141588434577,False,720,521,4069,2,2,2,1.0,5,5,5,False,adaptive_disabled,0,142,3346,0,0,0,0.0,{},1.916196197271347e-06,0.009854307398200035,0.0009859942365437746,1.1416850611567497e-05,0.010910783195868134,0.030893707182258368,0.0028573425952345133,6.624986417591572e-05,True,True
alpha_beta_d5_b8__fixed,alpha_beta,5,5,5,1.0,8,,fixed,seed0_early_pruning_t17,0,tuning,early_pruning,17,2,44,26,normal,28→60,28,60,797.0,0.09715074999257922,0.09715074999257922,0.09715074999257922,False,1204,809,7698,26,8,8,1.0,5,5,5,False,adaptive_disabled,0,277,6493,0,0,0,0.0,{},5.166977643966675e-06,0.018354750936850905,0.0017854543402791023,7.924996316432953e-05,0.020212139701470733,0.07217020425014198,0.004669031128287315,1.49579718708992e-05,True,True
alpha_beta_d5_b8__fixed,alpha_beta,5,5,5,1.0,8,,fixed,seed0_middle_t27,0,tuning,middle,27,3,2,2,critical,63→63,63,63,827.0,0.010871458798646927,0.010871458798646927,0.010871458798646927,False,191,124,970,2,2,2,1.0,5,5,5,False,adaptive_disabled,0,27,779,0,0,0,0.0,{},1.875218003988266e-06,0.0024128747172653675,0.00024079321883618832,1.3124896213412285e-05,0.0026615834794938564,0.007400621194392443,0.0007768783252686262,1.7375685274600983e-05,True,True
alpha_beta_d5_b8__fixed,alpha_beta,5,5,5,1.0,8,,fixed,seed0_late_t49,0,tuning,late,49,4,78,23,normal,11→28,11,28,999995.0,0.023864082992076874,0.023864082992076874,0.023864082992076874,False,462,205,3810,23,8,8,1.0,5,5,5,False,adaptive_disabled,0,121,3348,0,0,0,0.0,{},4.666857421398163e-06,0.009102967102080584,0.0008819506037980318,7.120892405509949e-05,0.009974445216357708,0.012014333857223392,0.001787679037079215,1.174909994006157e-05,True,True
alpha_beta_d5_b8__fixed,alpha_beta,5,5,5,1.0,8,,fixed,seed1_early_t0,1,tuning,early,0,0,5000,1678,normal,13→35,13,35,758.5,0.05860708304680884,0.05860708304680884,0.05860708304680884,False,774,557,5346,1678,8,8,1.0,5,5,5,False,adaptive_disabled,0,121,4506,0,0,0,0.0,{},0.00017674989067018032,0.012722069164738059,0.0010182003024965525,0.004167875042185187,0.009658904979005456,0.04155890899710357,0.00301822810433805,2.6416033506393433e-05,True,True
alpha_beta_d5_b8__fixed,alpha_beta,5,5,5,1.0,8,,fixed,seed1_early_pruning_t75,1,tuning,early_pruning,75,1,66,29,normal,2→12,2,12,788.0,0.3134737501386553,0.3134737501386553,0.3134737501386553,False,4420,3158,22182,29,8,8,1.0,5,5,5,False,adaptive_disabled,0,904,17629,0,0,0,0.0,{},6.00004568696022e-06,0.05244574509561062,0.005327275488525629,9.020790457725525e-05,0.0581946293823421,0.2387652702163905,0.016402642475441098,1.500011421740055e-05,False,False
alpha_beta_d5_b8__fixed,alpha_beta,5,5,5,1.0,8,,fixed,seed1_middle_t120,1,tuning,middle,120,2,90,37,normal,9→49,9,49,768.0,0.05539616709575057,0.05539616709575057,0.05539616709575057,False,888,619,4730,37,8,8,1.0,5,5,5,False,adaptive_disabled,0,145,3783,0,0,0,0.0,{},5.541834980249405e-06,0.011172193102538586,0.0011735474690794945,0.00011012516915798187,0.012358531821519136,0.03941567172296345,0.003492171410471201,1.4125136658549309e-05,True,True
alpha_beta_d5_b8__fixed,alpha_beta,5,5,5,1.0,8,,fixed,seed1_few_legal_t121,1,tuning,few_legal,121,3,4,2,critical,20→2,20,2,667.0,0.045009708032011986,0.045009708032011986,0.045009708032011986,False,733,522,3949,2,2,2,1.0,5,5,5,False,adaptive_disabled,0,145,3193,0,0,0,0.0,{},1.7920974642038345e-06,0.009487762115895748,0.0009747769217938185,1.0249903425574303e-05,0.010539105860516429,0.03157437243498862,0.0028161886148154736,6.799912080168724e-05,True,True
alpha_beta_d5_b8__fixed,alpha_beta,5,5,5,1.0,8,,fixed,seed1_late_t236,1,tuning,late,236,4,4,3,danger,35→63,35,63,-999996.0,0.000831458019092679,0.000831458019092679,0.000831458019092679,False,23,6,224,3,3,3,1.0,5,5,5,False,adaptive_disabled,0,10,194,0,0,0,0.0,{},1.8749851733446121e-06,0.0005292929708957672,5.366583354771137e-05,1.454213634133339e-05,0.0005760826170444489,0.00013187527656555176,8.758413605391979e-05,1.949886791408062e-05,True,True
alpha_beta_d5_b8__conservative,alpha_beta,5,5,6,0.25,8,,conservative,seed0_early_t0,0,tuning,early,0,0,5000,1686,normal,1→35,1,35,597.0,0.10968758398666978,0.10968758398666978,0.4387503359466791,False,1683,1288,8542,1686,8,8,1.0,5,5,5,False,recovery_streak_reset,0,246,6852,0,0,0,0.0,{},0.00016445806249976158,0.020452729193493724,0.0018434030935168266,0.004149707965552807,0.01830253889784217,0.08038269286043942,0.006659601116552949,2.8585083782672882e-05,True,True
alpha_beta_d5_b8__conservative,alpha_beta,5,5,6,0.25,8,,conservative,seed0_few_legal_t6,0,tuning,few_legal,6,1,2,2,critical,35→32,35,32,597.0,0.04429874988272786,0.04429874988272786,0.17719499953091145,False,720,521,4069,2,2,2,1.0,5,5,5,False,recovery_wait,1,142,3346,0,0,0,0.0,{},1.2908130884170532e-06,0.009804852306842804,0.0009550834074616432,9.499955922365189e-06,0.010825938545167446,0.030637508258223534,0.0027622622437775135,6.225006654858589e-05,True,True
alpha_beta_d5_b8__conservative,alpha_beta,5,5,6,0.25,8,,conservative,seed0_early_pruning_t17,0,tuning,early_pruning,17,2,44,26,normal,28→60,28,60,797.0,0.09798024990595877,0.09798024990595877,0.3919209996238351,False,1204,809,7698,26,8,8,1.0,5,5,5,False,recovery_wait,2,277,6493,0,0,0,0.0,{},5.499925464391708e-06,0.018560240510851145,0.0018350593745708466,8.629192598164082e-05,0.02046250505372882,0.07276903674937785,0.004641208332031965,1.5707919374108315e-05,True,True
alpha_beta_d5_b8__conservative,alpha_beta,5,5,6,0.25,8,,conservative,seed0_middle_t27,0,tuning,middle,27,3,2,2,critical,63→63,63,63,827.0,0.01080116699449718,0.01080116699449718,0.04320466797798872,False,191,124,970,2,2,2,1.0,5,5,6,True,recovered,0,27,779,0,0,0,0.0,{},1.375097781419754e-06,0.00242029526270926,0.0002485828008502722,1.1165859177708626e-05,0.00267966091632843,0.007322611985728145,0.000768519239500165,1.7833895981311798e-05,True,True
alpha_beta_d5_b8__conservative,alpha_beta,5,5,6,0.25,8,,conservative,seed0_late_t49,0,tuning,late,49,4,78,23,normal,11→28,11,28,999995.0,0.05904949991963804,0.05904949991963804,0.23619799967855215,False,1149,420,10152,23,8,8,1.0,6,6,6,False,at_max_depth,0,369,9003,0,0,0,0.0,{},3.4999102354049683e-06,0.024962281808257103,0.0024904883466660976,6.550014950335026e-05,0.027580643305554986,0.026692424435168505,0.004694849252700806,1.2582866474986076e-05,True,True
alpha_beta_d5_b8__conservative,alpha_beta,5,5,6,0.25,8,,conservative,seed1_early_t0,1,tuning,early,0,0,5000,1678,normal,13→35,13,35,758.5,0.06014237506315112,0.06014237506315112,0.24056950025260448,False,774,557,5346,1678,8,8,1.0,5,5,5,False,recovery_wait,1,121,4506,0,0,0,0.0,{},0.00016112509183585644,0.013100188691169024,0.0010896604508161545,0.0043497090227901936,0.009933069813996553,0.04247012338601053,0.003200348699465394,2.7999049052596092e-05,True,True
alpha_beta_d5_b8__conservative,alpha_beta,5,5,6,0.25,8,,conservative,seed1_early_pruning_t75,1,tuning,early_pruning,75,1,66,29,normal,2→12,2,12,788.0,0.3079393340740353,0.3079393340740353,1.2317573362961411,False,4420,3158,22182,29,8,8,1.0,5,5,4,True,elapsed_ratio_high,0,904,17629,0,0,0,0.0,{},4.37488779425621e-06,0.05144475121051073,0.005229354137554765,7.9666031524539e-05,0.05706252274103463,0.23483945126645267,0.015940650831907988,1.2668315321207047e-05,False,False
alpha_beta_d5_b8__conservative,alpha_beta,5,5,6,0.25,8,,conservative,seed1_middle_t120,1,tuning,middle,120,2,90,37,normal,9→20,9,20,-768.0,0.017428750172257423,0.017428750172257423,0.0697150006890297,False,289,186,2044,37,8,8,1.0,4,4,4,False,recovery_wait,1,76,1742,0,0,0,0.0,{},4.749977961182594e-06,0.004784758202731609,0.00047194957733154297,0.0001027500256896019,0.005192658398300409,0.011043540900573134,0.0010733427479863167,1.1708121746778488e-05,False,False
alpha_beta_d5_b8__conservative,alpha_beta,5,5,6,0.25,8,,conservative,seed1_few_legal_t121,1,tuning,few_legal,121,3,4,2,critical,20→2,20,2,-667.0,0.013384625082835555,0.013384625082835555,0.05353850033134222,False,219,167,1008,2,2,2,1.0,4,4,4,False,recovery_wait,2,28,782,0,0,0,0.0,{},1.0409858077764511e-06,0.0023577918764203787,0.00024166423827409744,6.458954885601997e-06,0.002612910233438015,0.009894467191770673,0.0008086645975708961,6.10831193625927e-05,True,False
alpha_beta_d5_b8__conservative,alpha_beta,5,5,6,0.25,8,,conservative,seed1_late_t236,1,tuning,late,236,4,4,3,danger,35→63,35,63,-999996.0,0.0006500838790088892,0.0006500838790088892,0.002600335516035557,False,17,8,144,3,3,3,1.0,4,4,5,True,recovered,0,3,122,0,0,0,0.0,{},1.1669471859931946e-06,0.0003289170563220978,3.1499890610575676e-05,1.1165859177708626e-05,0.0003535831347107887,0.000206248601898551,6.154319271445274e-05,1.637614332139492e-05,True,True
alpha_beta_d5_b8__standard,alpha_beta,5,5,7,0.4,8,,standard,seed0_early_t0,0,tuning,early,0,0,5000,1686,normal,1→35,1,35,597.0,0.1086828748229891,0.1086828748229891,0.27170718705747277,False,1683,1288,8542,1686,8,8,1.0,5,5,5,False,recovery_wait,1,246,6852,0,0,0,0.0,{},0.0001682080328464508,0.020312714856117964,0.0017888739239424467,0.0041596251539886,0.01808726624585688,0.07978451461531222,0.006457844050601125,2.5416724383831024e-05,True,True
alpha_beta_d5_b8__standard,alpha_beta,5,5,7,0.4,8,,standard,seed0_few_legal_t6,0,tuning,few_legal,6,1,2,2,critical,35→32,35,32,597.0,0.04337587486952543,0.04337587486952543,0.10843968717381358,False,720,521,4069,2,2,2,1.0,5,5,5,False,recovery_wait,2,142,3346,0,0,0,0.0,{},1.250067725777626e-06,0.009634680347517133,0.0009379016701132059,9.666895493865013e-06,0.010636983904987574,0.030009171226993203,0.0026605529710650444,5.824980325996876e-05,True,True
alpha_beta_d5_b8__standard,alpha_beta,5,5,7,0.4,8,,standard,seed0_early_pruning_t17,0,tuning,early_pruning,17,2,44,26,normal,28→60,28,60,797.0,0.09555470803752542,0.09555470803752542,0.23888677009381354,False,1204,809,7698,26,8,8,1.0,5,5,6,True,recovered,0,277,6493,0,0,0,0.0,{},3.4999102354049683e-06,0.01801205170340836,0.001729623880237341,7.291696965694427e-05,0.019813935505226254,0.07126034144312143,0.0043925149366259575,1.1499272659420967e-05,True,True
alpha_beta_d5_b8__standard,alpha_beta,5,5,7,0.4,8,,standard,seed0_middle_t27,0,tuning,middle,27,3,2,2,critical,63→63,63,63,-797.0,0.04449100000783801,0.04449100000783801,0.11122750001959503,False,865,572,5040,2,2,2,1.0,6,6,6,False,recovery_wait,1,186,4175,0,0,0,0.0,{},1.4998950064182281e-06,0.011715727625414729,0.0011480685789138079,1.0207993909716606e-05,0.012938577681779861,0.02846399648115039,0.003061008872464299,1.5709083527326584e-05,True,False
alpha_beta_d5_b8__standard,alpha_beta,5,5,7,0.4,8,,standard,seed0_late_t49,0,tuning,late,49,4,78,23,normal,11→28,11,28,999995.0,0.05630704201757908,0.05630704201757908,0.1407676050439477,False,1149,420,10152,23,8,8,1.0,6,6,6,False,recovery_wait,2,369,9003,0,0,0,0.0,{},3.2088719308376312e-06,0.02372658415697515,0.002299515763297677,6.562517955899239e-05,0.026119859656319022,0.025997530203312635,0.004111152142286301,9.665964171290398e-06,True,True
alpha_beta_d5_b8__standard,alpha_beta,5,5,7,0.4,8,,standard,seed1_early_t0,1,tuning,early,0,0,5000,1678,normal,13→35,13,35,758.5,0.058826208813115954,0.058826208813115954,0.14706552203278989,False,774,557,5346,1678,8,8,1.0,5,5,5,False,recovery_wait,1,121,4506,0,0,0,0.0,{},0.00014904094859957695,0.012683922657743096,0.0010232094209641218,0.004095874959602952,0.009697577683255076,0.04180430923588574,0.0030537790153175592,2.562697045505047e-05,True,True
alpha_beta_d5_b8__standard,alpha_beta,5,5,7,0.4,8,,standard,seed1_early_pruning_t75,1,tuning,early_pruning,75,1,66,29,normal,2→12,2,12,788.0,0.30757412500679493,0.30757412500679493,0.7689353125169873,False,4420,3158,22182,29,8,8,1.0,5,5,5,False,recovery_streak_reset,0,904,17629,0,0,0,0.0,{},4.332978278398514e-06,0.051467014010995626,0.005146750016137958,8.045905269682407e-05,0.056988959200680256,0.2348616416566074,0.015625233063474298,1.3499055057764053e-05,False,False
alpha_beta_d5_b8__standard,alpha_beta,5,5,7,0.4,8,,standard,seed1_middle_t120,1,tuning,middle,120,2,90,37,normal,9→49,9,49,768.0,0.0540070841088891,0.0540070841088891,0.13501771027222276,False,888,619,4730,37,8,8,1.0,5,5,5,False,recovery_wait,1,145,3783,0,0,0,0.0,{},5.334150046110153e-06,0.010954756289720535,0.0011204471811652184,0.00010341592133045197,0.012072313809767365,0.038479581009596586,0.003334146225824952,1.2292992323637009e-05,True,True
alpha_beta_d5_b8__standard,alpha_beta,5,5,7,0.4,8,,standard,seed1_few_legal_t121,1,tuning,few_legal,121,3,4,2,critical,20→2,20,2,667.0,0.043701875023543835,0.043701875023543835,0.10925468755885959,False,733,522,3949,2,2,2,1.0,5,5,5,False,recovery_wait,2,145,3193,0,0,0,0.0,{},1.5420373529195786e-06,0.009187879506498575,0.0009299481753259897,7.875030860304832e-06,0.010188115760684013,0.030778981279581785,0.002664236119017005,6.112479604780674e-05,True,True
alpha_beta_d5_b8__standard,alpha_beta,5,5,7,0.4,8,,standard,seed1_late_t236,1,tuning,late,236,4,4,3,danger,35→63,35,63,-999996.0,0.000792207894846797,0.000792207894846797,0.0019805197371169925,False,23,6,224,3,3,3,1.0,5,5,6,True,recovered,0,10,194,0,0,0,0.0,{},1.4170072972774506e-06,0.0005078739486634731,5.0999224185943604e-05,1.1792173609137535e-05,0.0005538738332688808,0.00012662471272051334,8.108443580567837e-05,1.7415732145309448e-05,True,True
alpha_beta_d5_b8__aggressive,alpha_beta,5,5,7,0.6,8,,aggressive,seed0_early_t0,0,tuning,early,0,0,5000,1686,normal,1→35,1,35,597.0,0.1075789590831846,0.1075789590831846,0.179298265138641,False,1683,1288,8542,1686,8,8,1.0,5,5,5,False,recovery_wait,1,246,6852,0,0,0,0.0,{},0.00015529198572039604,0.020208990899845958,0.0017597712576389313,0.004138916963711381,0.01797426538541913,0.07892404613085091,0.006361522478982806,2.4916138499975204e-05,True,True
alpha_beta_d5_b8__aggressive,alpha_beta,5,5,7,0.6,8,,aggressive,seed0_few_legal_t6,0,tuning,few_legal,6,1,2,2,critical,35→32,35,32,597.0,0.0429732499178499,0.0429732499178499,0.0716220831964165,False,720,521,4069,2,2,2,1.0,5,5,6,True,recovered,0,142,3346,0,0,0,0.0,{},1.4170072972774506e-06,0.0095183071680367,0.0009210368152707815,1.00000761449337e-05,0.010508283274248242,0.02974801347590983,0.002648870227858424,5.666585639119148e-05,True,True
alpha_beta_d5_b8__aggressive,alpha_beta,5,5,7,0.6,8,,aggressive,seed0_early_pruning_t17,0,tuning,early_pruning,17,2,44,26,normal,28→66,28,66,-807.5,0.16152395796962082,0.16152395796962082,0.26920659661603474,False,2107,1415,13005,26,8,8,1.0,6,6,6,False,recovery_wait,1,455,10894,0,0,0,0.0,{},3.3748801797628403e-06,0.03081318619661033,0.0029503600671887398,7.462501525878906e-05,0.0339384526014328,0.1197163222823292,0.007777933031320572,1.3250159099698067e-05,False,False
alpha_beta_d5_b8__aggressive,alpha_beta,5,5,7,0.6,8,,aggressive,seed0_middle_t27,0,tuning,middle,27,3,2,2,critical,63→63,63,63,-797.0,0.04539679200388491,0.04539679200388491,0.07566132000647485,False,865,572,5040,2,2,2,1.0,6,6,7,True,recovered,0,186,4175,0,0,0,0.0,{},1.5827827155590057e-06,0.012000881601125002,0.0011633250396698713,1.0665971785783768e-05,0.013239109190180898,0.028985372511669993,0.003142476314678788,1.7585232853889465e-05,True,False
alpha_beta_d5_b8__aggressive,alpha_beta,5,5,7,0.6,8,,aggressive,seed0_late_t49,0,tuning,late,49,4,78,23,normal,11→28,11,28,999995.0,0.12789770890958607,0.12789770890958607,0.21316284818264347,False,2478,1079,20021,23,8,8,1.0,7,7,7,False,at_max_depth,0,656,17542,0,0,0,0.0,{},3.2498501241207123e-06,0.04790360643528402,0.004725850420072675,7.183291018009186e-05,0.052875692723318934,0.06530805304646492,0.009616545168682933,2.233521081507206e-05,True,True
alpha_beta_d5_b8__aggressive,alpha_beta,5,5,7,0.6,8,,aggressive,seed1_early_t0,1,tuning,early,0,0,5000,1678,normal,13→35,13,35,758.5,0.062226791866123676,0.062226791866123676,0.1037113197768728,False,774,557,5346,1678,8,8,1.0,5,5,5,False,recovery_wait,1,121,4506,0,0,0,0.0,{},0.0001629579346626997,0.013214260339736938,0.0011510897893458605,0.004278374835848808,0.010188116692006588,0.04426391189917922,0.003303263569250703,3.0166935175657272e-05,True,True
alpha_beta_d5_b8__aggressive,alpha_beta,5,5,7,0.6,8,,aggressive,seed1_early_pruning_t75,1,tuning,early_pruning,75,1,66,29,normal,2→12,2,12,788.0,0.31189070898108184,0.31189070898108184,0.5198178483018031,False,4420,3158,22182,29,8,8,1.0,5,5,6,True,recovered,0,904,17629,0,0,0,0.0,{},4.415865987539291e-06,0.052052241982892156,0.005326620768755674,7.824995554983616e-05,0.05778356618247926,0.2378876239527017,0.016124268993735313,1.2584030628204346e-05,False,False
alpha_beta_d5_b8__aggressive,alpha_beta,5,5,7,0.6,8,,aggressive,seed1_middle_t120,1,tuning,middle,120,2,90,37,normal,9→20,9,20,-667.0,0.1577275840099901,0.1577275840099901,0.2628793066833168,False,2612,1661,17567,37,8,8,1.0,6,6,6,False,recovery_wait,1,703,14836,0,0,0,0.0,{},4.624947905540466e-06,0.04100980213843286,0.004049947485327721,9.962520562112331e-05,0.045302032958716154,0.10269558965228498,0.009612002409994602,1.370883546769619e-05,False,False
alpha_beta_d5_b8__aggressive,alpha_beta,5,5,7,0.6,8,,aggressive,seed1_few_legal_t121,1,tuning,few_legal,121,3,4,2,critical,20→2,20,2,-738.0,0.15749216708354652,0.15749216708354652,0.2624869451392442,False,2672,1849,14811,2,2,2,1.0,6,6,7,True,recovered,0,569,12047,0,0,0,0.0,{},1.2919772416353226e-06,0.03464645869098604,0.003514010226354003,7.58306123316288e-06,0.038455141708254814,0.10907277627848089,0.009892415022477508,6.295903585851192e-05,True,False
alpha_beta_d5_b8__aggressive,alpha_beta,5,5,7,0.6,8,,aggressive,seed1_late_t236,1,tuning,late,236,4,4,3,danger,35→63,35,63,-999996.0,0.002726334147155285,0.002726334147155285,0.004543890245258808,False,71,24,852,3,3,3,1.0,7,7,7,False,at_max_depth,0,34,771,0,0,0,0.0,{},1.4170072972774506e-06,0.001999335130676627,0.00019375397823750973,1.2666918337345123e-05,0.002197541296482086,0.00023741531185805798,0.000258793355897069,1.8500257283449173e-05,True,True
beam_negamax_d6_w8-6-4-2__fixed,beam_negamax,6,6,6,1.0,,8-6-4-2,fixed,seed0_early_t0,0,tuning,early,0,0,5000,1686,normal,1→35,1,35,-597.0,0.10779808391816914,0.10779808391816914,0.10779808391816914,False,1899,992,15548,1686,8,8,1.0,6,6,6,False,adaptive_disabled,0,0,0,13645,0,0,0.0,"{""0"": 8, ""1"": 6, ""2"": 4, ""3"": 2, ""4"": 2, ""5"": 2}",0.00015854090452194214,0.0362423004116863,0.002645312575623393,0.004027666989713907,0.03524221992120147,0.06162671628408134,0.0067153137642890215,2.7626054361462593e-05,True,True
beam_negamax_d6_w8-6-4-2__fixed,beam_negamax,6,6,6,1.0,,8-6-4-2,fixed,seed0_few_legal_t6,0,tuning,few_legal,6,1,2,2,critical,35→54,35,54,-190.0,0.04438845789991319,0.04438845789991319,0.04438845789991319,False,734,384,5051,2,2,2,1.0,6,6,6,False,adaptive_disabled,0,0,0,4317,0,0,0.0,"{""0"": 8, ""1"": 6, ""2"": 4, ""3"": 2, ""4"": 2, ""5"": 2}",1.250067725777626e-06,0.011953240726143122,0.0009328958112746477,9.167008101940155e-06,0.01302412198856473,0.02876516431570053,0.0025116298347711563,7.712468504905701e-05,True,True
beam_negamax_d6_w8-6-4-2__fixed,beam_negamax,6,6,6,1.0,,8-6-4-2,fixed,seed0_early_pruning_t17,0,tuning,early_pruning,17,2,44,26,normal,28→60,28,60,-110.0,0.22076229215599597,0.22076229215599597,0.22076229215599597,False,2936,1536,20933,26,8,8,1.0,6,6,6,False,adaptive_disabled,0,0,0,17997,0,0,0.0,"{""0"": 8, ""1"": 6, ""2"": 4, ""3"": 2, ""4"": 2, ""5"": 2}",4.291068762540817e-06,0.04912379686720669,0.0037358927074819803,7.658288814127445e-05,0.053349673049524426,0.15747896255925298,0.009839031379669905,1.3751210644841194e-05,True,True
beam_negamax_d6_w8-6-4-2__fixed,beam_negamax,6,6,6,1.0,,8-6-4-2,fixed,seed0_middle_t27,0,tuning,middle,27,3,2,2,critical,63→59,63,59,-569.0,0.016721458174288273,0.016721458174288273,0.016721458174288273,False,335,142,2526,2,2,2,1.0,6,6,6,False,adaptive_disabled,0,0,0,2191,0,0,0.0,"{""0"": 8, ""1"": 6, ""2"": 4, ""3"": 2, ""4"": 2, ""5"": 2}",1.291045919060707e-06,0.005961204646155238,0.00044640759006142616,9.665964171290398e-06,0.006467993371188641,0.009037336567416787,0.0011384200770407915,6.67511485517025e-05,True,True
beam_negamax_d6_w8-6-4-2__fixed,beam_negamax,6,6,6,1.0,,8-6-4-2,fixed,seed0_late_t49,0,tuning,late,49,4,78,23,normal,11→28,11,28,999997.0,0.09316083299927413,0.09316083299927413,0.09316083299927413,False,1851,778,14634,23,8,8,1.0,6,6,6,False,adaptive_disabled,0,0,0,12783,0,0,0.0,"{""0"": 8, ""1"": 6, ""2"": 4, ""3"": 2, ""4"": 2, ""5"": 2}",3.915978595614433e-06,0.03454618575051427,0.0025675450451672077,6.666709668934345e-05,0.03739856625907123,0.049180365866050124,0.006498025730252266,1.3292068615555763e-05,True,True
beam_negamax_d6_w8-6-4-2__fixed,beam_negamax,6,6,6,1.0,,8-6-4-2,fixed,seed1_early_t0,1,tuning,early,0,0,5000,1678,normal,63→63,63,63,-159.0,0.16490758280269802,0.16490758280269802,0.16490758280269802,False,2265,1184,16552,1678,8,8,1.0,6,6,6,False,adaptive_disabled,0,0,0,14282,0,0,0.0,"{""0"": 8, ""1"": 6, ""2"": 4, ""3"": 2, ""4"": 2, ""5"": 2}",0.00015900004655122757,0.042445965111255646,0.0033442287240177393,0.004108416149392724,0.04221328953281045,0.1100991708226502,0.008299706503748894,2.7999747544527054e-05,True,True
beam_negamax_d6_w8-6-4-2__fixed,beam_negamax,6,6,6,1.0,,8-6-4-2,fixed,seed1_early_pruning_t75,1,tuning,early_pruning,75,1,66,29,normal,2→8,2,8,-79.0,0.16004233295097947,0.16004233295097947,0.16004233295097947,False,2204,1070,17705,29,8,8,1.0,6,6,6,False,adaptive_disabled,0,0,0,15334,0,0,0.0,"{""0"": 8, ""1"": 6, ""2"": 4, ""3"": 2, ""4"": 2, ""5"": 2}",4.542060196399689e-06,0.04031420988030732,0.002886394504457712,8.104206062853336e-05,0.0435741413384676,0.10879938793368638,0.007569220848381519,1.3998709619045258e-05,True,True
beam_negamax_d6_w8-6-4-2__fixed,beam_negamax,6,6,6,1.0,,8-6-4-2,fixed,seed1_middle_t120,1,tuning,middle,120,2,90,37,normal,9→20,9,20,1831.25,0.09116083290427923,0.09116083290427923,0.09116083290427923,False,1730,801,14168,37,8,8,1.0,6,6,6,False,adaptive_disabled,0,0,0,12223,0,0,0.0,"{""0"": 8, ""1"": 6, ""2"": 4, ""3"": 2, ""4"": 2, ""5"": 2}",4.916917532682419e-06,0.03330835769884288,0.0023927080910652876,0.00010079191997647285,0.03598044626414776,0.04899716516956687,0.00606280448846519,1.4708144590258598e-05,True,True
beam_negamax_d6_w8-6-4-2__fixed,beam_negamax,6,6,6,1.0,,8-6-4-2,fixed,seed1_few_legal_t121,1,tuning,few_legal,121,3,4,2,critical,20→2,20,2,-799.5,0.012443500105291605,0.012443500105291605,0.012443500105291605,False,254,112,2058,2,2,2,1.0,6,6,6,False,adaptive_disabled,0,0,0,1771,0,0,0.0,"{""0"": 8, ""1"": 6, ""2"": 4, ""3"": 2, ""4"": 2, ""5"": 2}",1.3748649507761002e-06,0.004787955665960908,0.000352037837728858,8.082948625087738e-06,0.005190531723201275,0.006312247598543763,0.0008685535285621881,6.270944140851498e-05,True,True
beam_negamax_d6_w8-6-4-2__fixed,beam_negamax,6,6,6,1.0,,8-6-4-2,fixed,seed1_late_t236,1,tuning,late,236,4,4,3,danger,35→63,35,63,-999996.0,0.01737366709858179,0.01737366709858179,0.01737366709858179,False,406,159,3348,3,3,3,1.0,6,6,6,False,adaptive_disabled,0,0,0,2863,0,0,0.0,"{""0"": 8, ""1"": 6, ""2"": 4, ""3"": 2, ""4"": 2, ""5"": 2}",1.7499551177024841e-06,0.0078401705250144,0.0005709899123758078,1.6666948795318604e-05,0.008497504983097315,0.007434378378093243,0.0014002416282892227,2.312520518898964e-05,True,True
beam_negamax_d6_w8-6-4-2__conservative,beam_negamax,6,6,7,0.25,,8-6-4-2,conservative,seed0_early_t0,0,tuning,early,0,0,5000,1686,normal,1→35,1,35,-597.0,0.1105137919075787,0.1105137919075787,0.4420551676303148,False,1899,992,15548,1686,8,8,1.0,6,6,6,False,recovery_streak_reset,0,0,0,13645,0,0,0.0,"{""0"": 8, ""1"": 6, ""2"": 4, ""3"": 2, ""4"": 2, ""5"": 2}",0.0001688748598098755,0.037173208547756076,0.002730816137045622,0.004230374936014414,0.03606641944497824,0.06308644777163863,0.006930007832124829,3.1667063012719154e-05,True,True
beam_negamax_d6_w8-6-4-2__conservative,beam_negamax,6,6,7,0.25,,8-6-4-2,conservative,seed0_few_legal_t6,0,tuning,few_legal,6,1,2,2,critical,35→54,35,54,-190.0,0.044283082941547036,0.044283082941547036,0.17713233176618814,False,734,384,5051,2,2,2,1.0,6,6,6,False,recovery_wait,1,0,0,4317,0,0,0.0,"{""0"": 8, ""1"": 6, ""2"": 4, ""3"": 2, ""4"": 2, ""5"": 2}",1.416075974702835e-06,0.01186061860062182,0.0009196479804813862,1.0584015399217606e-05,0.01291156536899507,0.02883103839121759,0.002451229142025113,7.724994793534279e-05,True,True
beam_negamax_d6_w8-6-4-2__conservative,beam_negamax,6,6,7,0.25,,8-6-4-2,conservative,seed0_early_pruning_t17,0,tuning,early_pruning,17,2,44,26,normal,28→60,28,60,-110.0,0.22073212498798966,0.22073212498798966,0.8829284999519587,False,2936,1536,20933,26,8,8,1.0,6,6,5,True,elapsed_ratio_high,0,0,0,17997,0,0,0.0,"{""0"": 8, ""1"": 6, ""2"": 4, ""3"": 2, ""4"": 2, ""5"": 2}",4.125060513615608e-06,0.04909964511170983,0.0037492276169359684,7.679197005927563e-05,0.053352318704128265,0.15745910466648638,0.009826451539993286,1.3333046808838844e-05,True,True
beam_negamax_d6_w8-6-4-2__conservative,beam_negamax,6,6,7,0.25,,8-6-4-2,conservative,seed0_middle_t27,0,tuning,middle,27,3,2,2,critical,63→63,63,63,1047.5,0.008796292124316096,0.008796292124316096,0.035185168497264385,False,180,82,1313,2,2,2,1.0,5,5,5,False,recovery_wait,1,0,0,1133,0,0,0.0,"{""0"": 8, ""1"": 6, ""2"": 4, ""3"": 2, ""4"": 2}",1.375097781419754e-06,0.00310879317112267,0.0002464915160089731,1.00000761449337e-05,0.0033827403094619513,0.004777329973876476,0.0006082206964492798,1.6625970602035522e-05,False,False
beam_negamax_d6_w8-6-4-2__conservative,beam_negamax,6,6,7,0.25,,8-6-4-2,conservative,seed0_late_t49,0,tuning,late,49,4,78,23,normal,11→28,11,28,999997.0,0.050181041937321424,0.050181041937321424,0.2007241677492857,False,1013,419,7740,23,8,8,1.0,5,5,5,False,recovery_wait,2,0,0,6727,0,0,0.0,"{""0"": 8, ""1"": 6, ""2"": 4, ""3"": 2, ""4"": 2}",3.6670826375484467e-06,0.018358118599280715,0.0014172906521707773,6.537488661706448e-05,0.0198958539403975,0.026728126220405102,0.0034756867680698633,1.2333039194345474e-05,True,True
beam_negamax_d6_w8-6-4-2__conservative,beam_negamax,6,6,7,0.25,,8-6-4-2,conservative,seed1_early_t0,1,tuning,early,0,0,5000,1678,normal,63→63,63,63,-159.0,0.15585233294405043,0.15585233294405043,0.6234093317762017,False,2265,1184,16552,1678,8,8,1.0,6,6,6,False,recovery_streak_reset,0,0,0,14282,0,0,0.0,"{""0"": 8, ""1"": 6, ""2"": 4, ""3"": 2, ""4"": 2, ""5"": 2}",0.00016079191118478775,0.03968192404136062,0.0030428089667111635,0.004139208933338523,0.039060130482539535,0.10459382412955165,0.007868712535127997,2.966495230793953e-05,True,True
beam_negamax_d6_w8-6-4-2__conservative,beam_negamax,6,6,7,0.25,,8-6-4-2,conservative,seed1_early_pruning_t75,1,tuning,early_pruning,75,1,66,29,normal,2→8,2,8,-79.0,0.2193182499613613,0.2193182499613613,0.8772729998454452,False,2204,1070,17705,29,8,8,1.0,6,6,5,True,elapsed_ratio_high,0,0,0,15334,0,0,0.0,"{""0"": 8, ""1"": 6, ""2"": 4, ""3"": 2, ""4"": 2, ""5"": 2}",4.791887477040291e-06,0.056288225343450904,0.0048915972001850605,8.437503129243851e-05,0.061966094421222806,0.14647857355885208,0.01076674903742969,1.7666025087237358e-05,True,True
beam_negamax_d6_w8-6-4-2__conservative,beam_negamax,6,6,7,0.25,,8-6-4-2,conservative,seed1_middle_t120,1,tuning,middle,120,2,90,37,normal,9→20,9,20,799.5,0.052544291131198406,0.052544291131198406,0.21017716452479362,False,929,475,6634,37,8,8,1.0,5,5,5,False,recovery_wait,1,0,0,5627,0,0,0.0,"{""0"": 8, ""1"": 6, ""2"": 4, ""3"": 2, ""4"": 2}",5.707843229174614e-06,0.01582959806546569,0.0011719788890331984,0.00010395911522209644,0.017087064450606704,0.03203236754052341,0.0032996099907904863,1.5582190826535225e-05,True,False
beam_negamax_d6_w8-6-4-2__conservative,beam_negamax,6,6,7,0.25,,8-6-4-2,conservative,seed1_few_legal_t121,1,tuning,few_legal,121,3,4,2,critical,20→2,20,2,768.0,0.007642833981662989,0.007642833981662989,0.030571335926651955,False,142,72,1062,2,2,2,1.0,5,5,5,False,recovery_wait,2,0,0,909,0,0,0.0,"{""0"": 8, ""1"": 6, ""2"": 4, ""3"": 2, ""4"": 2}",1.458916813135147e-06,0.0025485821533948183,0.0001879553310573101,7.3749106377363205e-06,0.0027599160093814135,0.0043130924459546804,0.0004910326097160578,6.995908915996552e-05,True,False
beam_negamax_d6_w8-6-4-2__conservative,beam_negamax,6,6,7,0.25,,8-6-4-2,conservative,seed1_late_t236,1,tuning,late,236,4,4,3,danger,35→63,35,63,-999996.0,0.012106958078220487,0.012106958078220487,0.04842783231288195,False,247,114,1739,3,3,3,1.0,5,5,6,True,recovered,0,0,0,1459,0,0,0.0,"{""0"": 8, ""1"": 6, ""2"": 4, ""3"": 2, ""4"": 2}",1.334119588136673e-06,0.004099532263353467,0.00030552735552191734,1.1999858543276787e-05,0.00444927578791976,0.006790789542719722,0.0008368096314370632,1.674913801252842e-05,True,True
beam_negamax_d6_w8-6-4-2__standard,beam_negamax,6,6,8,0.4,,8-6-4-2,standard,seed0_early_t0,0,tuning,early,0,0,5000,1686,normal,1→35,1,35,-597.0,0.113507374888286,0.113507374888286,0.283768437220715,False,1899,992,15548,1686,8,8,1.0,6,6,6,False,recovery_wait,1,0,0,13645,0,0,0.0,"{""0"": 8, ""1"": 6, ""2"": 4, ""3"": 2, ""4"": 2, ""5"": 2}",0.0001582079567015171,0.038053590105846524,0.002834093291312456,0.004214833024889231,0.037093935534358025,0.06479123933240771,0.007220950210466981,2.820882946252823e-05,True,True
beam_negamax_d6_w8-6-4-2__standard,beam_negamax,6,6,8,0.4,,8-6-4-2,standard,seed0_few_legal_t6,0,tuning,few_legal,6,1,2,2,critical,35→54,35,54,-190.0,0.06636012508533895,0.06636012508533895,0.16590031271334738,False,734,384,5051,2,2,2,1.0,6,6,6,False,recovery_wait,2,0,0,4317,0,0,0.0,"{""0"": 8, ""1"": 6, ""2"": 4, ""3"": 2, ""4"": 2, ""5"": 2}",1.8330756574869156e-06,0.01690311194397509,0.0021379180252552032,1.5625031664967537e-05,0.019394742790609598,0.04273995920084417,0.0040375059470534325,0.00017045903950929642,True,True
beam_negamax_d6_w8-6-4-2__standard,beam_negamax,6,6,8,0.4,,8-6-4-2,standard,seed0_early_pruning_t17,0,tuning,early_pruning,17,2,44,26,normal,28→60,28,60,-110.0,0.23662095796316862,0.23662095796316862,0.5915523949079216,False,2936,1536,20933,26,8,8,1.0,6,6,6,False,recovery_streak_reset,0,0,0,17997,0,0,0.0,"{""0"": 8, ""1"": 6, ""2"": 4, ""3"": 2, ""4"": 2, ""5"": 2}",6.958143785595894e-06,0.05247440515086055,0.004184239078313112,9.275018237531185e-05,0.057254690676927567,0.16820576786994934,0.011041291523724794,1.949956640601158e-05,True,True
beam_negamax_d6_w8-6-4-2__standard,beam_negamax,6,6,8,0.4,,8-6-4-2,standard,seed0_middle_t27,0,tuning,middle,27,3,2,2,critical,63→59,63,59,-569.0,0.016359540866687894,0.016359540866687894,0.040898852166719735,False,335,142,2526,2,2,2,1.0,6,6,6,False,recovery_wait,1,0,0,2191,0,0,0.0,"{""0"": 8, ""1"": 6, ""2"": 4, ""3"": 2, ""4"": 2, ""5"": 2}",1.500127837061882e-06,0.005825202679261565,0.00043995119631290436,1.091696321964264e-05,0.006323990412056446,0.008839787216857076,0.0011165975593030453,6.674858741462231e-05,True,True
beam_negamax_d6_w8-6-4-2__standard,beam_negamax,6,6,8,0.4,,8-6-4-2,standard,seed0_late_t49,0,tuning,late,49,4,78,23,normal,11→28,11,28,999997.0,0.09335966710932553,0.09335966710932553,0.23339916777331382,False,1851,778,14634,23,8,8,1.0,6,6,6,False,recovery_wait,2,0,0,12783,0,0,0.0,"{""0"": 8, ""1"": 6, ""2"": 4, ""3"": 2, ""4"": 2, ""5"": 2}",3.6249402910470963e-06,0.03454291680827737,0.002594500547274947,6.562517955899239e-05,0.03742197761312127,0.049206359311938286,0.006649120943620801,1.295912079513073e-05,True,True
beam_negamax_d6_w8-6-4-2__standard,beam_negamax,6,6,8,0.4,,8-6-4-2,standard,seed1_early_t0,1,tuning,early,0,0,5000,1678,normal,63→63,63,63,-159.0,0.15636783395893872,0.15636783395893872,0.3909195848973468,False,2265,1184,16552,1678,8,8,1.0,6,6,6,False,recovery_wait,1,0,0,14282,0,0,0.0,"{""0"": 8, ""1"": 6, ""2"": 4, ""3"": 2, ""4"": 2, ""5"": 2}",0.00015833391807973385,0.040018423460423946,0.003071477171033621,0.004177417140454054,0.03939132369123399,0.104692576918751,0.007920391391962767,2.7790898457169533e-05,True,True
beam_negamax_d6_w8-6-4-2__standard,beam_negamax,6,6,8,0.4,,8-6-4-2,standard,seed1_early_pruning_t75,1,tuning,early_pruning,75,1,66,29,normal,2→8,2,8,-79.0,0.16419525002129376,0.16419525002129376,0.4104881250532344,False,2204,1070,17705,29,8,8,1.0,6,6,6,False,recovery_wait,2,0,0,15334,0,0,0.0,"{""0"": 8, ""1"": 6, ""2"": 4, ""3"": 2, ""4"": 2, ""5"": 2}",4.791887477040291e-06,0.04163110698573291,0.0030245473608374596,8.087512105703354e-05,0.045048982137814164,0.11128169624134898,0.0077651136089116335,1.3791024684906006e-05,True,True
beam_negamax_d6_w8-6-4-2__standard,beam_negamax,6,6,8,0.4,,8-6-4-2,standard,seed1_middle_t120,1,tuning,middle,120,2,90,37,normal,9→20,9,20,1831.25,0.09046674985438585,0.09046674985438585,0.22616687463596463,False,1730,801,14168,37,8,8,1.0,6,6,7,True,recovered,0,0,0,12223,0,0,0.0,"{""0"": 8, ""1"": 6, ""2"": 4, ""3"": 2, ""4"": 2, ""5"": 2}",6.00004568696022e-06,0.03305008681491017,0.0023752294946461916,0.00011354195885360241,0.03569003939628601,0.048537072725594044,0.006101679755374789,1.8415972590446472e-05,True,True
beam_negamax_d6_w8-6-4-2__standard,beam_negamax,6,6,8,0.4,,8-6-4-2,standard,seed1_few_legal_t121,1,tuning,few_legal,121,3,4,2,critical,20→2,20,2,-1831.25,0.018398792017251253,0.018398792017251253,0.04599698004312813,False,413,159,3502,2,2,2,1.0,7,7,7,False,recovery_wait,1,0,0,3013,0,0,0.0,"{""0"": 8, ""1"": 6, ""2"": 4, ""3"": 2, ""4"": 2, ""5"": 2, ""6"": 2}",1.4579854905605316e-06,0.008036380168050528,0.0005968997720628977,7.95791856944561e-06,0.008727320469915867,0.008217330323532224,0.0013816833961755037,6.30419235676527e-05,True,False
beam_negamax_d6_w8-6-4-2__standard,beam_negamax,6,6,8,0.4,,8-6-4-2,standard,seed1_late_t236,1,tuning,late,236,4,4,3,danger,35→63,35,63,-999996.0,0.021683417027816176,0.021683417027816176,0.05420854256954044,False,588,182,5187,3,3,3,1.0,7,7,7,False,recovery_wait,2,0,0,4436,0,0,0.0,"{""0"": 8, ""1"": 6, ""2"": 4, ""3"": 2, ""4"": 2, ""5"": 2, ""6"": 2}",1.5408731997013092e-06,0.01177046587690711,0.000851939432322979,1.1833151802420616e-05,0.01277014589868486,0.0069270452950149775,0.0019550167489796877,1.7835060134530067e-05,True,True
beam_negamax_d6_w8-6-4-2__aggressive,beam_negamax,6,6,8,0.6,,8-6-4-2,aggressive,seed0_early_t0,0,tuning,early,0,0,5000,1686,normal,1→35,1,35,-597.0,0.11073812516406178,0.11073812516406178,0.184563541940103,False,1899,992,15548,1686,8,8,1.0,6,6,6,False,recovery_wait,1,0,0,13645,0,0,0.0,"{""0"": 8, ""1"": 6, ""2"": 4, ""3"": 2, ""4"": 2, ""5"": 2}",0.00016145803965628147,0.03714630869217217,0.0026999444235116243,0.004126250045374036,0.03610855923034251,0.06343629653565586,0.006878978339955211,2.6582973077893257e-05,True,True
beam_negamax_d6_w8-6-4-2__aggressive,beam_negamax,6,6,8,0.6,,8-6-4-2,aggressive,seed0_few_legal_t6,0,tuning,few_legal,6,1,2,2,critical,35→54,35,54,-190.0,0.04456833400763571,0.04456833400763571,0.07428055667939286,False,734,384,5051,2,2,2,1.0,6,6,7,True,recovered,0,0,0,4317,0,0,0.0,"{""0"": 8, ""1"": 6, ""2"": 4, ""3"": 2, ""4"": 2, ""5"": 2}",1.3748649507761002e-06,0.01200533239170909,0.0009283248800784349,1.0833842679858208e-05,0.013068233383819461,0.02893399680033326,0.0024761869572103024,7.77081586420536e-05,True,True
beam_negamax_d6_w8-6-4-2__aggressive,beam_negamax,6,6,8,0.6,,8-6-4-2,aggressive,seed0_early_pruning_t17,0,tuning,early_pruning,17,2,44,26,normal,28→60,28,60,589.0,0.43095987499691546,0.43095987499691546,0.7182664583281925,False,6008,3072,43064,26,8,8,1.0,7,7,7,False,recovery_streak_reset,0,0,0,37056,0,0,0.0,"{""0"": 8, ""1"": 6, ""2"": 4, ""3"": 2, ""4"": 2, ""5"": 2, ""6"": 2}",4.37488779425621e-06,0.10226122592575848,0.007766000926494598,7.558311335742474e-05,0.11116267624311149,0.2991829887032509,0.020519918063655496,1.433398574590683e-05,True,False
beam_negamax_d6_w8-6-4-2__aggressive,beam_negamax,6,6,8,0.6,,8-6-4-2,aggressive,seed0_middle_t27,0,tuning,middle,27,3,2,2,critical,63→63,63,63,827.0,0.02970158401876688,0.02970158401876688,0.04950264003127813,False,604,247,4768,2,2,2,1.0,7,7,7,False,recovery_wait,1,0,0,4164,0,0,0.0,"{""0"": 8, ""1"": 6, ""2"": 4, ""3"": 2, ""4"": 2, ""5"": 2, ""6"": 2}",1.5830155462026596e-06,0.011556496378034353,0.000871030380949378,1.1874828487634659e-05,0.012553195236250758,0.014999913517385721,0.0021137660369277,2.1251384168863297e-05,False,False
beam_negamax_d6_w8-6-4-2__aggressive,beam_negamax,6,6,8,0.6,,8-6-4-2,aggressive,seed0_late_t49,0,tuning,late,49,4,78,23,normal,11→28,11,28,999997.0,0.19996683299541473,0.19996683299541473,0.3332780549923579,False,3407,1454,28919,23,8,8,1.0,7,7,8,True,recovered,0,0,0,25512,0,0,0.0,"{""0"": 8, ""1"": 6, ""2"": 4, ""3"": 2, ""4"": 2, ""5"": 2, ""6"": 2}",4.9578957259655e-06,0.0808871709741652,0.006276086671277881,7.329089567065239e-05,0.08802510309033096,0.09649979812093079,0.015344598796218634,1.9084196537733078e-05,True,True
beam_negamax_d6_w8-6-4-2__aggressive,beam_negamax,6,6,8,0.6,,8-6-4-2,aggressive,seed1_early_t0,1,tuning,early,0,0,5000,1678,normal,63→63,63,63,-159.0,0.15466366684995592,0.15466366684995592,0.2577727780832599,False,2265,1184,16552,1678,8,8,1.0,6,6,6,False,recovery_wait,1,0,0,14282,0,0,0.0,"{""0"": 8, ""1"": 6, ""2"": 4, ""3"": 2, ""4"": 2, ""5"": 2}",0.00016875006258487701,0.039566182997077703,0.0029621783178299665,0.004270790843293071,0.03872594563290477,0.10365440091118217,0.00781211256980896,3.16668301820755e-05,True,True
beam_negamax_d6_w8-6-4-2__aggressive,beam_negamax,6,6,8,0.6,,8-6-4-2,aggressive,seed1_early_pruning_t75,1,tuning,early_pruning,75,1,66,29,normal,2→8,2,8,-79.0,0.16394991613924503,0.16394991613924503,0.2732498602320751,False,2204,1070,17705,29,8,8,1.0,6,6,7,True,recovered,0,0,0,15334,0,0,0.0,"{""0"": 8, ""1"": 6, ""2"": 4, ""3"": 2, ""4"": 2, ""5"": 2}",5.249865353107452e-06,0.04153823689557612,0.002959260018542409,8.562486618757248e-05,0.044894884107634425,0.11120224231854081,0.007745581679046154,1.633330248296261e-05,True,True
beam_negamax_d6_w8-6-4-2__aggressive,beam_negamax,6,6,8,0.6,,8-6-4-2,aggressive,seed1_middle_t120,1,tuning,middle,120,2,90,37,normal,9→20,9,20,3326.733916083916,0.14565599989145994,0.14565599989145994,0.2427599998190999,False,3001,1271,24398,37,8,8,1.0,7,7,7,False,recovery_wait,1,0,0,20897,0,0,0.0,"{""0"": 8, ""1"": 6, ""2"": 4, ""3"": 2, ""4"": 2, ""5"": 2, ""6"": 2}",5.249865353107452e-06,0.05605863220989704,0.003978351131081581,0.00010258401744067669,0.06064931070432067,0.07458076672628522,0.010302797425538301,1.5291152521967888e-05,True,False
beam_negamax_d6_w8-6-4-2__aggressive,beam_negamax,6,6,8,0.6,,8-6-4-2,aggressive,seed1_few_legal_t121,1,tuning,few_legal,121,3,4,2,critical,20→2,20,2,-1831.25,0.018335415981709957,0.018335415981709957,0.030559026636183262,False,413,159,3502,2,2,2,1.0,7,7,8,True,recovered,0,0,0,3013,0,0,0.0,"{""0"": 8, ""1"": 6, ""2"": 4, ""3"": 2, ""4"": 2, ""5"": 2, ""6"": 2}",1.5830155462026596e-06,0.008039994165301323,0.0005686059594154358,7.834052667021751e-06,0.008704393170773983,0.008181411307305098,0.0013779876753687859,6.220676004886627e-05,True,False
beam_negamax_d6_w8-6-4-2__aggressive,beam_negamax,6,6,8,0.6,,8-6-4-2,aggressive,seed1_late_t236,1,tuning,late,236,4,4,3,danger,35→63,35,63,-999996.0,0.025286874966695905,0.025286874966695905,0.042144791611159846,False,748,160,6921,3,3,3,1.0,8,8,8,False,at_max_depth,0,0,0,5890,0,0,0.0,"{""0"": 8, ""1"": 6, ""2"": 4, ""3"": 2, ""4"": 2, ""5"": 2, ""6"": 2, ""7"": 2}",1.4579854905605316e-06,0.015646949876099825,0.0010866750963032246,1.1875061318278313e-05,0.01694758073426783,0.005858741467818618,0.002449844731017947,1.737498678267002e-05,True,True
pvs_d5_b8__fixed,pvs,5,5,5,1.0,8,,fixed,seed0_early_t0,0,tuning,early,0,0,5000,1686,normal,1→35,1,35,597.0,0.09470037487335503,0.09470037487335503,0.09470037487335503,False,1481,1103,8216,1686,8,8,1.0,5,5,5,False,adaptive_disabled,0,278,6735,0,1101,1,0.0009082652134423251,{},0.00016791699454188347,0.019633145537227392,0.001730938907712698,0.004144459031522274,0.01737254555337131,0.06706463336013258,0.0059244041331112385,2.641580067574978e-05,True,True
pvs_d5_b8__fixed,pvs,5,5,5,1.0,8,,fixed,seed0_few_legal_t6,0,tuning,few_legal,6,1,2,2,critical,35→32,35,32,597.0,0.04754054197110236,0.04754054197110236,0.04754054197110236,False,805,584,4310,2,2,2,1.0,5,5,5,False,adaptive_disabled,0,159,3517,0,569,14,0.02460456942003515,{},1.4579854905605316e-06,0.010098390746861696,0.0010027424432337284,1.0249903425574303e-05,0.01117473840713501,0.03328962670639157,0.003008801955729723,5.566701292991638e-05,True,True
pvs_d5_b8__fixed,pvs,5,5,5,1.0,8,,fixed,seed0_early_pruning_t17,0,tuning,early_pruning,17,2,44,26,normal,28→60,28,60,797.0,0.13614533399231732,0.13614533399231732,0.13614533399231732,False,1677,1104,11207,26,8,8,1.0,5,5,5,False,adaptive_disabled,0,431,9552,0,1081,22,0.020351526364477335,{},4.166970029473305e-06,0.0266053369268775,0.002582133049145341,7.49160535633564e-05,0.029328242409974337,0.10038106213323772,0.006343945395201445,1.3001030310988426e-05,True,True
pvs_d5_b8__fixed,pvs,5,5,5,1.0,8,,fixed,seed0_middle_t27,0,tuning,middle,27,3,2,2,critical,63→63,63,63,827.0,0.010385583154857159,0.010385583154857159,0.010385583154857159,False,189,121,995,2,2,2,1.0,5,5,5,False,adaptive_disabled,0,33,810,0,133,4,0.03007518796992481,{},1.500127837061882e-06,0.0023683796171098948,0.00023762299679219723,9.666895493865013e-06,0.0026160008274018764,0.00702940858900547,0.0007122575771063566,1.674913801252842e-05,True,True
pvs_d5_b8__fixed,pvs,5,5,5,1.0,8,,fixed,seed0_late_t49,0,tuning,late,49,4,78,23,normal,11→28,11,28,999995.0,0.029203415848314762,0.029203415848314762,0.029203415848314762,False,596,252,4850,23,8,8,1.0,5,5,5,False,adaptive_disabled,0,165,4261,0,377,7,0.01856763925729443,{},3.541121259331703e-06,0.01139517081901431,0.0011263659689575434,6.441702134907246e-05,0.012533811153843999,0.014369795797392726,0.002222268143668771,9.582610800862312e-06,True,True
pvs_d5_b8__fixed,pvs,5,5,5,1.0,8,,fixed,seed1_early_t0,1,tuning,early,0,0,5000,1678,normal,13→35,13,35,758.5,0.045315624913200736,0.045315624913200736,0.045315624913200736,False,614,422,4676,1678,8,8,1.0,5,5,5,False,adaptive_disabled,0,119,4005,0,420,1,0.002380952380952381,{},0.00015454087406396866,0.011046640342101455,0.0008572032675147057,0.00409670895896852,0.007882324047386646,0.030719567788764834,0.0024375661741942167,2.491706982254982e-05,True,True
pvs_d5_b8__fixed,pvs,5,5,5,1.0,8,,fixed,seed1_early_pruning_t75,1,tuning,early_pruning,75,1,66,29,normal,2→12,2,12,788.0,0.5199242080561817,0.5199242080561817,0.5199242080561817,False,7034,4934,36706,29,8,8,1.0,5,5,5,False,adaptive_disabled,0,1622,29584,0,4867,68,0.01397164577768646,{},5.125068128108978e-06,0.0905924120452255,0.009670529281720519,8.32919031381607e-05,0.10110744787380099,0.3910761922597885,0.02763798483647406,1.416611485183239e-05,True,True
pvs_d5_b8__fixed,pvs,5,5,5,1.0,8,,fixed,seed1_middle_t120,1,tuning,middle,120,2,90,37,normal,9→49,9,49,768.0,0.068272499833256,0.068272499833256,0.068272499833256,False,1125,737,7059,37,8,8,1.0,5,5,5,False,adaptive_disabled,0,277,5910,0,719,19,0.02642559109874826,{},4.458008334040642e-06,0.016413720091804862,0.0016096271574497223,0.00010004197247326374,0.018060598988085985,0.04593295603990555,0.004161403048783541,1.3041775673627853e-05,True,True
pvs_d5_b8__fixed,pvs,5,5,5,1.0,8,,fixed,seed1_few_legal_t121,1,tuning,few_legal,121,3,4,2,critical,20→2,20,2,667.0,0.05649054213427007,0.05649054213427007,0.05649054213427007,False,961,675,5209,2,2,2,1.0,5,5,5,False,adaptive_disabled,0,208,4245,0,662,20,0.030211480362537766,{},1.9168946892023087e-06,0.012270007282495499,0.0012381051201373339,1.3082986697554588e-05,0.01359881809912622,0.03931410750374198,0.0034943653736263514,6.825127638876438e-05,True,True
pvs_d5_b8__fixed,pvs,5,5,5,1.0,8,,fixed,seed1_late_t236,1,tuning,late,236,4,4,3,danger,35→63,35,63,-999996.0,0.0008184581529349089,0.0008184581529349089,0.0008184581529349089,False,23,6,224,3,3,3,1.0,5,5,5,False,adaptive_disabled,0,10,194,0,10,0,0.0,{},1.5408731997013092e-06,0.0005211695097386837,5.879392847418785e-05,1.3250159099698067e-05,0.0005735845770686865,0.0001288331113755703,8.245720528066158e-05,1.8792226910591125e-05,True,True
pvs_d5_b8__conservative,pvs,5,5,6,0.25,8,,conservative,seed0_early_t0,0,tuning,early,0,0,5000,1686,normal,1→35,1,35,597.0,0.09343329211696982,0.09343329211696982,0.3737331684678793,False,1481,1103,8216,1686,8,8,1.0,5,5,5,False,recovery_wait,1,278,6735,0,1101,1,0.0009082652134423251,{},0.000152332941070199,0.019468778045848012,0.0017405569087713957,0.004108250141143799,0.01723970309831202,0.06622008397243917,0.0056875457521528006,2.537621185183525e-05,True,True
pvs_d5_b8__conservative,pvs,5,5,6,0.25,8,,conservative,seed0_few_legal_t6,0,tuning,few_legal,6,1,2,2,critical,35→32,35,32,597.0,0.04747562506236136,0.04747562506236136,0.18990250024944544,False,805,584,4310,2,2,2,1.0,5,5,5,False,recovery_wait,2,159,3517,0,569,14,0.02460456942003515,{},1.1669471859931946e-06,0.010098392143845558,0.0009975798893719912,9.040813893079758e-06,0.01117556681856513,0.03326201671734452,0.002973999362438917,5.3834402933716774e-05,True,True
pvs_d5_b8__conservative,pvs,5,5,6,0.25,8,,conservative,seed0_early_pruning_t17,0,tuning,early_pruning,17,2,44,26,normal,28→60,28,60,797.0,0.137041375041008,0.137041375041008,0.548165500164032,False,1677,1104,11207,26,8,8,1.0,5,5,5,False,recovery_streak_reset,0,431,9552,0,1081,22,0.020351526364477335,{},3.375113010406494e-06,0.026837691199034452,0.0026221489533782005,7.254118099808693e-05,0.029598086839541793,0.10106782871298492,0.006286417366936803,1.31258275359869e-05,True,True
pvs_d5_b8__conservative,pvs,5,5,6,0.25,8,,conservative,seed0_middle_t27,0,tuning,middle,27,3,2,2,critical,63→63,63,63,827.0,0.010596458101645112,0.010596458101645112,0.04238583240658045,False,189,121,995,2,2,2,1.0,5,5,5,False,recovery_wait,1,33,810,0,133,4,0.03007518796992481,{},1.4579854905605316e-06,0.002439670730382204,0.00023903930559754372,1.0709045454859734e-05,0.0026880388613790274,0.007156002335250378,0.000723749864846468,1.650000922381878e-05,True,True
pvs_d5_b8__conservative,pvs,5,5,6,0.25,8,,conservative,seed0_late_t49,0,tuning,late,49,4,78,23,normal,11→28,11,28,999995.0,0.029872542014345527,0.029872542014345527,0.1194901680573821,False,596,252,4850,23,8,8,1.0,5,5,5,False,recovery_wait,2,165,4261,0,377,7,0.01856763925729443,{},3.2919924706220627e-06,0.01167595712468028,0.001118205487728119,6.49159774184227e-05,0.012805748730897903,0.014730451861396432,0.0022575913462787867,1.0542105883359909e-05,True,True
pvs_d5_b8__conservative,pvs,5,5,6,0.25,8,,conservative,seed1_early_t0,1,tuning,early,0,0,5000,1678,normal,13→35,13,35,758.5,0.04605616698972881,0.04605616698972881,0.18422466795891523,False,614,422,4676,1678,8,8,1.0,5,5,5,False,recovery_wait,1,119,4005,0,420,1,0.002380952380952381,{},0.00015895813703536987,0.011302675120532513,0.0008902058470994234,0.004207707941532135,0.008060276973992586,0.031115441350266337,0.0024869476910680532,2.6834895834326744e-05,True,True
pvs_d5_b8__conservative,pvs,5,5,6,0.25,8,,conservative,seed1_early_pruning_t75,1,tuning,early_pruning,75,1,66,29,normal,2→12,2,12,788.0,0.4869678339455277,0.4869678339455277,1.9478713357821107,False,7034,4934,36706,29,8,8,1.0,5,5,4,True,elapsed_ratio_high,0,1622,29584,0,4867,68,0.01397164577768646,{},4.292000085115433e-06,0.08507684175856411,0.008562153205275536,7.729185745120049e-05,0.09435018827207386,0.3668478112667799,0.025675625540316105,1.2625008821487427e-05,True,True
pvs_d5_b8__conservative,pvs,5,5,6,0.25,8,,conservative,seed1_middle_t120,1,tuning,middle,120,2,90,37,normal,9→20,9,20,-768.0,0.012774833012372255,0.012774833012372255,0.05109933204948902,False,215,132,1559,37,8,8,1.0,4,4,4,False,recovery_wait,1,63,1337,0,129,2,0.015503875968992248,{},5.332985892891884e-06,0.0035822500940412283,0.0003497065044939518,9.995908476412296e-05,0.003862955141812563,0.008006166201084852,0.0007884616497904062,1.195794902741909e-05,False,False
pvs_d5_b8__conservative,pvs,5,5,6,0.25,8,,conservative,seed1_few_legal_t121,1,tuning,few_legal,121,3,4,2,critical,20→2,20,2,-667.0,0.019317958038300276,0.019317958038300276,0.0772718321532011,False,321,237,1704,2,2,2,1.0,4,4,4,False,recovery_wait,2,58,1393,0,222,15,0.06756756756756757,{},1.166015863418579e-06,0.003956842003390193,0.00039115874096751213,6.832880899310112e-06,0.0043733674101531506,0.013689963845536113,0.0011869596783071756,5.966820754110813e-05,True,False
pvs_d5_b8__conservative,pvs,5,5,6,0.25,8,,conservative,seed1_late_t236,1,tuning,late,236,4,4,3,danger,35→63,35,63,-999996.0,0.0006492908578366041,0.0006492908578366041,0.0025971634313464165,False,17,8,144,3,3,3,1.0,4,4,5,True,recovered,0,3,122,0,10,0,0.0,{},1.2919772416353226e-06,0.0003317489754408598,3.058207221329212e-05,1.1041061952710152e-05,0.0003555414732545614,0.00020429259166121483,6.087403744459152e-05,1.624971628189087e-05,True,True
pvs_d5_b8__standard,pvs,5,5,7,0.4,8,,standard,seed0_early_t0,0,tuning,early,0,0,5000,1686,normal,1→35,1,35,597.0,0.09437183407135308,0.09437183407135308,0.2359295851783827,False,1481,1103,8216,1686,8,8,1.0,5,5,5,False,recovery_wait,1,278,6735,0,1101,1,0.0009082652134423251,{},0.00015408312901854515,0.019601940410211682,0.0017338634934276342,0.0040937080048024654,0.017386591993272305,0.06699162977747619,0.0057221942115575075,2.362695522606373e-05,True,True
pvs_d5_b8__standard,pvs,5,5,7,0.4,8,,standard,seed0_few_legal_t6,0,tuning,few_legal,6,1,2,2,critical,35→32,35,32,597.0,0.0479740418959409,0.0479740418959409,0.11993510473985225,False,805,584,4310,2,2,2,1.0,5,5,5,False,recovery_wait,2,159,3517,0,569,14,0.02460456942003515,{},1.4170072972774506e-06,0.0102144714910537,0.0010157425422221422,1.0041054338216782e-05,0.011304480955004692,0.03357012663036585,0.0030319332145154476,5.604303441941738e-05,True,True
pvs_d5_b8__standard,pvs,5,5,7,0.4,8,,standard,seed0_early_pruning_t17,0,tuning,early_pruning,17,2,44,26,normal,28→60,28,60,797.0,0.14019025000743568,0.14019025000743568,0.3504756250185892,False,1677,1104,11207,26,8,8,1.0,5,5,6,True,recovered,0,431,9552,0,1081,22,0.020351526364477335,{},3.4999102354049683e-06,0.027358262334018946,0.0026435295585542917,7.458310574293137e-05,0.030146051663905382,0.10355111351236701,0.00640187575481832,1.3126060366630554e-05,True,True
pvs_d5_b8__standard,pvs,5,5,7,0.4,8,,standard,seed0_middle_t27,0,tuning,middle,27,3,2,2,critical,63→63,63,63,-797.0,0.0515945830848068,0.0515945830848068,0.128986457712017,False,955,621,5578,2,2,2,1.0,6,6,6,False,recovery_wait,1,214,4638,0,676,15,0.022189349112426034,{},2.084067091345787e-06,0.01321497093886137,0.0012987065128982067,1.3625016435980797e-05,0.014597691828384995,0.033403169363737106,0.003560305805876851,1.770700328052044e-05,True,False
pvs_d5_b8__standard,pvs,5,5,7,0.4,8,,standard,seed0_late_t49,0,tuning,late,49,4,78,23,normal,11→28,11,28,999995.0,0.06733200000599027,0.06733200000599027,0.16833000001497567,False,1438,448,13559,23,8,8,1.0,6,6,6,False,recovery_wait,2,528,12144,0,792,23,0.02904040404040404,{},3.7080608308315277e-06,0.031944089103490114,0.003139266511425376,6.600003689527512e-05,0.035239550517871976,0.026863901410251856,0.005145673174411058,1.3166805729269981e-05,True,True
pvs_d5_b8__standard,pvs,5,5,7,0.4,8,,standard,seed1_early_t0,1,tuning,early,0,0,5000,1678,normal,13→35,13,35,758.5,0.04601958300918341,0.04601958300918341,0.11504895752295852,False,614,422,4676,1678,8,8,1.0,5,5,5,False,recovery_wait,1,119,4005,0,420,1,0.002380952380952381,{},0.00015983404591679573,0.011341181816533208,0.0008773286826908588,0.0042660830076783895,0.0080442416947335,0.03105804417282343,0.0024596722796559334,3.170780837535858e-05,True,True
pvs_d5_b8__standard,pvs,5,5,7,0.4,8,,standard,seed1_early_pruning_t75,1,tuning,early_pruning,75,1,66,29,normal,2→12,2,12,788.0,0.495505667058751,0.495505667058751,1.2387641676468775,False,7034,4934,36706,29,8,8,1.0,5,5,4,True,elapsed_ratio_high,0,1622,29584,0,4867,68,0.01397164577768646,{},4.333909600973129e-06,0.08685391489416361,0.008807584643363953,8.091703057289124e-05,0.09637066931463778,0.37272175936959684,0.026314779417589307,1.3208016753196716e-05,True,True
pvs_d5_b8__standard,pvs,5,5,7,0.4,8,,standard,seed1_middle_t120,1,tuning,middle,120,2,90,37,normal,9→20,9,20,-768.0,0.012893625069409609,0.012893625069409609,0.03223406267352402,False,215,132,1559,37,8,8,1.0,4,4,4,False,recovery_wait,1,63,1337,0,129,2,0.015503875968992248,{},5.207955837249756e-06,0.003619709052145481,0.00035845907405018806,0.00010212510824203491,0.003908446757122874,0.008070957381278276,0.0007944710087031126,1.2416858226060867e-05,False,False
pvs_d5_b8__standard,pvs,5,5,7,0.4,8,,standard,seed1_few_legal_t121,1,tuning,few_legal,121,3,4,2,critical,20→2,20,2,-667.0,0.019496750086545944,0.019496750086545944,0.04874187521636486,False,321,237,1704,2,2,2,1.0,4,4,4,False,recovery_wait,2,58,1393,0,222,15,0.06756756756756757,{},1.125037670135498e-06,0.003989544464275241,0.00040650228038430214,7.3339324444532394e-06,0.004422495607286692,0.013819841668009758,0.0011849966831505299,6.0957157984375954e-05,True,False
pvs_d5_b8__standard,pvs,5,5,7,0.4,8,,standard,seed1_late_t236,1,tuning,late,236,4,4,3,danger,35→63,35,63,-999996.0,0.0006600408814847469,0.0006600408814847469,0.0016501022037118673,False,17,8,144,3,3,3,1.0,4,4,5,True,recovered,0,3,122,0,10,0,0.0,{},1.500127837061882e-06,0.00033262395299971104,3.204168751835823e-05,1.2750038877129555e-05,0.00035633030347526073,0.00020937458612024784,6.250315345823765e-05,1.7582671716809273e-05,True,True
pvs_d5_b8__aggressive,pvs,5,5,7,0.6,8,,aggressive,seed0_early_t0,0,tuning,early,0,0,5000,1686,normal,1→35,1,35,597.0,0.09431595797650516,0.09431595797650516,0.15719326329417527,False,1481,1103,8216,1686,8,8,1.0,5,5,5,False,recovery_wait,1,278,6735,0,1101,1,0.0009082652134423251,{},0.00015104119665920734,0.01969882915727794,0.0017449972219765186,0.00412145908921957,0.017468011239543557,0.06686722324229777,0.005681473528966308,2.6749679818749428e-05,True,True
pvs_d5_b8__aggressive,pvs,5,5,7,0.6,8,,aggressive,seed0_few_legal_t6,0,tuning,few_legal,6,1,2,2,critical,35→32,35,32,597.0,0.048792165936902165,0.048792165936902165,0.08132027656150362,False,805,584,4310,2,2,2,1.0,5,5,6,True,recovered,0,159,3517,0,569,14,0.02460456942003515,{},1.584179699420929e-06,0.010377669939771295,0.0010270823258906603,1.0624993592500687e-05,0.011481522815302014,0.03413383709266782,0.003105931216850877,5.866563878953457e-05,True,True
pvs_d5_b8__aggressive,pvs,5,5,7,0.6,8,,aggressive,seed0_early_pruning_t17,0,tuning,early_pruning,17,2,44,26,normal,28→66,28,66,-807.5,0.1603532498702407,0.1603532498702407,0.2672554164504012,False,2110,1392,12853,26,8,8,1.0,6,6,6,False,recovery_wait,1,458,10746,0,1384,7,0.0050578034682080926,{},4.00003045797348e-06,0.030593481613323092,0.0028615447226911783,7.650000043213367e-05,0.03363677975721657,0.11866420111618936,0.007957311114296317,1.4457851648330688e-05,False,False
pvs_d5_b8__aggressive,pvs,5,5,7,0.6,8,,aggressive,seed0_middle_t27,0,tuning,middle,27,3,2,2,critical,63→63,63,63,-797.0,0.05138345900923014,0.05138345900923014,0.0856390983487169,False,955,621,5578,2,2,2,1.0,6,6,7,True,recovered,0,214,4638,0,676,15,0.022189349112426034,{},1.4170072972774506e-06,0.01315021002665162,0.001289660343900323,1.0041985660791397e-05,0.01452783471904695,0.033278583316132426,0.0035492070019245148,1.637497916817665e-05,True,False
pvs_d5_b8__aggressive,pvs,5,5,7,0.6,8,,aggressive,seed0_late_t49,0,tuning,late,49,4,78,23,normal,11→28,11,28,999995.0,0.1569937497843057,0.1569937497843057,0.2616562496405095,False,3155,1312,25740,23,8,8,1.0,7,7,7,False,at_max_depth,0,896,22616,0,1976,33,0.016700404858299597,{},3.6670826375484467e-06,0.06094792648218572,0.005877135321497917,6.55842013657093e-05,0.06718332064338028,0.07796433917246759,0.01176417339593172,1.2665288522839546e-05,True,True
pvs_d5_b8__aggressive,pvs,5,5,7,0.6,8,,aggressive,seed1_early_t0,1,tuning,early,0,0,5000,1678,normal,13→35,13,35,758.5,0.04519854090176523,0.04519854090176523,0.07533090150294205,False,614,422,4676,1678,8,8,1.0,5,5,5,False,recovery_wait,1,119,4005,0,420,1,0.002380952380952381,{},0.00015979190357029438,0.0110712219029665,0.0008445049170404673,0.004128083121031523,0.007863021455705166,0.030583745567128062,0.0024380250833928585,2.587377093732357e-05,True,True
pvs_d5_b8__aggressive,pvs,5,5,7,0.6,8,,aggressive,seed1_early_pruning_t75,1,tuning,early_pruning,75,1,66,29,normal,2→12,2,12,788.0,0.4938909588381648,0.4938909588381648,0.823151598063608,False,7034,4934,36706,29,8,8,1.0,5,5,5,False,recovery_streak_reset,0,1622,29584,0,4867,68,0.01397164577768646,{},4.250090569257736e-06,0.08662156038917601,0.00871790898963809,7.924996316432953e-05,0.0960460368078202,0.37163341720588505,0.02611575392074883,1.2250849977135658e-05,True,True
pvs_d5_b8__aggressive,pvs,5,5,7,0.6,8,,aggressive,seed1_middle_t120,1,tuning,middle,120,2,90,37,normal,9→49,9,49,768.0,0.08022862486541271,0.08022862486541271,0.13371437477568787,False,1125,737,7059,37,8,8,1.0,5,5,5,False,recovery_wait,1,277,5910,0,719,19,0.02642559109874826,{},5.207955837249756e-06,0.019717360381036997,0.0020333256106823683,0.00010191695764660835,0.021841133944690228,0.05329953948967159,0.0049675763584673405,1.3250159099698067e-05,True,True
pvs_d5_b8__aggressive,pvs,5,5,7,0.6,8,,aggressive,seed1_few_legal_t121,1,tuning,few_legal,121,3,4,2,critical,20→2,20,2,667.0,0.05707904207520187,0.05707904207520187,0.09513173679200312,False,961,675,5209,2,2,2,1.0,5,5,6,True,recovered,0,208,4245,0,662,20,0.030211480362537766,{},1.2079253792762756e-06,0.012436422286555171,0.0012380809057503939,7.458031177520752e-06,0.013770471792668104,0.039663080126047134,0.0035744900815188885,6.233411841094494e-05,True,True
pvs_d5_b8__aggressive,pvs,5,5,7,0.6,8,,aggressive,seed1_late_t236,1,tuning,late,236,4,4,3,danger,35→63,35,63,-999996.0,0.0023730830289423466,0.0023730830289423466,0.003955138381570578,False,47,24,273,3,3,3,1.0,6,6,6,False,recovery_wait,1,10,216,0,31,0,0.0,{},1.2498348951339722e-06,0.0006243328098207712,6.36647455394268e-05,1.1416152119636536e-05,0.0006856599356979132,0.001474960008636117,0.00018300511874258518,1.679197885096073e-05,True,True
