agent,beam_pruned_move_count,beam_widths,beam_widths_used,branch_limit,candidate_evaluation_time_sec,candidate_sort_time_sec,category,completed_root_moves,config_id,cutoff_count,depth,depth_after,depth_before,depth_change_reason,depth_changed,effective_depth,elapsed_time_sec,end_id,leaf_evaluation_time_sec,leaf_evaluations,legal_edge_count,legal_move_generation_time_sec,nodes_searched,null_window_searches,ordering_evaluations,other_time_sec,position_id,profile,pruned_move_count,recovery_streak,recursive_ordering_time_sec,recursive_other_time_sec,remaining_word_count,research_count,research_rate,risk_level,root_candidate_count,root_completion_rate,root_ordering_time_sec,score,seed,selected_edge,selected_root_candidate_count,sequence_index,split,start_id,timed_out,turn,baseline_move_agreement,alpha_beta_reference_config,alpha_beta_move_agreement,alpha_beta_score_agreement,alpha_beta_reference_rank,alpha_beta_reference_retained_at_root
alpha_beta,0,,{},8,0.037024158984422684,0.0029230841901153326,early,4,alpha_beta_d5_b8,64,5,5,5,adaptive_disabled,False,5,0.1502290409989655,35,0.10094053251668811,434,1686,0.000501041067764163,563,0,3882,0.0002223739866167307,seed0_early_t0,fixed,3297,0,0.022362798918038607,0.008239377522841096,5000,0,0.0,normal,1686,0.5,0.017962916987016797,597.0,0,1→35,8,,tuning,1,True,0,True,alpha_beta_d5_b8,True,True,,
alpha_beta,0,,{},8,0.009330544620752335,0.002166791120544076,middle,2,alpha_beta_d5_b8,27,5,5,5,adaptive_disabled,False,5,0.04309212486259639,63,0.028374637942761183,124,2,7.00005330145359e-06,191,0,970,5.3749652579426765e-05,seed0_middle_t27,fixed,779,0,0.011609872104600072,0.0030089900828897953,2,0,0.0,critical,2,1.0,3.787502646446228e-05,827.0,0,63→63,2,,tuning,63,False,27,True,alpha_beta_d5_b8,True,True,,
alpha_beta,0,,{},8,0.03069228888489306,0.0034844158217310905,late,8,alpha_beta_d5_b8,121,5,5,5,adaptive_disabled,False,5,0.08240916696377099,28,0.04120745277032256,205,23,1.4499993994832039e-05,462,0,3810,3.933487460017204e-05,seed0_late_t49,fixed,3348,0,0.0342654213309288,0.006661791820079088,78,0,0.0,normal,23,1.0,0.00022066617384552956,999995.0,0,11→28,8,,tuning,11,False,49,True,alpha_beta_d5_b8,True,True,,
alpha_beta,0,,{},8,0.03032733383588493,0.0035933766048401594,early,3,alpha_beta_d5_b8,76,5,5,5,adaptive_disabled,False,5,0.15010629105381668,35,0.10647000721655786,373,1678,0.0010269999038428068,508,0,4222,8.095847442746162e-05,seed1_early_t0,fixed,3664,0,0.02276066644117236,0.008178534219041467,5000,0,0.0,normal,1678,0.375,0.01158912479877472,758.5,1,13→35,8,,tuning,13,True,0,True,alpha_beta_d5_b8,True,True,,
alpha_beta,0,,{},8,0.03191433963365853,0.004631538642570376,middle,4,alpha_beta_d5_b8,119,5,5,5,adaptive_disabled,False,5,0.15005700010806322,49,0.10100189736112952,466,37,1.7209211364388466e-05,675,0,3764,3.474880941212177e-05,seed1_middle_t120,fixed,3031,0,0.03686313237994909,0.011891762260347605,90,0,0.0,normal,37,0.5,0.0002482500858604908,768.0,1,9→49,8,,tuning,9,True,120,True,alpha_beta_d5_b8,True,True,,
alpha_beta,0,,{},8,0.0015826229937374592,0.00018450175411999226,late,3,alpha_beta_d5_b8,10,5,5,5,adaptive_disabled,False,5,0.0024763750843703747,63,0.00031433277763426304,6,3,8.290866389870644e-06,23,0,224,0.00011100131087005138,seed1_late_t236,fixed,194,0,0.001733583863824606,0.0002489164471626282,4,0,0.0,danger,3,1.0,6.02498184889555e-05,-999996.0,1,35→63,3,,tuning,35,False,236,True,alpha_beta_d5_b8,True,True,,
alpha_beta,0,,{},12,0.02841928764246404,0.0031510426197201014,early,3,alpha_beta_d5_b12,48,5,5,5,adaptive_disabled,False,5,0.15017208294011652,35,0.10716758202761412,379,1686,0.0003934998530894518,473,0,3299,0.00014083296991884708,seed0_early_t0,fixed,2807,0,0.020133414771407843,0.01008787821047008,5000,0,0.0,normal,1686,0.25,0.012248875107616186,597.0,0,1→35,12,,tuning,1,True,0,True,alpha_beta_d5_b12,True,True,,
alpha_beta,0,,{},12,0.011827416019514203,0.002071079332381487,middle,2,alpha_beta_d5_b12,40,5,5,5,adaptive_disabled,False,5,0.08293500007130206,63,0.06313838460482657,264,2,7.791910320520401e-06,367,0,1501,4.7291163355112076e-05,seed0_middle_t27,fixed,1129,0,0.01406938023865223,0.00561719317920506,2,0,0.0,critical,2,1.0,5.4958974942564964e-05,827.0,0,63→63,2,,tuning,63,False,27,True,alpha_beta_d5_b12,True,True,,
alpha_beta,0,,{},12,0.04951621382497251,0.005992911988869309,late,4,alpha_beta_d5_b12,187,5,5,5,adaptive_disabled,False,5,0.1500851670280099,58,0.08279967936687171,354,23,1.300009898841381e-05,731,0,5966,4.474981687963009e-05,seed0_late_t49,fixed,5188,0,0.05578166292980313,0.011227782815694809,78,0,0.0,normal,23,0.3333333333333333,0.00021829199977219105,797.0,0,11→58,12,,tuning,11,True,49,False,alpha_beta_d5_b12,True,True,,
alpha_beta,0,,{},12,0.03188716759905219,0.0035473769530653954,early,3,alpha_beta_d5_b12,51,5,5,5,adaptive_disabled,False,5,0.1501648749690503,35,0.10544440988451242,373,1678,0.0005263751372694969,472,0,3584,0.00010116677731275558,seed1_early_t0,fixed,3053,0,0.02148091862909496,0.008239087415859103,5000,0,0.0,normal,1678,0.25,0.01437291712500155,758.5,1,13→35,12,,tuning,13,True,0,True,alpha_beta_d5_b12,True,True,,
alpha_beta,0,,{},12,0.022622416960075498,0.0034071290865540504,middle,2,alpha_beta_d5_b12,67,5,5,5,adaptive_disabled,False,5,0.15011029108427465,20,0.11179448524489999,427,37,3.541586920619011e-05,539,0,2268,6.63332175463438e-05,seed1_middle_t120,fixed,1666,0,0.025834667729213834,0.011734514031559229,90,0,0.0,normal,37,0.16666666666666666,0.0006448749918490648,667.0,1,9→20,12,,tuning,9,True,120,False,alpha_beta_d5_b12,True,True,,
alpha_beta,0,,{},12,0.0020010010339319706,0.00022091669961810112,late,3,alpha_beta_d5_b12,14,5,5,5,adaptive_disabled,False,5,0.0034516670275479555,63,0.0003132508136332035,10,3,6.666872650384903e-06,31,0,291,6.312504410743713e-05,seed1_late_t236,fixed,253,0,0.00220250035636127,0.0008132078219205141,4,0,0.0,danger,3,1.0,5.291611887514591e-05,-999996.0,1,35→63,3,,tuning,35,False,236,True,alpha_beta_d5_b12,True,True,,
alpha_beta,0,,{},16,0.03007958666421473,0.003455749014392495,early,2,alpha_beta_d5_b16,42,5,5,5,adaptive_disabled,False,5,0.15020733303390443,35,0.10661628330126405,410,1686,0.0009237919002771378,493,0,3144,0.0001630422193557024,seed0_early_t0,fixed,2618,0,0.015903708757832646,0.008633340941742063,5000,0,0.0,normal,1686,0.125,0.017967165913432837,597.0,0,1→35,16,,tuning,1,True,0,True,alpha_beta_d5_b16,True,True,,
alpha_beta,0,,{},16,0.02480900357477367,0.0037018288858234882,middle,2,alpha_beta_d5_b16,50,5,5,5,adaptive_disabled,False,5,0.1395495419856161,63,0.10039124498143792,336,2,1.2082979083061218e-05,463,0,1927,7.266667671501637e-05,seed0_middle_t27,fixed,1444,0,0.028794161044061184,0.010194969130679965,2,0,0.0,critical,2,1.0,8.441717363893986e-05,827.0,0,63→63,2,,tuning,63,False,27,True,alpha_beta_d5_b16,True,True,,
alpha_beta,0,,{},16,0.053367414278909564,0.010657580103725195,late,0,alpha_beta_d5_b16,160,5,5,5,adaptive_disabled,False,5,0.15014904201962054,58,0.07401166623458266,264,23,1.7625046893954277e-05,587,0,5313,6.483402103185654e-05,seed0_late_t49,fixed,4664,0,0.06430653808638453,0.011439503636211157,78,0,0.0,normal,23,0.0,0.0003088749945163727,-767.0,0,11→58,16,,tuning,11,True,49,False,alpha_beta_d5_b16,True,True,,
alpha_beta,0,,{},16,0.026501250686123967,0.002684498904272914,early,3,alpha_beta_d5_b16,46,5,5,5,adaptive_disabled,False,5,0.1501804580911994,35,0.11125491606071591,415,1678,0.0005996671970933676,506,0,3430,0.00013829069212079048,seed1_early_t0,fixed,2856,0,0.01588845974765718,0.00843079132027924,5000,0,0.0,normal,1678,0.1875,0.013868333073332906,758.5,1,13→35,16,,tuning,13,True,0,True,alpha_beta_d5_b16,True,True,,
alpha_beta,0,,{},16,0.021531247766688466,0.003182334126904607,middle,0,alpha_beta_d5_b16,65,5,5,5,adaptive_disabled,False,5,0.15007212501950562,20,0.11603183997794986,458,37,3.2292213290929794e-05,558,0,2198,4.137400537729263e-05,seed1_middle_t120,fixed,1586,0,0.02443183260038495,0.008901744382455945,90,0,0.0,normal,37,0.0,0.0006330418400466442,-58.5,1,9→20,16,,tuning,9,True,120,False,alpha_beta_d5_b16,True,True,,
alpha_beta,0,,{},16,0.0032374602742493153,0.0004277466796338558,late,3,alpha_beta_d5_b16,18,5,5,5,adaptive_disabled,False,5,0.004988665925338864,63,0.0005434565246105194,14,3,8.750008419156075e-06,39,0,382,9.349989704787731e-05,seed1_late_t236,fixed,336,0,0.0036507484037429094,0.0006251700688153505,4,0,0.0,danger,3,1.0,6.704102270305157e-05,-999996.0,1,35→63,3,,tuning,35,False,236,True,alpha_beta_d5_b16,True,True,,
alpha_beta,0,,{},8,0.03487341688014567,0.006096290424466133,early,0,alpha_beta_d6_b8,113,6,6,6,adaptive_disabled,False,6,0.1504836669191718,35,0.09796108258888125,502,1686,0.0004092501476407051,682,0,5026,0.00046095787547528744,seed0_early_t0,fixed,4322,0,0.030337876174598932,0.010058250278234482,5000,0,0.0,normal,1686,0.0,0.01125624985434115,-90.0,0,1→35,8,,tuning,1,True,0,True,alpha_beta_d6_b8,True,True,,
alpha_beta,0,,{},8,0.02538145612925291,0.003900827607139945,middle,1,alpha_beta_d6_b8,81,6,6,6,adaptive_disabled,False,6,0.15939404116943479,63,0.12192150228656828,185,2,7.709022611379623e-06,346,0,2438,0.00010920735076069832,seed0_middle_t27,fixed,2060,0,0.029653621139004827,0.007651293417438865,2,0,0.0,critical,2,0.5,5.070795305073261e-05,-797.0,0,63→63,2,,tuning,63,True,27,True,alpha_beta_d6_b8,True,True,,
alpha_beta,0,,{},8,0.03176441416144371,0.010625536553561687,late,0,alpha_beta_d6_b8,89,6,6,6,adaptive_disabled,False,6,0.2208643751218915,58,0.1618963684886694,164,23,1.633400097489357e-05,362,0,2662,5.0083035603165627e-05,seed0_late_t49,fixed,2269,0,0.04263603896833956,0.015913592651486397,78,0,0.0,normal,23,0.0,0.0003519579768180847,-767.0,0,11→58,8,,tuning,11,True,49,False,alpha_beta_d6_b8,True,True,,
alpha_beta,0,,{},8,0.0407319066580385,0.004616626771166921,early,0,alpha_beta_d6_b8,78,6,6,6,adaptive_disabled,False,6,0.1502064170781523,35,0.09572091465815902,316,1678,0.0005327498074620962,441,0,3954,0.00018062512390315533,seed1_early_t0,fixed,3459,0,0.025794290704652667,0.007861794671043754,5000,0,0.0,normal,1678,0.0,0.02011604211293161,-140.0,1,13→35,8,,tuning,13,True,0,True,alpha_beta_d6_b8,True,True,,
alpha_beta,0,,{},8,0.03094246075488627,0.003646872704848647,middle,0,alpha_beta_d6_b8,127,6,6,6,adaptive_disabled,False,6,0.1507095410488546,20,0.10476109082810581,477,37,1.812516711652279e-05,669,0,3637,6.720796227455139e-05,seed1_middle_t120,fixed,2925,0,0.034750293008983135,0.010853449115529656,90,0,0.0,normal,37,0.0,0.00025937496684491634,-58.5,1,9→20,8,,tuning,9,True,120,False,alpha_beta_d6_b8,True,True,,
alpha_beta,0,,{},8,0.002944039646536112,0.00039741815999150276,late,3,alpha_beta_d6_b8,10,6,6,6,adaptive_disabled,False,6,0.01194754196330905,63,0.006999916164204478,24,3,1.4042016118764877e-05,47,0,273,7.137376815080643e-05,seed1_late_t236,fixed,216,0,0.0032292918767780066,0.0014528341125696898,4,0,0.0,danger,3,1.0,0.00018008402548730373,-999996.0,1,35→63,3,,tuning,35,False,236,True,alpha_beta_d6_b8,True,True,,
alpha_beta,0,,{},12,0.036359801422804594,0.005682290764525533,early,0,alpha_beta_d6_b12,81,6,6,6,adaptive_disabled,False,6,0.15019312500953674,35,0.09710966027341783,386,1686,0.0015252078883349895,509,0,4185,0.00014541600830852985,seed0_early_t0,fixed,3624,0,0.02827908145263791,0.00829705037176609,5000,0,0.0,normal,1686,0.0,0.014836709015071392,-90.0,0,1→35,12,,tuning,1,True,0,True,alpha_beta_d6_b12,True,True,,
alpha_beta,0,,{},12,0.05186805478297174,0.006723747123032808,middle,1,alpha_beta_d6_b12,192,6,6,6,adaptive_disabled,False,6,0.15010729106143117,63,0.0785926824901253,352,2,6.292015314102173e-06,673,0,5807,5.88330440223217e-05,seed0_middle_t27,fixed,5086,0,0.05921816569752991,0.01217523473314941,2,0,0.0,critical,2,0.5,5.608308129012585e-05,-797.0,0,63→63,2,,tuning,63,True,27,True,alpha_beta_d6_b12,True,True,,
alpha_beta,0,,{},12,0.04831938096322119,0.009073087479919195,late,0,alpha_beta_d6_b12,147,6,6,6,adaptive_disabled,False,6,0.15006629098206758,58,0.07923583989031613,251,23,1.6792211681604385e-05,543,0,4357,5.0165923312306404e-05,seed0_late_t49,fixed,3749,0,0.05758266523480415,0.012611702783033252,78,0,0.0,normal,23,0.0,0.0005691249389201403,-767.0,0,11→58,12,,tuning,11,True,49,False,alpha_beta_d6_b12,True,True,,
alpha_beta,0,,{},12,0.03920612670481205,0.004193080822005868,early,0,alpha_beta_d6_b12,90,6,6,6,adaptive_disabled,False,6,0.15018629212863743,35,0.09651937359012663,350,1678,0.0005860831588506699,485,0,4313,9.987480007112026e-05,seed1_early_t0,fixed,3761,0,0.028077666647732258,0.009025918785482645,5000,0,0.0,normal,1678,0.0,0.015877375146374106,-140.0,1,13→35,12,,tuning,13,True,0,True,alpha_beta_d6_b12,True,True,,
alpha_beta,0,,{},12,0.018978044856339693,0.0034413356333971024,middle,0,alpha_beta_d6_b12,64,6,6,6,adaptive_disabled,False,6,0.15221054200083017,20,0.1214642848353833,338,37,1.8791062757372856e-05,441,0,2070,5.487678572535515e-05,seed1_middle_t120,fixed,1566,0,0.022563384845852852,0.00785537133924663,90,0,0.0,normal,37,0.0,0.00025383313186466694,-58.5,1,9→20,12,,tuning,9,True,120,False,alpha_beta_d6_b12,True,True,,
alpha_beta,0,,{},12,0.011880793608725071,0.00045895762741565704,late,3,alpha_beta_d6_b12,14,6,6,6,adaptive_disabled,False,6,0.03116154088638723,63,0.014994253171607852,35,3,1.1041993275284767e-05,66,0,344,7.125013507902622e-05,seed1_late_t236,fixed,263,0,0.013023914536461234,0.002987748244777322,4,0,0.0,danger,3,1.0,7.333280518651009e-05,-999996.0,1,35→63,3,,tuning,35,False,236,True,alpha_beta_d6_b12,True,True,,
alpha_beta,0,,{},16,0.0375541637185961,0.003636277513578534,early,0,alpha_beta_d6_b16,74,6,6,6,adaptive_disabled,False,6,0.15021970798261464,35,0.10013029631227255,352,1686,0.0006258748471736908,458,0,3922,0.0001782500185072422,seed0_early_t0,fixed,3413,0,0.02501332969404757,0.007762832101434469,5000,0,0.0,normal,1686,0.0,0.016509125009179115,-90.0,0,1→35,16,,tuning,1,True,0,True,alpha_beta_d6_b16,True,True,,
alpha_beta,0,,{},16,0.06198612996377051,0.008570418693125248,middle,1,alpha_beta_d6_b16,214,6,6,6,adaptive_disabled,False,6,0.15006962488405406,63,0.0662271708715707,308,2,1.00000761449337e-05,689,0,6667,5.5332668125629425e-05,seed0_middle_t27,fixed,5920,0,0.0710740799549967,0.012611458310857415,2,0,0.0,critical,2,0.5,9.1583002358675e-05,-797.0,0,63→63,2,,tuning,63,True,27,True,alpha_beta_d6_b16,True,True,,
alpha_beta,0,,{},16,0.023000751389190555,0.0030190793331712484,late,0,alpha_beta_d6_b16,69,6,6,6,adaptive_disabled,False,6,0.15008049993775785,58,0.11847366252914071,137,23,1.2417091056704521e-05,278,0,2271,3.704102709889412e-05,seed0_late_t49,fixed,1918,0,0.026076332898810506,0.0052747963927686214,78,0,0.0,normal,23,0.0,0.0002062499988824129,-767.0,0,11→58,16,,tuning,11,True,49,False,alpha_beta_d6_b16,True,True,,
alpha_beta,0,,{},16,0.03514579520560801,0.007078417809680104,early,0,alpha_beta_d6_b16,73,6,6,6,adaptive_disabled,False,6,0.15009783417917788,35,0.09630271140486002,332,1678,0.00044070882722735405,444,0,3858,0.00014020828530192375,seed1_early_t0,fixed,3326,0,0.026529123540967703,0.010436332086101174,5000,0,0.0,normal,1678,0.0,0.016248750034719706,-140.0,1,13→35,16,,tuning,13,True,0,True,alpha_beta_d6_b16,True,True,,
alpha_beta,0,,{},16,0.015732161467894912,0.003974666120484471,middle,0,alpha_beta_d6_b16,46,6,6,6,adaptive_disabled,False,6,0.1500729580875486,20,0.122510498855263,331,37,1.870817504823208e-05,411,0,1692,3.4708064049482346e-05,seed1_middle_t120,fixed,1218,0,0.019721627002581954,0.007479499094188213,90,0,0.0,normal,37,0.0,0.000307916896417737,-58.5,1,9→20,16,,tuning,9,True,120,False,alpha_beta_d6_b16,True,True,,
alpha_beta,0,,{},16,0.005198293831199408,0.0005153319798409939,late,3,alpha_beta_d6_b16,18,6,6,6,adaptive_disabled,False,6,0.021609832998365164,63,0.014200083911418915,52,3,3.7207966670393944e-05,91,0,448,6.5626110881567e-05,seed1_late_t236,fixed,338,0,0.0057424139231443405,0.0015129181556403637,4,0,0.0,danger,3,1.0,5.1582930609583855e-05,-999996.0,1,35→63,3,,tuning,35,False,236,True,alpha_beta_d6_b16,True,True,,
pvs,0,,{},8,0.03954867506399751,0.004036452621221542,early,4,pvs_d5_b8,109,5,5,5,adaptive_disabled,False,5,0.15010649990290403,35,0.09654061053879559,428,1686,0.0006105001084506512,584,426,4379,7.962482050061226e-05,seed0_early_t0,fixed,3777,0,0.02577716368250549,0.008782600751146674,5000,1,0.002347417840375587,normal,1686,0.5,0.018316000001505017,597.0,0,1→35,8,,tuning,1,True,0,True,alpha_beta_d5_b8,True,True,,
pvs,0,,{},8,0.008084039902314544,0.0011013757903128862,middle,2,pvs_d5_b8,33,5,5,5,adaptive_disabled,False,5,0.038498459151014686,63,0.02493403689004481,121,2,8.333008736371994e-06,189,133,995,5.5750831961631775e-05,seed0_middle_t27,fixed,810,0,0.00926245842128992,0.004171545850113034,2,4,0.03007518796992481,critical,2,1.0,6.633414886891842e-05,827.0,0,63→63,2,,tuning,63,False,27,True,alpha_beta_d5_b8,True,True,,
pvs,0,,{},8,0.04569217539392412,0.005066588753834367,late,8,pvs_d5_b8,165,5,5,5,adaptive_disabled,False,5,0.12156395800411701,28,0.06088181585073471,252,23,3.50000336766243e-05,596,377,4850,5.045672878623009e-05,seed0_late_t49,fixed,4261,0,0.05122053436934948,0.00903294188901782,78,7,0.01856763925729443,normal,23,1.0,0.0003432091325521469,999995.0,0,11→28,8,,tuning,11,False,49,True,alpha_beta_d5_b8,True,True,,
pvs,0,,{},8,0.03673533070832491,0.005832666531205177,early,5,pvs_d5_b8,99,5,5,5,adaptive_disabled,False,5,0.15008858288638294,35,0.09670390840619802,342,1678,0.000412333058193326,498,340,4208,7.562502287328243e-05,seed1_early_t0,fixed,3652,0,0.02694550040178001,0.009717675158753991,5000,1,0.0029411764705882353,normal,1678,0.625,0.016233540838584304,758.5,1,13→35,8,,tuning,13,True,0,True,alpha_beta_d5_b8,True,True,,
pvs,0,,{},8,0.036481528310105205,0.005050790263339877,middle,2,pvs_d5_b8,158,5,5,5,adaptive_disabled,False,5,0.15012737503275275,20,0.09746166598051786,456,37,2.1041836589574814e-05,681,438,4251,6.483308970928192e-05,seed1_middle_t120,fixed,3542,0,0.041856293799355626,0.010470082284882665,90,19,0.04337899543378995,normal,37,0.25,0.00025345804169774055,667.0,1,9→20,8,,tuning,9,True,120,True,alpha_beta_d5_b8,False,False,,
pvs,0,,{},8,0.0017597514670342207,0.00021399976685643196,late,3,pvs_d5_b8,10,5,5,5,adaptive_disabled,False,5,0.002729959087446332,63,0.00030016573145985603,6,3,7.0838723331689835e-06,23,10,224,0.0001055002212524414,seed1_late_t236,fixed,194,0,0.0019684580620378256,0.0002979591954499483,4,0,0.0,danger,3,1.0,5.079200491309166e-05,-999996.0,1,35→63,3,,tuning,35,False,236,True,alpha_beta_d5_b8,True,True,,
pvs,0,,{},12,0.03075841604731977,0.0032511663157492876,early,3,pvs_d5_b12,80,5,5,5,adaptive_disabled,False,5,0.15018120780587196,35,0.10217574331909418,403,1686,0.0008052089251577854,519,401,3689,0.00018683215603232384,seed0_early_t0,fixed,3143,0,0.02097087725996971,0.011095754336565733,5000,1,0.0024937655860349127,normal,1686,0.25,0.014946791809052229,597.0,0,1→35,12,,tuning,1,True,0,True,alpha_beta_d5_b12,True,True,,
pvs,0,,{},12,0.01539712562225759,0.0025247978046536446,middle,2,pvs_d5_b12,51,5,5,5,adaptive_disabled,False,5,0.10298995906487107,63,0.07376145292073488,235,2,7.750000804662704e-06,339,258,1526,8.575129322707653e-05,seed0_middle_t27,fixed,1186,0,0.01815708656795323,0.01092629344202578,2,4,0.015503875968992248,critical,2,1.0,5.162484012544155e-05,827.0,0,63→63,2,,tuning,63,False,27,True,alpha_beta_d5_b12,True,True,,
pvs,0,,{},12,0.05096429819241166,0.006416674703359604,late,2,pvs_d5_b12,165,5,5,5,adaptive_disabled,False,5,0.15010662516579032,58,0.08040371374227107,328,23,2.229190431535244e-05,655,448,4983,5.220831371843815e-05,seed0_late_t49,fixed,4287,0,0.05747687956318259,0.011728114681318402,78,4,0.008928571428571428,normal,23,0.16666666666666666,0.00042341696098446846,797.0,0,11→58,12,,tuning,11,True,49,False,alpha_beta_d5_b12,True,True,,
pvs,0,,{},12,0.041018210584297776,0.004924415610730648,early,3,pvs_d5_b12,77,5,5,5,adaptive_disabled,False,5,0.1502406250219792,35,0.09455283498391509,258,1678,0.000421999953687191,370,256,3815,0.00015912391245365143,seed1_early_t0,fixed,3388,0,0.031111118150874972,0.008691756054759026,5000,1,0.00390625,normal,1678,0.25,0.015303791966289282,758.5,1,13→35,12,,tuning,13,True,0,True,alpha_beta_d5_b12,True,True,,
pvs,0,,{},12,0.02997671253979206,0.004344752058386803,middle,0,pvs_d5_b12,98,5,5,5,adaptive_disabled,False,5,0.15007900004275143,20,0.10321766999550164,388,37,4.254118539392948e-05,514,376,2736,5.512498319149017e-05,seed1_middle_t120,fixed,2201,0,0.03420112677849829,0.011872037081047893,90,12,0.031914893617021274,normal,37,0.0,0.0006905000191181898,-58.5,1,9→20,12,,tuning,9,True,120,True,alpha_beta_d5_b12,True,False,,
pvs,0,,{},12,0.0023635406978428364,0.0002905000001192093,late,3,pvs_d5_b12,14,5,5,5,adaptive_disabled,False,5,0.0039761250372976065,63,0.00033591710962355137,10,3,9.916955605149269e-06,31,14,291,7.270718924701214e-05,seed1_late_t236,fixed,253,0,0.002624873537570238,0.0008612512610852718,4,0,0.0,danger,3,1.0,7.145898416638374e-05,-999996.0,1,35→63,3,,tuning,35,False,236,True,alpha_beta_d5_b12,True,True,,
pvs,0,,{},16,0.031050540739670396,0.006753960391506553,early,1,pvs_d5_b16,46,5,5,5,adaptive_disabled,False,5,0.15145470900461078,35,0.1032528281211853,264,1686,0.0005449578166007996,332,262,2925,0.00026858504861593246,seed0_early_t0,fixed,2553,0,0.01836025412194431,0.009202292887493968,5000,1,0.003816793893129771,normal,1686,0.0625,0.019825791008770466,597.0,0,1→35,16,,tuning,1,True,0,True,alpha_beta_d5_b16,True,True,,
pvs,0,,{},16,0.02187221124768257,0.0029628388583660126,middle,2,pvs_d5_b16,63,5,5,5,adaptive_disabled,False,5,0.13515879190526903,63,0.10035278298892081,295,2,1.291697844862938e-05,423,326,1952,6.383308209478855e-05,seed0_middle_t27,fixed,1513,0,0.025113501586019993,0.009509090334177017,2,4,0.012269938650306749,critical,2,1.0,0.00010666693560779095,827.0,0,63→63,2,,tuning,63,False,27,True,alpha_beta_d5_b16,True,True,,
pvs,0,,{},16,0.05462400009855628,0.006981125334277749,late,2,pvs_d5_b16,192,5,5,5,adaptive_disabled,False,5,0.15014908416196704,58,0.07628645258955657,327,23,3.674998879432678e-05,708,480,5987,0.00010050111450254917,seed0_late_t49,fixed,5207,0,0.061908909352496266,0.011611555004492402,78,4,0.008333333333333333,normal,23,0.125,0.0002049161121249199,797.0,0,11→58,16,,tuning,11,True,49,False,alpha_beta_d5_b16,True,False,,
pvs,0,,{},16,0.03652029298245907,0.004766584141179919,early,3,pvs_d5_b16,80,5,5,5,adaptive_disabled,False,5,0.15014387504197657,35,0.09966283990070224,304,1678,0.0009389158803969622,422,302,3919,0.00010079308412969112,seed1_early_t0,fixed,3434,0,0.025357375852763653,0.007576534291729331,5000,1,0.0033112582781456954,normal,1678,0.1875,0.016507416032254696,758.5,1,13→35,16,,tuning,13,True,0,True,alpha_beta_d5_b16,True,True,,
pvs,0,,{},16,0.023444534512236714,0.00392103916965425,middle,0,pvs_d5_b16,75,5,5,5,adaptive_disabled,False,5,0.15010904194787145,20,0.11209254199638963,451,37,2.3833010345697403e-05,554,436,2472,0.00010970793664455414,seed1_middle_t120,fixed,1877,0,0.02738483576104045,0.010115081211552024,90,16,0.03669724770642202,normal,37,0.0,0.0003830420318990946,-58.5,1,9→20,16,,tuning,9,True,120,True,alpha_beta_d5_b16,True,True,,
pvs,0,,{},16,0.02485141740180552,0.002344708191230893,late,3,pvs_d5_b16,18,5,5,5,adaptive_disabled,False,5,0.040699583012610674,63,0.011740331072360277,14,3,7.1660615503787994e-06,39,18,382,0.00023687491193413734,seed1_late_t236,fixed,336,0,0.027255252236500382,0.0014058747328817844,4,0,0.0,danger,3,1.0,5.408399738371372e-05,-999996.0,1,35→63,3,,tuning,35,False,236,True,alpha_beta_d5_b16,True,True,,
pvs,0,,{},8,0.04264008207246661,0.006514674285426736,early,0,pvs_d6_b8,85,6,6,6,adaptive_disabled,False,6,0.15012058289721608,35,0.08954315609298646,294,1686,0.0016216668300330639,414,293,3887,0.00010337517596781254,seed0_early_t0,fixed,3450,0,0.02907629427500069,0.00918688252568245,5000,0,0.0,normal,1686,0.0,0.0205892079975456,-90.0,0,1→35,8,,tuning,1,True,0,True,alpha_beta_d6_b8,True,True,,
pvs,0,,{},8,0.03946032980456948,0.004139620345085859,middle,0,pvs_d6_b8,92,6,6,6,adaptive_disabled,False,6,0.1504340001847595,63,0.0958104555029422,273,2,9.249895811080933e-06,451,307,2794,9.708409197628498e-05,seed0_middle_t27,fixed,2335,0,0.04397934046573937,0.01047866209410131,2,15,0.048859934853420196,critical,2,0.0,5.9208134189248085e-05,-30.0,0,63→63,2,,tuning,63,True,27,True,alpha_beta_d6_b8,True,False,,
pvs,0,,{},8,0.05569429602473974,0.007517958292737603,late,0,pvs_d6_b8,233,6,6,6,adaptive_disabled,False,6,0.15012391586788,58,0.07314507896080613,303,23,1.1084135621786118e-05,757,449,6191,3.9622653275728226e-05,seed0_late_t49,fixed,5430,0,0.06370809627696872,0.012916616862639785,78,18,0.0400890868596882,normal,23,0.0,0.00030341697856783867,-767.0,0,11→58,8,,tuning,11,True,49,False,alpha_beta_d6_b8,True,True,,
pvs,0,,{},8,0.0472981589846313,0.0036077892873436213,early,0,pvs_d6_b8,89,6,6,6,adaptive_disabled,False,6,0.1697473330423236,35,0.11035475227981806,296,1678,0.0004826248623430729,425,288,4047,0.00015774997882544994,seed1_early_t0,fixed,3575,0,0.036108374828472733,0.007376205874606967,5000,7,0.024305555555555556,normal,1678,0.0,0.015267625218257308,-140.0,1,13→35,8,,tuning,13,True,0,True,alpha_beta_d6_b8,True,True,,
pvs,0,,{},8,0.0330519222188741,0.004146502120420337,middle,0,pvs_d6_b8,126,6,6,6,adaptive_disabled,False,6,0.15007400000467896,20,0.1017596221063286,460,37,2.187490463256836e-05,651,443,3543,4.1708117350935936e-05,seed1_middle_t120,fixed,2871,0,0.03743845829740167,0.010479628574103117,90,20,0.045146726862302484,normal,37,0.0,0.0003327080048620701,-58.5,1,9→20,8,,tuning,9,True,120,True,alpha_beta_d6_b8,True,True,,
pvs,0,,{},8,0.0022945827804505825,0.00028425012715160847,late,3,pvs_d6_b8,10,6,6,6,adaptive_disabled,False,6,0.007490874966606498,63,0.004086040426045656,24,3,9.790994226932526e-06,47,31,273,7.458473555743694e-05,seed1_late_t236,fixed,216,0,0.0025488785468041897,0.0006906641647219658,4,0,0.0,danger,3,1.0,8.091609925031662e-05,-999996.0,1,35→63,3,,tuning,35,False,236,True,alpha_beta_d6_b8,True,True,,
pvs,0,,{},12,0.03928520483896136,0.004622618202120066,early,0,pvs_d6_b12,94,6,6,6,adaptive_disabled,False,6,0.1520164159592241,35,0.09666570904664695,378,1686,0.0008852500468492508,506,377,4149,0.00013466598466038704,seed0_early_t0,fixed,3605,0,0.024591703433543444,0.00994512951001525,5000,0,0.0,normal,1686,0.0,0.01979395793750882,-90.0,0,1→35,12,,tuning,1,True,0,True,alpha_beta_d6_b12,True,True,,
pvs,0,,{},12,0.04800196294672787,0.007394002052024007,middle,1,pvs_d6_b12,165,6,6,6,adaptive_disabled,False,6,0.15043504210188985,63,0.08234043489210308,309,2,7.207971066236496e-06,574,384,4776,5.925004370510578e-05,seed0_middle_t27,fixed,4149,0,0.056163118686527014,0.0118201554287225,2,0,0.0,critical,2,0.5,4.487507976591587e-05,-797.0,0,63→63,2,,tuning,63,True,27,True,alpha_beta_d6_b12,True,True,,
pvs,0,,{},12,0.053956461139023304,0.007628210354596376,late,0,pvs_d6_b12,198,6,6,6,adaptive_disabled,False,6,0.15006258292123675,58,0.07649265672080219,291,23,1.9042054191231728e-05,666,413,5644,3.5248929634690285e-05,seed0_late_t49,fixed,4927,0,0.061828758800402284,0.01138412649743259,78,13,0.031476997578692496,normal,23,0.0,0.00030274991877377033,-767.0,0,11→58,12,,tuning,11,True,49,False,alpha_beta_d6_b12,True,True,,
pvs,0,,{},12,0.04393749893642962,0.004393704002723098,early,0,pvs_d6_b12,90,6,6,6,adaptive_disabled,False,6,0.1501900830771774,35,0.09069420513696969,334,1678,0.0003993329592049122,470,327,4192,7.341732271015644e-05,seed1_early_t0,fixed,3652,0,0.030713294632732868,0.010103166103363037,5000,7,0.021406727828746176,normal,1678,0.0,0.018206666922196746,-140.0,1,13→35,12,,tuning,13,True,0,True,alpha_beta_d6_b12,True,True,,
pvs,0,,{},12,0.030871377093717456,0.0037334158550947905,middle,0,pvs_d6_b12,128,6,6,6,adaptive_disabled,False,6,0.15008337516337633,20,0.10433230502530932,492,37,1.600012183189392e-05,667,480,3525,4.345807246863842e-05,seed1_middle_t120,fixed,2808,0,0.03447761572897434,0.010685204295441508,90,13,0.027083333333333334,normal,37,0.0,0.0005287919193506241,-58.5,1,9→20,12,,tuning,9,True,120,True,alpha_beta_d6_b12,True,True,,
pvs,0,,{},12,0.0035772528499364853,0.00044404156506061554,late,3,pvs_d6_b12,14,6,6,6,adaptive_disabled,False,6,0.01539395796135068,63,0.010170080699026585,35,3,8.417060598731041e-06,66,46,344,5.7998811826109886e-05,seed1_late_t236,fixed,263,0,0.00402400316670537,0.0010667501483112574,4,0,0.0,danger,3,1.0,6.670807488262653e-05,-999996.0,1,35→63,3,,tuning,35,False,236,True,alpha_beta_d6_b12,True,True,,
pvs,0,,{},16,0.04131579655222595,0.004396951990202069,early,0,pvs_d6_b16,68,6,6,6,adaptive_disabled,False,6,0.15026274998672307,35,0.09545537899248302,268,1686,0.00039083301089704037,360,267,3500,0.00011516711674630642,seed0_early_t0,fixed,3088,0,0.029536868911236525,0.008103376952931285,5000,0,0.0,normal,1686,0.0,0.01666112500242889,-90.0,0,1→35,16,,tuning,1,True,0,True,alpha_beta_d6_b16,True,True,,
pvs,0,,{},16,0.05334420595318079,0.007782921893522143,middle,1,pvs_d6_b16,203,6,6,6,adaptive_disabled,False,6,0.15082754218019545,63,0.07577554136514664,370,2,6.291083991527557e-06,700,471,6089,8.458411321043968e-05,seed0_middle_t27,fixed,5326,0,0.061636914033442736,0.013281461549922824,2,0,0.0,critical,2,0.5,4.2750034481287e-05,-797.0,0,63→63,2,,tuning,63,True,27,True,alpha_beta_d6_b16,True,True,,
pvs,0,,{},16,0.04052878520451486,0.008984547341242433,late,0,pvs_d6_b16,152,6,6,6,adaptive_disabled,False,6,0.15010662493295968,58,0.08742688107304275,305,23,1.6832957044243813e-05,597,404,4582,8.916598744690418e-05,seed0_late_t49,fixed,3927,0,0.04982216423377395,0.012557871639728546,78,10,0.024752475247524754,normal,23,0.0,0.00019370904192328453,-767.0,0,11→58,16,,tuning,11,True,49,False,alpha_beta_d6_b16,True,True,,
pvs,0,,{},16,0.04291621106676757,0.004526706645265222,early,0,pvs_d6_b16,101,6,6,6,adaptive_disabled,False,6,0.15031891711987555,35,0.09319049818441272,394,1678,0.0006953750271350145,542,385,4605,0.00027295900508761406,seed1_early_t0,fixed,3995,0,0.032514707650989294,0.008291252190247178,5000,8,0.02077922077922078,normal,1678,0.0,0.015354125062003732,-140.0,1,13→35,16,,tuning,13,True,0,True,alpha_beta_d6_b16,True,True,,
pvs,0,,{},16,0.026143330382183194,0.0042047882452607155,middle,0,pvs_d6_b16,101,6,6,6,adaptive_disabled,False,6,0.15018791612237692,20,0.1094888390507549,498,37,4.129204899072647e-05,642,480,3092,6.791600026190281e-05,seed1_middle_t120,fixed,2404,0,0.03008137969300151,0.009806697256863117,90,18,0.0375,normal,37,0.0,0.0007017920725047588,-58.5,1,9→20,16,,tuning,9,True,120,True,alpha_beta_d6_b16,True,True,,
pvs,0,,{},16,0.005388459889218211,0.0006622066721320152,late,3,pvs_d6_b16,18,6,6,6,adaptive_disabled,False,6,0.023155040806159377,63,0.015220211818814278,52,3,1.1249911040067673e-05,91,66,448,5.929102189838886e-05,seed1_late_t236,fixed,338,0,0.006038999184966087,0.0017204140312969685,4,0,0.0,danger,3,1.0,0.00010487483814358711,-999996.0,1,35→63,3,,tuning,35,False,236,True,alpha_beta_d6_b16,True,True,,
beam_negamax,5615,8-6-4-2,"{""0"": 8, ""1"": 6, ""2"": 4, ""3"": 2, ""4"": 2}",,0.058312632609158754,0.004258754197508097,early,6,beam_negamax_d5_w8-6-4-2,0,5,5,5,adaptive_disabled,False,5,0.15124595793895423,35,0.07639690674841404,358,1686,0.0004107910208404064,658,0,6289,0.0012429167982190847,seed0_early_t0,fixed,0,0,0.04595107538625598,0.009677850874140859,5000,0,0.0,normal,1686,0.75,0.017566417111083865,597.0,0,1→35,8,,tuning,1,True,0,True,alpha_beta_d5_b16,True,True,1,True
beam_negamax,1133,8-6-4-2,"{""0"": 8, ""1"": 6, ""2"": 4, ""3"": 2, ""4"": 2}",,0.012937164632603526,0.0009706665296107531,middle,2,beam_negamax_d5_w8-6-4-2,0,5,5,5,adaptive_disabled,False,5,0.033497333992272615,63,0.016342582879588008,82,2,5.790963768959045e-06,180,0,1313,0.00010050111450254917,seed0_middle_t27,fixed,0,0,0.014014076441526413,0.002979590557515621,2,0,0.0,critical,2,1.0,5.479203537106514e-05,1047.5,0,63→63,2,,tuning,63,False,27,True,alpha_beta_d5_b16,True,False,1,True
beam_negamax,5276,8-6-4-2,"{""0"": 8, ""1"": 6, ""2"": 4, ""3"": 2, ""4"": 2}",,0.05092308670282364,0.005317160626873374,late,6,beam_negamax_d5_w8-6-4-2,0,5,5,5,adaptive_disabled,False,5,0.15024695894680917,28,0.07850583968684077,332,23,2.7999980375170708e-05,802,0,6085,6.520887836813927e-05,seed0_late_t49,fixed,0,0,0.05694503476843238,0.014246167615056038,78,0,0.0,normal,23,0.75,0.00045670801773667336,999997.0,0,11→28,8,,tuning,11,True,49,True,alpha_beta_d5_b16,False,False,1,True
beam_negamax,3275,8-6-4-2,"{""0"": 8, ""1"": 6, ""2"": 4, ""3"": 2, ""4"": 2}",,0.053588749608024955,0.005481832195073366,early,2,beam_negamax_d5_w8-6-4-2,0,5,5,5,adaptive_disabled,False,5,0.1563491248525679,35,0.08902721293270588,164,1678,0.0006413750816136599,302,0,3585,0.00019295793026685715,seed1_early_t0,fixed,0,0,0.04239004128612578,0.006838328670710325,5000,0,0.0,normal,1678,0.25,0.01725920895114541,209.0,1,13→35,8,,tuning,13,True,0,True,alpha_beta_d5_b16,True,False,1,True
beam_negamax,4352,8-6-4-2,"{""0"": 8, ""1"": 6, ""2"": 4, ""3"": 2, ""4"": 2}",,0.04420804535038769,0.004792163148522377,middle,6,beam_negamax_d5_w8-6-4-2,0,5,5,5,adaptive_disabled,False,5,0.15004533296450973,20,0.0882394181098789,363,37,2.4082837626338005e-05,714,0,5137,4.1833147406578064e-05,seed1_middle_t120,fixed,0,0,0.04964082618243992,0.011775505729019642,90,0,0.0,normal,37,0.75,0.00032366695813834667,799.5,1,9→20,8,,tuning,9,True,120,True,alpha_beta_d5_b16,True,False,1,True
beam_negamax,1459,8-6-4-2,"{""0"": 8, ""1"": 6, ""2"": 4, ""3"": 2, ""4"": 2}",,0.018008211394771934,0.0017164181917905807,late,3,beam_negamax_d5_w8-6-4-2,0,5,5,5,adaptive_disabled,False,5,0.05372825008817017,63,0.029553334694355726,114,3,4.999805241823196e-06,247,0,1739,4.900014027953148e-05,seed1_late_t236,fixed,0,0,0.020011451793834567,0.004067713627591729,4,0,0.0,danger,3,1.0,4.175002686679363e-05,-999996.0,1,35→63,3,,tuning,35,False,236,True,alpha_beta_d5_b16,True,True,1,True
beam_negamax,6231,12-8-4-2,"{""0"": 12, ""1"": 8, ""2"": 4, ""3"": 2, ""4"": 2}",,0.05768645787611604,0.004564748844131827,early,7,beam_negamax_d5_w12-8-4-2,0,5,5,5,adaptive_disabled,False,5,0.15016733389347792,35,0.07690417254343629,418,1686,0.0012122089974582195,767,0,7014,0.00014195777475833893,seed0_early_t0,fixed,0,0,0.044800868490710855,0.009004709077998996,5000,0,0.0,normal,1686,0.5833333333333334,0.01810341700911522,597.0,0,1→35,12,,tuning,1,True,0,True,alpha_beta_d5_b16,True,True,1,True
beam_negamax,1451,12-8-4-2,"{""0"": 12, ""1"": 8, ""2"": 4, ""3"": 2, ""4"": 2}",,0.013151086866855621,0.0013084630481898785,middle,2,beam_negamax_d5_w12-8-4-2,0,5,5,5,adaptive_disabled,False,5,0.036260458175092936,63,0.018668332369998097,104,2,1.0416842997074127e-05,230,0,1681,6.279232911765575e-05,seed0_middle_t27,fixed,0,0,0.014581250492483377,0.002852833131328225,2,0,0.0,critical,2,1.0,8.483300916850567e-05,1047.5,0,63→63,2,,tuning,63,False,27,True,alpha_beta_d5_b16,True,False,1,True
beam_negamax,4208,12-8-4-2,"{""0"": 12, ""1"": 8, ""2"": 4, ""3"": 2, ""4"": 2}",,0.05553774838335812,0.0069500901736319065,late,3,beam_negamax_d5_w12-8-4-2,0,5,5,5,adaptive_disabled,False,5,0.15016304096207023,58,0.07620654464699328,269,23,2.345792017877102e-05,635,0,4857,7.929117418825626e-05,seed0_late_t49,fixed,0,0,0.06284553394652903,0.010614046361297369,78,0,0.0,normal,23,0.25,0.0003941669128835201,787.5,0,11→58,12,,tuning,11,True,49,False,alpha_beta_d5_b16,True,False,1,True
beam_negamax,4668,12-8-4-2,"{""0"": 12, ""1"": 8, ""2"": 4, ""3"": 2, ""4"": 2}",,0.04773979843594134,0.004523661220446229,early,4,beam_negamax_d5_w12-8-4-2,0,5,5,5,adaptive_disabled,False,5,0.15014979103580117,35,0.08809262793511152,309,1678,0.0010256669484078884,567,0,5250,0.00011845817789435387,seed1_early_t0,fixed,0,0,0.034777160501107574,0.007786419475451112,5000,0,0.0,normal,1678,0.3333333333333333,0.018349457997828722,209.0,1,13→35,12,,tuning,13,True,0,True,alpha_beta_d5_b16,True,False,1,True
beam_negamax,3987,12-8-4-2,"{""0"": 12, ""1"": 8, ""2"": 4, ""3"": 2, ""4"": 2}",,0.04481679294258356,0.005455832462757826,middle,5,beam_negamax_d5_w12-8-4-2,0,5,5,5,adaptive_disabled,False,5,0.15003904211334884,20,0.08592058368958533,331,37,3.7250109016895294e-05,649,0,4736,4.945811815559864e-05,seed1_middle_t120,fixed,0,0,0.05042962799780071,0.012879163259640336,90,0,0.0,normal,37,0.4166666666666667,0.0007229589391499758,799.5,1,9→20,12,,tuning,9,True,120,True,alpha_beta_d5_b16,True,False,1,True
beam_negamax,2023,12-8-4-2,"{""0"": 12, ""1"": 8, ""2"": 4, ""3"": 2, ""4"": 2}",,0.02002737415023148,0.0021244140807539225,late,3,beam_negamax_d5_w12-8-4-2,0,5,5,5,adaptive_disabled,False,5,0.06152579188346863,63,0.033824126701802015,169,3,1.1999858543276787e-05,354,0,2416,0.00010924995876848698,seed1_late_t236,fixed,0,0,0.022502874955534935,0.004974790383130312,4,0,0.0,danger,3,1.0,0.0001027500256896019,-999996.0,1,35→63,3,,tuning,35,False,236,True,alpha_beta_d5_b16,True,True,1,True
beam_negamax,3278,12-8-6-4,"{""0"": 12, ""1"": 8, ""2"": 6, ""3"": 4, ""4"": 4}",,0.044909245101734996,0.005272615468129516,early,1,beam_negamax_d5_w12-8-6-4,0,5,5,5,adaptive_disabled,False,5,0.15018487512134016,35,0.08876583608798683,342,1686,0.0004144590348005295,456,0,3752,0.0001560421660542488,seed0_early_t0,fixed,0,0,0.034886752255260944,0.009720702655613422,5000,0,0.0,normal,1686,0.08333333333333333,0.016241082921624184,597.0,0,1→35,12,,tuning,1,True,0,True,alpha_beta_d5_b16,True,True,1,True
beam_negamax,2146,12-8-6-4,"{""0"": 12, ""1"": 8, ""2"": 6, ""3"": 4, ""4"": 4}",,0.027671544579789042,0.0033665418159216642,middle,1,beam_negamax_d5_w12-8-6-4,0,5,5,5,adaptive_disabled,False,5,0.15044920798391104,63,0.10618242947384715,430,2,5.499925464391708e-06,621,0,2776,0.0004025001544505358,seed0_middle_t27,fixed,0,0,0.031692869029939175,0.012120951432734728,2,0,0.0,critical,2,0.5,4.495796747505665e-05,1047.5,0,63→63,2,,tuning,63,True,27,True,alpha_beta_d5_b16,True,False,1,True
beam_negamax,2438,12-8-6-4,"{""0"": 12, ""1"": 8, ""2"": 6, ""3"": 4, ""4"": 4}",,0.02731041214428842,0.004986375803127885,late,0,beam_negamax_d5_w12-8-6-4,0,5,5,5,adaptive_disabled,False,5,0.15006320807151496,58,0.10522707900963724,430,23,1.4667166396975517e-05,678,0,3132,5.070678889751434e-05,seed0_late_t49,fixed,0,0,0.032756793312728405,0.01180171174928546,78,0,0.0,normal,23,0.0,0.00021225004456937313,-767.0,0,11→58,12,,tuning,11,True,49,False,alpha_beta_d5_b16,True,True,1,True
beam_negamax,3106,12-8-6-4,"{""0"": 12, ""1"": 8, ""2"": 6, ""3"": 4, ""4"": 4}",,0.04086050298064947,0.003975084284320474,early,0,beam_negamax_d5_w12-8-6-4,0,5,5,5,adaptive_disabled,False,5,0.1501903331372887,35,0.09200854459777474,313,1678,0.00044362503103911877,417,0,3542,0.00015062489546835423,seed1_early_t0,fixed,0,0,0.03133291471749544,0.011891665868461132,5000,0,0.0,normal,1678,0.0,0.014362958027049899,-140.0,1,13→35,12,,tuning,13,True,0,True,alpha_beta_d5_b16,True,False,1,True
beam_negamax,2557,12-8-6-4,"{""0"": 12, ""1"": 8, ""2"": 6, ""3"": 4, ""4"": 4}",,0.02762046013958752,0.003245369764044881,middle,2,beam_negamax_d5_w12-8-6-4,0,5,5,5,adaptive_disabled,False,5,0.15009920811280608,20,0.10884683462791145,527,37,2.1209008991718292e-05,746,0,3380,6.612436845898628e-05,seed1_middle_t120,fixed,0,0,0.03074053954333067,0.009779000654816628,90,0,0.0,normal,37,0.16666666666666666,0.0006454999092966318,768.0,1,9→20,12,,tuning,9,True,120,True,alpha_beta_d5_b16,True,False,1,True
beam_negamax,2664,12-8-6-4,"{""0"": 12, ""1"": 8, ""2"": 6, ""3"": 4, ""4"": 4}",,0.03271495969966054,0.004051372176036239,late,2,beam_negamax_d5_w12-8-6-4,0,5,5,5,adaptive_disabled,False,5,0.1500790840946138,63,0.10196028952486813,570,3,9.541865438222885e-06,817,0,3559,6.262538954615593e-05,seed1_late_t236,fixed,0,0,0.03470321442000568,0.010559245944023132,4,0,0.0,danger,3,0.6666666666666666,0.0027841669507324696,-999996.0,1,35→63,3,,tuning,35,True,236,True,alpha_beta_d5_b16,True,True,1,True
beam_negamax,3851,16-12-8-4,"{""0"": 16, ""1"": 12, ""2"": 8, ""3"": 4, ""4"": 4}",,0.042556746397167444,0.004278257954865694,early,1,beam_negamax_d5_w16-12-8-4,0,5,5,5,adaptive_disabled,False,5,0.1500902499537915,35,0.09312512748874724,477,1686,0.000613542040809989,634,0,4509,8.095800876617432e-05,seed0_early_t0,fixed,0,0,0.029759330907836556,0.00891133351251483,5000,0,0.0,normal,1686,0.0625,0.01759995799511671,597.0,0,1→35,16,,tuning,1,True,0,True,alpha_beta_d5_b16,True,True,1,True
beam_negamax,1551,16-12-8-4,"{""0"": 16, ""1"": 12, ""2"": 8, ""3"": 4, ""4"": 4}",,0.06370349670760334,0.0038781205657869577,middle,1,beam_negamax_d5_w16-12-8-4,0,5,5,5,adaptive_disabled,False,5,0.1502488749101758,63,0.0739259289111942,297,2,1.1791009455919266e-05,428,0,1992,6.237602792680264e-05,seed0_middle_t27,fixed,0,0,0.068095090566203,0.008045688504353166,2,0,0.0,critical,2,0.5,0.00010799989104270935,1047.5,0,63→63,2,,tuning,63,True,27,True,alpha_beta_d5_b16,True,False,1,True
beam_negamax,2710,16-12-8-4,"{""0"": 16, ""1"": 12, ""2"": 8, ""3"": 4, ""4"": 4}",,0.030157670145854354,0.004946621833369136,late,0,beam_negamax_d5_w16-12-8-4,0,5,5,5,adaptive_disabled,False,5,0.15010504191741347,58,0.10088246059603989,483,23,1.2416858226060867e-05,760,0,3498,5.658320151269436e-05,seed0_late_t49,fixed,0,0,0.035492707043886185,0.013468749355524778,78,0,0.0,normal,23,0.0,0.0001921248622238636,-767.0,0,11→58,16,,tuning,11,True,49,False,alpha_beta_d5_b16,True,True,1,True
beam_negamax,3776,16-12-8-4,"{""0"": 16, ""1"": 12, ""2"": 8, ""3"": 4, ""4"": 4}",,0.03282495751045644,0.0036111287772655487,early,1,beam_negamax_d5_w16-12-8-4,0,5,5,5,adaptive_disabled,False,5,0.15016787499189377,35,0.102834050077945,491,1678,0.0005370830185711384,652,0,4452,0.00015429174527525902,seed1_early_t0,fixed,0,0,0.02610720950178802,0.009673698572441936,5000,0,0.0,normal,1678,0.0625,0.010861542075872421,758.5,1,13→35,16,,tuning,13,True,0,True,alpha_beta_d5_b16,True,True,1,True
beam_negamax,2221,16-12-8-4,"{""0"": 16, ""1"": 12, ""2"": 8, ""3"": 4, ""4"": 4}",,0.031407420290634036,0.003800713224336505,middle,2,beam_negamax_d5_w16-12-8-4,0,5,5,5,adaptive_disabled,False,5,0.15013425005599856,20,0.10423249774612486,472,37,6.63751270622015e-05,663,0,2954,0.00010741688311100006,seed1_middle_t120,fixed,0,0,0.03524542669765651,0.009775200625881553,90,0,0.0,normal,37,0.125,0.0007073329761624336,799.5,1,9→20,16,,tuning,9,True,120,True,alpha_beta_d5_b16,True,False,1,True
beam_negamax,2441,16-12-8-4,"{""0"": 16, ""1"": 12, ""2"": 8, ""3"": 4, ""4"": 4}",,0.02652746275998652,0.003747043199837208,late,1,beam_negamax_d5_w16-12-8-4,0,5,5,5,adaptive_disabled,False,5,0.15009091701358557,63,0.10821246891282499,543,3,6.207963451743126e-06,769,0,3278,6.233528256416321e-05,seed1_late_t236,fixed,0,0,0.03089391440153122,0.010864699492231011,4,0,0.0,danger,3,0.3333333333333333,5.12909609824419e-05,-999996.0,1,35→63,3,,tuning,35,True,236,True,alpha_beta_d5_b16,True,True,1,True
beam_negamax,5580,8-6-4-2,"{""0"": 8, ""1"": 6, ""2"": 4, ""3"": 2, ""4"": 2, ""5"": 2}",,0.05237200600095093,0.005192430689930916,early,3,beam_negamax_d6_w8-6-4-2,0,6,6,6,adaptive_disabled,False,6,0.15051508299075067,35,0.08272800734266639,324,1686,0.0004231659695506096,623,0,6212,9.53341368585825e-05,seed0_early_t0,fixed,0,0,0.03986924793571234,0.008741744561120868,5000,0,0.0,normal,1686,0.375,0.018657583044841886,-597.0,0,1→35,8,,tuning,1,True,0,True,alpha_beta_d6_b16,True,False,1,True
beam_negamax,2191,8-6-4-2,"{""0"": 8, ""1"": 6, ""2"": 4, ""3"": 2, ""4"": 2, ""5"": 2}",,0.023460454773157835,0.002261460293084383,middle,2,beam_negamax_d6_w8-6-4-2,0,6,6,6,adaptive_disabled,False,6,0.05904974997974932,59,0.02870323625393212,142,2,7.4999406933784485e-06,335,0,2526,0.0001757501158863306,seed0_middle_t27,fixed,0,0,0.026045539882034063,0.004064598819240928,2,0,0.0,critical,2,1.0,5.312496796250343e-05,-569.0,0,63→59,2,,tuning,63,False,27,False,alpha_beta_d6_b16,False,False,1,True
beam_negamax,5645,8-6-4-2,"{""0"": 8, ""1"": 6, ""2"": 4, ""3"": 2, ""4"": 2, ""5"": 2}",,0.054927215445786715,0.0058865025639534,late,3,beam_negamax_d6_w8-6-4-2,0,6,6,6,adaptive_disabled,False,6,0.150111666880548,58,0.07582728844136,338,23,1.1625001206994057e-05,815,0,6468,5.724979564547539e-05,seed0_late_t49,fixed,0,0,0.061827130848541856,0.012220747768878937,78,0,0.0,normal,23,0.375,0.00016762502491474152,999993.0,0,11→58,8,,tuning,11,True,49,False,alpha_beta_d6_b16,True,False,1,True
beam_negamax,4673,8-6-4-2,"{""0"": 8, ""1"": 6, ""2"": 4, ""3"": 2, ""4"": 2, ""5"": 2}",,0.04657712997868657,0.003591089742258191,early,2,beam_negamax_d6_w8-6-4-2,0,6,6,6,adaptive_disabled,False,6,0.15019604191184044,35,0.09169103461317718,285,1678,0.0005296668969094753,548,0,5231,0.00014750007539987564,seed1_early_t0,fixed,0,0,0.03511589043773711,0.007081866962835193,5000,0,0.0,normal,1678,0.25,0.015630082925781608,-179.0,1,13→35,8,,tuning,13,True,0,True,alpha_beta_d6_b16,True,False,1,True
beam_negamax,5291,8-6-4-2,"{""0"": 8, ""1"": 6, ""2"": 4, ""3"": 2, ""4"": 2, ""5"": 2}",,0.05810772068798542,0.004785008262842894,middle,4,beam_negamax_d6_w8-6-4-2,0,6,6,6,adaptive_disabled,False,6,0.1502030419651419,20,0.07541036931797862,335,37,8.212495595216751e-05,738,0,6139,0.00011150096543133259,seed1_middle_t120,fixed,0,0,0.0631165411323309,0.010849964572116733,90,0,0.0,normal,37,0.5,0.0006325410213321447,1831.25,1,9→20,8,,tuning,9,True,120,True,alpha_beta_d6_b16,True,False,1,True
beam_negamax,2863,8-6-4-2,"{""0"": 8, ""1"": 6, ""2"": 4, ""3"": 2, ""4"": 2, ""5"": 2}",,0.030865414533764124,0.003263253951445222,late,3,beam_negamax_d6_w8-6-4-2,0,6,6,6,adaptive_disabled,False,6,0.06812191614881158,63,0.02733245468698442,159,3,1.1167023330926895e-05,406,0,3348,0.00011245813220739365,seed1_late_t236,fixed,0,0,0.03453082521446049,0.006026053102687001,4,0,0.0,danger,3,1.0,0.00010895798914134502,-999996.0,1,35→63,3,,tuning,35,False,236,True,alpha_beta_d6_b16,True,True,1,True
beam_negamax,4799,12-8-4-2,"{""0"": 12, ""1"": 8, ""2"": 4, ""3"": 2, ""4"": 2, ""5"": 2}",,0.054620418697595596,0.005138662410899997,early,2,beam_negamax_d6_w12-8-4-2,0,6,6,6,adaptive_disabled,False,6,0.15013708407059312,35,0.08012715517543256,260,1686,0.0005654159467667341,500,0,5312,0.00013645924627780914,seed0_early_t0,fixed,0,0,0.041015088791027665,0.008778590010479093,5000,0,0.0,normal,1686,0.16666666666666666,0.019514374900609255,-597.0,0,1→35,12,,tuning,1,True,0,True,alpha_beta_d6_b16,True,False,1,True
beam_negamax,2823,12-8-4-2,"{""0"": 12, ""1"": 8, ""2"": 4, ""3"": 2, ""4"": 2, ""5"": 2}",,0.032196755055338144,0.004131424007937312,middle,2,beam_negamax_d6_w12-8-4-2,0,6,6,6,adaptive_disabled,False,6,0.08769850013777614,59,0.043457921827211976,182,2,6.624963134527206e-06,427,0,3250,0.00015483400784432888,seed0_middle_t27,fixed,0,0,0.03698750538751483,0.0070409479085356,2,0,0.0,critical,2,1.0,5.0666043534874916e-05,-569.0,0,63→59,2,,tuning,63,False,27,False,alpha_beta_d6_b16,False,False,1,True
beam_negamax,5091,12-8-4-2,"{""0"": 12, ""1"": 8, ""2"": 4, ""3"": 2, ""4"": 2, ""5"": 2}",,0.05597524926997721,0.005002245539799333,late,2,beam_negamax_d6_w12-8-4-2,0,6,6,6,adaptive_disabled,False,6,0.15008399984799325,58,0.0731018262449652,313,23,1.1707888916134834e-05,722,0,5833,3.7375837564468384e-05,seed0_late_t49,fixed,0,0,0.061714084120467305,0.015041547827422619,78,0,0.0,normal,23,0.16666666666666666,0.00017745792865753174,-677.0,0,11→58,12,,tuning,11,True,49,False,alpha_beta_d6_b16,True,False,1,True
beam_negamax,3428,12-8-4-2,"{""0"": 12, ""1"": 8, ""2"": 4, ""3"": 2, ""4"": 2, ""5"": 2}",,0.03888042224571109,0.004737501032650471,early,1,beam_negamax_d6_w12-8-4-2,0,6,6,6,adaptive_disabled,False,6,0.1505140420049429,35,0.09912757854908705,169,1678,0.0004140411037951708,327,0,3772,0.0005030427128076553,seed1_early_t0,fixed,0,0,0.02884458191692829,0.0062770897056907415,5000,0,0.0,normal,1678,0.08333333333333333,0.015347708016633987,-179.0,1,13→35,12,,tuning,13,True,0,True,alpha_beta_d6_b16,True,False,1,True
beam_negamax,3352,12-8-4-2,"{""0"": 12, ""1"": 8, ""2"": 4, ""3"": 2, ""4"": 2, ""5"": 2}",,0.061996193369850516,0.004313704324886203,middle,3,beam_negamax_d6_w12-8-4-2,0,6,6,6,adaptive_disabled,False,6,0.1501697499770671,20,0.06988999550230801,211,37,2.1666986867785454e-05,469,0,3907,8.191587403416634e-05,seed1_middle_t120,fixed,0,0,0.06680213520303369,0.013073536334559321,90,0,0.0,normal,37,0.25,0.000300500076264143,1831.25,1,9→20,12,,tuning,9,True,120,True,alpha_beta_d6_b16,True,False,1,True
beam_negamax,4135,12-8-4-2,"{""0"": 12, ""1"": 8, ""2"": 4, ""3"": 2, ""4"": 2, ""5"": 2}",,0.038504623575136065,0.0033043264411389828,late,3,beam_negamax_d6_w12-8-4-2,0,6,6,6,adaptive_disabled,False,6,0.09213025006465614,63,0.03986797481775284,244,3,1.2875068932771683e-05,598,0,4836,7.38329254090786e-05,seed1_late_t236,fixed,0,0,0.04230983671732247,0.009736605454236269,4,0,0.0,danger,3,1.0,0.00012912508100271225,-999996.0,1,35→63,3,,tuning,35,False,236,True,alpha_beta_d6_b16,True,True,1,True
beam_negamax,3280,12-8-6-4,"{""0"": 12, ""1"": 8, ""2"": 6, ""3"": 4, ""4"": 4, ""5"": 4}",,0.0449217155110091,0.00371675007045269,early,0,beam_negamax_d6_w12-8-6-4,0,6,6,6,adaptive_disabled,False,6,0.15010666684247553,35,0.08930862555280328,348,1686,0.001029792008921504,466,0,3794,9.29578673094511e-05,seed0_early_t0,fixed,0,0,0.024215209065005183,0.010534332366660237,5000,0,0.0,normal,1686,0.0,0.02492574998177588,-90.0,0,1→35,12,,tuning,1,True,0,True,alpha_beta_d6_b16,True,True,1,True
beam_negamax,2431,12-8-6-4,"{""0"": 12, ""1"": 8, ""2"": 6, ""3"": 4, ""4"": 4, ""5"": 4}",,0.02739307889714837,0.003636456560343504,middle,1,beam_negamax_d6_w12-8-6-4,0,6,6,6,adaptive_disabled,False,6,0.15023645805194974,63,0.10469750850461423,458,2,1.5208031982183456e-05,690,0,3149,0.00016116607002913952,seed0_middle_t27,fixed,0,0,0.03167602838948369,0.013550755102187395,2,0,0.0,critical,2,0.5,0.00013579195365309715,-786.5,0,63→63,2,,tuning,63,True,27,True,alpha_beta_d6_b16,True,False,1,True
beam_negamax,2325,12-8-6-4,"{""0"": 12, ""1"": 8, ""2"": 6, ""3"": 4, ""4"": 4, ""5"": 4}",,0.03246911591850221,0.005049839615821838,late,0,beam_negamax_d6_w12-8-6-4,0,6,6,6,adaptive_disabled,False,6,0.15008074999786913,58,0.0999734359793365,409,23,1.6416888684034348e-05,651,0,3001,4.066689871251583e-05,seed0_late_t49,fixed,0,0,0.03806582372635603,0.011704115429893136,78,0,0.0,normal,23,0.0,0.00028029107488691807,-767.0,0,11→58,12,,tuning,11,True,49,False,alpha_beta_d6_b16,True,True,1,True
beam_negamax,3339,12-8-6-4,"{""0"": 12, ""1"": 8, ""2"": 6, ""3"": 4, ""4"": 4, ""5"": 4}",,0.031293494161218405,0.0041583271231502295,early,0,beam_negamax_d6_w12-8-6-4,0,6,6,6,adaptive_disabled,False,6,0.1501906248740852,35,0.1058583038393408,380,1678,0.00042041693814098835,508,0,3867,8.216593414545059e-05,seed1_early_t0,fixed,0,0,0.023832790553569794,0.007706572534516454,5000,0,0.0,normal,1678,0.0,0.012290375074371696,-140.0,1,13→35,12,,tuning,13,True,0,True,alpha_beta_d6_b16,True,True,1,True
beam_negamax,2238,12-8-6-4,"{""0"": 12, ""1"": 8, ""2"": 6, ""3"": 4, ""4"": 4, ""5"": 4}",,0.02978999330662191,0.003042410360649228,middle,1,beam_negamax_d6_w12-8-6-4,0,6,6,6,adaptive_disabled,False,6,0.15009808307513595,20,0.10601016459986567,399,37,2.2667227312922478e-05,574,0,2873,5.42900525033474e-05,seed1_middle_t120,fixed,0,0,0.03312041750177741,0.010493126697838306,90,0,0.0,normal,37,0.08333333333333333,0.0003974169958382845,-738.0,1,9→20,12,,tuning,9,True,120,True,alpha_beta_d6_b16,True,False,1,True
beam_negamax,2835,12-8-6-4,"{""0"": 12, ""1"": 8, ""2"": 6, ""3"": 4, ""4"": 4, ""5"": 4}",,0.03418350499123335,0.004578419262543321,late,1,beam_negamax_d6_w12-8-6-4,0,6,6,6,adaptive_disabled,False,6,0.1500920420512557,63,0.09905339032411575,546,3,7.333001121878624e-06,805,0,3728,7.64590222388506e-05,seed1_late_t236,fixed,0,0,0.039521507918834686,0.011373726651072502,4,0,0.0,danger,3,0.3333333333333333,5.9625133872032166e-05,-999996.0,1,35→63,3,,tuning,35,True,236,True,alpha_beta_d6_b16,True,True,1,True
beam_negamax,3319,16-12-8-4,"{""0"": 16, ""1"": 12, ""2"": 8, ""3"": 4, ""4"": 4, ""5"": 4}",,0.03758183587342501,0.004778796341270208,early,0,beam_negamax_d6_w16-12-8-4,0,6,6,6,adaptive_disabled,False,6,0.1501825419254601,35,0.09836950106546283,360,1686,0.0009874999523162842,482,0,3836,0.00015699979849159718,seed0_early_t0,fixed,0,0,0.025601956760510802,0.007778584258630872,5000,0,0.0,normal,1686,0.0,0.017288000090047717,-90.0,0,1→35,16,,tuning,1,True,0,True,alpha_beta_d6_b16,True,True,1,True
beam_negamax,2410,16-12-8-4,"{""0"": 16, ""1"": 12, ""2"": 8, ""3"": 4, ""4"": 4, ""5"": 4}",,0.032713042106479406,0.0042385864071547985,middle,1,beam_negamax_d6_w16-12-8-4,0,6,6,6,adaptive_disabled,False,6,0.15010637510567904,63,0.10191216366365552,429,2,9.832903742790222e-06,655,0,3089,7.270835340023041e-05,seed0_middle_t27,fixed,0,0,0.03761775768361986,0.010422370629385114,2,0,0.0,critical,2,0.5,7.154187187552452e-05,-786.5,0,63→63,2,,tuning,63,True,27,True,alpha_beta_d6_b16,True,False,1,True
beam_negamax,2403,16-12-8-4,"{""0"": 16, ""1"": 12, ""2"": 8, ""3"": 4, ""4"": 4, ""5"": 4}",,0.02705151028931141,0.004786375677213073,late,0,beam_negamax_d6_w16-12-8-4,0,6,6,6,adaptive_disabled,False,6,0.15015170793049037,58,0.10420163650996983,424,23,1.4249933883547783e-05,672,0,3111,4.8999907448887825e-05,seed0_late_t49,fixed,0,0,0.032565577421337366,0.013135328190401196,78,0,0.0,normal,23,0.0,0.00018591596744954586,-767.0,0,11→58,16,,tuning,11,True,49,False,alpha_beta_d6_b16,True,True,1,True
beam_negamax,3415,16-12-8-4,"{""0"": 16, ""1"": 12, ""2"": 8, ""3"": 4, ""4"": 4, ""5"": 4}",,0.03421487333253026,0.004750914638862014,early,0,beam_negamax_d6_w16-12-8-4,0,6,6,6,adaptive_disabled,False,6,0.15044933301396668,35,0.1017093793489039,401,1678,0.0004225000739097595,538,0,3985,8.279085159301758e-05,seed1_early_t0,fixed,0,0,0.024398748064413667,0.008674664655700326,5000,0,0.0,normal,1678,0.0,0.015161250019446015,-140.0,1,13→35,16,,tuning,13,True,0,True,alpha_beta_d6_b16,True,True,1,True
beam_negamax,3457,16-12-8-4,"{""0"": 16, ""1"": 12, ""2"": 8, ""3"": 4, ""4"": 4, ""5"": 4}",,0.03192237904295325,0.004498826107010245,middle,1,beam_negamax_d6_w16-12-8-4,0,6,6,6,adaptive_disabled,False,6,0.15005883411504328,20,0.10200816858559847,650,37,1.637497916817665e-05,928,0,4469,3.904220648109913e-05,seed1_middle_t120,fixed,0,0,0.0370279960334301,0.010716710472479463,90,0,0.0,normal,37,0.0625,0.00025054183788597584,-338.5,1,9→20,16,,tuning,9,True,120,True,alpha_beta_d6_b16,True,False,1,True
beam_negamax,3009,16-12-8-4,"{""0"": 16, ""1"": 12, ""2"": 8, ""3"": 4, ""4"": 4, ""5"": 4}",,0.033500668592751026,0.003333698958158493,late,1,beam_negamax_d6_w16-12-8-4,0,6,6,6,adaptive_disabled,False,6,0.15010020812042058,63,0.10187044320628047,593,3,8.541159331798553e-06,870,0,3971,6.320909596979618e-05,seed1_late_t236,fixed,0,0,0.037531292997300625,0.010562638752162457,4,0,0.0,danger,3,0.3333333333333333,6.408290937542915e-05,-999996.0,1,35→63,3,,tuning,35,True,236,True,alpha_beta_d6_b16,True,True,1,True
