agent,beam_pruned_move_count,beam_widths,beam_widths_used,branch_limit,candidate_evaluation_time_sec,candidate_sort_time_sec,category,completed_root_moves,config_id,cutoff_count,depth,depth_after,depth_before,depth_change_reason,depth_changed,effective_depth,elapsed_time_sec,end_id,leaf_evaluation_time_sec,leaf_evaluations,legal_edge_count,legal_move_generation_time_sec,nodes_searched,null_window_searches,ordering_evaluations,other_time_sec,position_id,profile,pruned_move_count,recovery_streak,recursive_ordering_time_sec,recursive_other_time_sec,remaining_word_count,research_count,research_rate,risk_level,root_candidate_count,root_completion_rate,root_ordering_time_sec,score,seed,selected_edge,selected_root_candidate_count,sequence_index,split,start_id,timed_out,turn,max_depth_fixed_move_agreement,max_depth_fixed_score_agreement
alpha_beta,0,,{},8,0.09273420623503625,0.015558615094050765,early,8,alpha_beta_d5_b8__fixed,246,5,5,5,adaptive_disabled,False,5,0.6228467500768602,35,0.4726857044734061,1288,1686,0.000842750072479248,1683,0,8542,0.00010487600229680538,seed0_early_t0,fixed,6852,0,0.09248941973783076,0.03926679166033864,5000,0,0.0,normal,1686,1.0,0.01745720813050866,597.0,0,1→35,8,0,tuning,1,False,0,True,True
alpha_beta,0,,{},8,0.056870836997404695,0.014344662427902222,few_legal,2,alpha_beta_d5_b8__fixed,142,5,5,5,adaptive_disabled,False,5,0.2951695420779288,32,0.19956499407999218,521,2,1.1875061318278313e-05,720,0,4069,0.0004167088773101568,seed0_few_legal_t6,fixed,3346,0,0.07194792362861335,0.02314891549758613,2,0,0.0,critical,2,1.0,7.91249331086874e-05,597.0,0,35→32,2,1,tuning,35,False,6,True,True
alpha_beta,0,,{},8,0.06836787052452564,0.011089740321040154,early_pruning,8,alpha_beta_d5_b8__fixed,277,5,5,5,adaptive_disabled,False,5,0.3970679589547217,60,0.2914490760304034,809,26,2.4416018277406693e-05,1204,0,7698,0.00020100176334381104,seed0_early_pruning_t17,fixed,6493,0,0.0808625747449696,0.024286057334393263,44,0,0.0,normal,26,1.0,0.0002448330633342266,797.0,0,28→60,8,2,tuning,28,False,17,True,True
alpha_beta,0,,{},8,0.013088375562801957,0.0015123782213777304,middle,2,alpha_beta_d5_b8__fixed,27,5,5,5,adaptive_disabled,False,5,0.08979087485931814,63,0.0647608288563788,124,2,1.708301715552807e-05,191,0,970,9.17930155992508e-05,seed0_middle_t27,fixed,779,0,0.014668288873508573,0.010091798147186637,2,0,0.0,critical,2,1.0,0.0001610829494893551,827.0,0,63→63,2,3,tuning,63,False,27,True,True
alpha_beta,0,,{},8,0.04942845134064555,0.012971574673429132,late,8,alpha_beta_d5_b8__fixed,121,5,5,5,adaptive_disabled,False,5,0.15872329100966454,28,0.08068420900963247,205,23,3.058300353586674e-05,462,0,3810,7.041590288281441e-05,seed0_late_t49,fixed,3348,0,0.0628723707050085,0.01454187836498022,78,0,0.0,normal,23,1.0,0.0005238340236246586,999995.0,0,11→28,8,4,tuning,11,False,49,True,True
alpha_beta,0,,{},8,0.054308167193084955,0.008695738157257438,early,8,alpha_beta_d5_b8__fixed,121,5,5,5,adaptive_disabled,False,5,0.23373979097232223,35,0.15320113068446517,557,1678,0.0007872499991208315,774,0,5346,0.00011854083277285099,seed1_early_t0,fixed,4506,0,0.04061474627815187,0.015913915121927857,5000,0,0.0,normal,1678,1.0,0.023104208055883646,758.5,1,13→35,8,0,tuning,13,False,0,True,True
alpha_beta,0,,{},8,0.15946986712515354,0.028632281348109245,early_pruning,4,alpha_beta_d5_b8__fixed,628,5,5,5,adaptive_disabled,False,5,1.0000780408736318,56,0.7426889862399548,2216,29,2.445909194648266e-05,3091,0,15507,5.458155646920204e-05,seed1_early_pruning_t75,fixed,12315,0,0.19138218113221228,0.06563366577029228,66,0,0.0,normal,29,0.5,0.00029416708275675774,787.0,1,2→56,8,1,tuning,2,True,75,False,False
alpha_beta,0,,{},8,0.047701662639155984,0.006051497301086783,middle,8,alpha_beta_d5_b8__fixed,145,5,5,5,adaptive_disabled,False,5,0.23244204092770815,49,0.1629348776768893,619,37,3.1833071261644363e-05,888,0,4730,6.629200652241707e-05,seed1_middle_t120,fixed,3783,0,0.05386904301121831,0.014951162273064256,90,0,0.0,normal,37,1.0,0.0005888328887522221,768.0,1,9→49,8,2,tuning,9,False,120,True,True
alpha_beta,0,,{},8,0.04113354464061558,0.006056085927411914,few_legal,2,alpha_beta_d5_b8__fixed,145,5,5,5,adaptive_disabled,False,5,0.18705029203556478,2,0.12771103787235916,522,2,1.7208047211170197e-05,733,0,3949,0.00019545992836356163,seed1_few_legal_t121,fixed,3193,0,0.0477053252980113,0.011366177815943956,4,0,0.0,critical,2,1.0,5.508307367563248e-05,667.0,1,20→2,2,3,tuning,20,False,121,True,True
alpha_beta,0,,{},8,0.002879624953493476,0.0003813330549746752,late,3,alpha_beta_d5_b8__fixed,10,5,5,5,adaptive_disabled,False,5,0.00492579210549593,63,0.0008657099679112434,6,3,1.4541903510689735e-05,23,0,224,9.225006215274334e-05,seed1_late_t236,fixed,194,0,0.0031809171196073294,0.0006317480001598597,4,0,0.0,danger,3,1.0,0.00014062505215406418,-999996.0,1,35→63,3,4,tuning,35,False,236,True,True
alpha_beta,0,,{},8,0.11881480342708528,0.02378429425880313,early,8,alpha_beta_d5_b8__conservative,246,5,5,5,recovery_streak_reset,False,5,0.7941688338760287,35,0.5420275663491338,1288,1686,0.0005499999970197678,1683,0,8542,0.00014079292304813862,seed0_early_t0,conservative,6852,0,0.12846436793915927,0.10394877358339727,5000,0,0.0,normal,1686,1.0,0.019037333084270358,597.0,0,1→35,8,0,tuning,1,False,0,True,True
alpha_beta,0,,{},8,0.06992233544588089,0.008228410733863711,few_legal,2,alpha_beta_d5_b8__conservative,142,5,5,5,at_max_depth,False,5,0.34465929097495973,32,0.24581517069600523,521,2,1.2459000572562218e-05,720,0,4069,0.00020912382751703262,seed0_few_legal_t6,conservative,3346,0,0.07905950304120779,0.019491826416924596,2,0,0.0,critical,2,1.0,7.120799273252487e-05,597.0,0,35→32,2,1,tuning,35,False,6,True,True
alpha_beta,0,,{},8,0.10889583523385227,0.03546484210528433,early_pruning,8,alpha_beta_d5_b8__conservative,277,5,5,5,recovery_streak_reset,False,5,0.6667977918405086,60,0.476953613338992,809,26,2.2209016606211662e-05,1204,0,7698,5.520670674741268e-05,seed0_early_pruning_t17,conservative,6493,0,0.15048116771504283,0.03896726085804403,44,0,0.0,normal,26,1.0,0.00031833420507609844,797.0,0,28→60,8,2,tuning,28,False,17,True,True
alpha_beta,0,,{},8,0.010544544318690896,0.0032061710953712463,middle,2,alpha_beta_d5_b8__conservative,27,5,5,5,at_max_depth,False,5,0.06566816684789956,63,0.045692628948017955,124,2,1.3625016435980797e-05,191,0,970,0.00011199992150068283,seed0_middle_t27,conservative,779,0,0.014143622480332851,0.005627498496323824,2,0,0.0,critical,2,1.0,7.879198528826237e-05,827.0,0,63→63,2,3,tuning,63,False,27,True,True
alpha_beta,0,,{},8,0.03903540666215122,0.004521299619227648,late,8,alpha_beta_d5_b8__conservative,121,5,5,5,at_max_depth,False,5,0.13462779205292463,28,0.07766890432685614,205,23,1.8208986148238182e-05,462,0,3810,6.60829246044159e-05,seed0_late_t49,conservative,3348,0,0.043848827946931124,0.012619475834071636,78,0,0.0,normal,23,1.0,0.0004062920343130827,999995.0,0,11→28,8,4,tuning,11,False,49,True,True
alpha_beta,0,,{},8,0.06457054358907044,0.007306704530492425,early,8,alpha_beta_d5_b8__conservative,121,5,5,5,at_max_depth,False,5,0.29402591614052653,35,0.1972069616895169,557,1678,0.0027289160061627626,774,0,5346,0.0001005842350423336,seed1_early_t0,conservative,4506,0,0.04657495627179742,0.021269914926961064,5000,0,0.0,normal,1678,1.0,0.026144583011046052,758.5,1,13→35,8,0,tuning,13,False,0,True,True
alpha_beta,0,,{},8,0.16410212055779994,0.02664307877421379,early_pruning,4,alpha_beta_d5_b8__conservative,519,5,4,5,timeout,True,5,1.000076707918197,56,0.7261064848862588,1870,29,1.8207821995019913e-05,2596,0,13026,4.458427429199219e-05,seed1_early_pruning_t75,conservative,10336,0,0.19655238720588386,0.07700487785041332,66,0,0.0,normal,29,0.5,0.0003501658793538809,787.0,1,2→56,8,1,tuning,2,True,75,False,False
alpha_beta,0,,{},8,0.01982979034073651,0.0025281296111643314,middle,8,alpha_beta_d5_b8__conservative,76,5,4,4,recovery_wait,False,4,0.07434116583317518,20,0.0466323746368289,186,37,2.016616053879261e-05,289,0,2044,6.32074661552906e-05,seed1_middle_t120,conservative,1742,1,0.022257831413298845,0.004907794063910842,90,0,0.0,normal,37,1.0,0.0004597920924425125,-768.0,1,9→20,8,2,tuning,9,False,120,False,False
alpha_beta,0,,{},8,0.011907831765711308,0.0019048741087317467,few_legal,2,alpha_beta_d5_b8__conservative,28,5,4,4,recovery_wait,False,4,0.07133041601628065,2,0.052191369934007525,167,2,9.666895493865013e-06,219,0,1008,0.0002929151523858309,seed1_few_legal_t121,conservative,782,2,0.01405578781850636,0.004727259045466781,4,0,0.0,critical,2,1.0,5.341717042028904e-05,-667.0,1,20→2,2,3,tuning,20,False,121,True,False
alpha_beta,0,,{},8,0.0010993336327373981,0.0002228741068392992,late,3,alpha_beta_d5_b8__conservative,3,5,4,4,recovery_wait,False,4,0.0025376249104738235,63,0.0007640852127224207,8,3,1.500011421740055e-05,17,0,144,0.00014891591854393482,seed1_late_t236,conservative,122,3,0.0012735400814563036,0.00026195868849754333,4,0,0.0,danger,3,1.0,7.412489503622055e-05,-999996.0,1,35→63,3,4,tuning,35,False,236,True,True
alpha_beta,0,,{},8,0.11981678195297718,0.023135660914704204,early,8,alpha_beta_d5_b8__standard,246,5,5,5,recovery_streak_reset,False,5,0.8114787500817329,35,0.575824107741937,1288,1686,0.0007897920440882444,1683,0,8542,0.000111832981929183,seed0_early_t0,standard,6852,0,0.13198307831771672,0.08475318900309503,5000,0,0.0,normal,1686,1.0,0.018016749992966652,597.0,0,1→35,8,0,tuning,1,False,0,True,True
alpha_beta,0,,{},8,0.04856970836408436,0.00745701021514833,few_legal,2,alpha_beta_d5_b8__standard,142,5,5,5,at_max_depth,False,5,0.2275823331438005,32,0.15254423767328262,521,2,8.082948625087738e-06,720,0,4069,0.0002440840471535921,seed0_few_legal_t6,standard,3346,0,0.057470002211630344,0.0172565511893481,2,0,0.0,critical,2,1.0,5.937507376074791e-05,597.0,0,35→32,2,1,tuning,35,False,6,True,True
alpha_beta,0,,{},8,0.07048201281577349,0.009835205972194672,early_pruning,8,alpha_beta_d5_b8__standard,277,5,5,5,at_max_depth,False,5,0.38550487509928644,60,0.28212423878721893,809,26,2.0124949514865875e-05,1204,0,7698,5.0958944484591484e-05,seed0_early_pruning_t17,standard,6493,0,0.08129971893504262,0.02171770832501352,44,0,0.0,normal,26,1.0,0.0002921251580119133,797.0,0,28→60,8,2,tuning,28,False,17,True,True
alpha_beta,0,,{},8,0.007653744658455253,0.0015852053184062243,middle,2,alpha_beta_d5_b8__standard,27,5,5,5,at_max_depth,False,5,0.04025329207070172,63,0.027366922236979008,124,2,1.1542113497853279e-05,191,0,970,0.00011129188351333141,seed0_middle_t27,standard,779,0,0.009333950700238347,0.003369585145264864,2,0,0.0,critical,2,1.0,5.9999991208314896e-05,827.0,0,63→63,2,3,tuning,63,False,27,True,True
alpha_beta,0,,{},8,0.040231120539829135,0.005359588423743844,late,8,alpha_beta_d5_b8__standard,121,5,5,5,at_max_depth,False,5,0.11097466596402228,28,0.053425382822752,205,23,2.3584114387631416e-05,462,0,3810,6.774882785975933e-05,seed0_late_t49,standard,3348,0,0.045956379966810346,0.01121202833019197,78,0,0.0,normal,23,1.0,0.0002895419020205736,999995.0,0,11→28,8,4,tuning,11,False,49,True,True
alpha_beta,0,,{},8,0.06075153988786042,0.00927042169496417,early,8,alpha_beta_d5_b8__standard,121,5,5,5,at_max_depth,False,5,0.27478083316236734,35,0.18699199007824063,557,1678,0.0005776248872280121,774,0,5346,0.00012166518718004227,seed1_early_t0,standard,4506,0,0.05167895229533315,0.01609676657244563,5000,0,0.0,normal,1678,1.0,0.01931383414193988,758.5,1,13→35,8,0,tuning,13,False,0,True,True
alpha_beta,0,,{},8,0.1532199652865529,0.04338742233812809,early_pruning,4,alpha_beta_d5_b8__standard,522,5,4,5,timeout,True,5,1.0002931251656264,56,0.7213578685186803,1902,29,1.987488940358162e-05,2637,0,13151,6.941729225218296e-05,seed1_early_pruning_t75,standard,10419,0,0.20129868341609836,0.0762091560754925,66,0,0.0,normal,29,0.5,0.0013381249736994505,787.0,1,2→56,8,1,tuning,2,True,75,False,False
alpha_beta,0,,{},8,0.04012611857615411,0.008107330184429884,middle,8,alpha_beta_d5_b8__standard,76,5,4,4,recovery_wait,False,4,0.1541957501322031,20,0.08720779209397733,186,37,3.77921387553215e-05,289,0,2044,0.00011612474918365479,seed1_middle_t120,standard,1742,1,0.046837995294481516,0.017981545766815543,90,0,0.0,normal,37,1.0,0.0020145000889897346,-768.0,1,9→20,8,2,tuning,9,False,120,False,False
alpha_beta,0,,{},8,0.008030965924263,0.0013221248518675566,few_legal,2,alpha_beta_d5_b8__standard,28,5,4,4,recovery_wait,False,4,0.05525962496176362,2,0.0423441540915519,167,2,9.250128641724586e-06,219,0,1008,0.0001937076449394226,seed1_few_legal_t121,standard,782,2,0.009458788437768817,0.0031918075401335955,4,0,0.0,critical,2,1.0,6.191711872816086e-05,-667.0,1,20→2,2,3,tuning,20,False,121,True,False
alpha_beta,0,,{},8,0.0009745408315211535,0.00011100084520876408,late,3,alpha_beta_d5_b8__standard,3,5,4,4,recovery_wait,False,4,0.001963583054021001,63,0.0005941658746451139,8,3,1.1083902791142464e-05,17,0,144,8.49161297082901e-05,seed1_late_t236,standard,122,3,0.0010334162507206202,0.00017154286615550518,4,0,0.0,danger,3,1.0,6.845803000032902e-05,-999996.0,1,35→63,3,4,tuning,35,False,236,True,True
alpha_beta,0,,{},8,0.07728683738969266,0.013901825761422515,early,8,alpha_beta_d5_b8__aggressive,246,5,5,5,at_max_depth,False,5,0.45988516602665186,35,0.3365056000184268,1288,1686,0.0005587080959230661,1683,0,8542,0.00010270788334310055,seed0_early_t0,aggressive,6852,0,0.07575745787471533,0.030155859189108014,5000,0,0.0,normal,1686,1.0,0.016804832965135574,597.0,0,1→35,8,0,tuning,1,False,0,True,True
alpha_beta,0,,{},8,0.04492167639546096,0.008114165626466274,few_legal,2,alpha_beta_d5_b8__aggressive,142,5,5,5,at_max_depth,False,5,0.23098441609181464,32,0.15705903293564916,521,2,8.666887879371643e-06,720,0,4069,0.00021608243696391582,seed0_few_legal_t6,aggressive,3346,0,0.053911331575363874,0.019725260324776173,2,0,0.0,critical,2,1.0,6.404193118214607e-05,597.0,0,35→32,2,1,tuning,35,False,6,True,True
alpha_beta,0,,{},8,0.0744838728569448,0.011075133923441172,early_pruning,8,alpha_beta_d5_b8__aggressive,277,5,5,5,at_max_depth,False,5,0.39839333295822144,60,0.288172606844455,809,26,1.9584083929657936e-05,1204,0,7698,6.503984332084656e-05,seed0_early_pruning_t17,aggressive,6493,0,0.08704530517570674,0.022737588034942746,44,0,0.0,normal,26,1.0,0.00035320897586643696,797.0,0,28→60,8,2,tuning,28,False,17,True,True
alpha_beta,0,,{},8,0.009693540399894118,0.001208711415529251,middle,2,alpha_beta_d5_b8__aggressive,27,5,5,5,at_max_depth,False,5,0.03942999988794327,63,0.02532996260561049,124,2,2.8957845643162727e-05,191,0,970,0.0001119591761380434,seed0_middle_t27,aggressive,779,0,0.010899413144215941,0.002912582131102681,2,0,0.0,critical,2,1.0,0.00014712498523294926,827.0,0,63→63,2,3,tuning,63,False,27,True,True
alpha_beta,0,,{},8,0.032933879643678665,0.004565500421449542,late,8,alpha_beta_d5_b8__aggressive,121,5,5,5,at_max_depth,False,5,0.08785699983127415,28,0.043080123607069254,205,23,1.6833888366818428e-05,462,0,3810,7.59568065404892e-05,seed0_late_t49,aggressive,3348,0,0.03747366811148822,0.006825292482972145,78,0,0.0,normal,23,1.0,0.0003851249348372221,999995.0,0,11→28,8,4,tuning,11,False,49,True,True
alpha_beta,0,,{},8,0.0493329600431025,0.006638166261836886,early,8,alpha_beta_d5_b8__aggressive,121,5,5,5,at_max_depth,False,5,0.2405756248626858,35,0.16919503011740744,557,1678,0.0007515409961342812,774,0,5346,9.608292020857334e-05,seed1_early_t0,aggressive,4506,0,0.04027433227747679,0.0138715545181185,5000,0,0.0,normal,1678,1.0,0.016387084033340216,758.5,1,13→35,8,0,tuning,13,False,0,True,True
alpha_beta,0,,{},8,0.15391130559146404,0.03691777936182916,early_pruning,5,alpha_beta_d5_b8__aggressive,654,5,4,5,timeout,True,5,1.0000724999699742,56,0.7439352748915553,2314,29,2.133287489414215e-05,3235,0,16267,5.258433520793915e-05,seed1_early_pruning_t75,aggressive,12905,0,0.19470271072350442,0.06107038934715092,66,0,0.0,normal,29,0.625,0.0002902077976614237,787.0,1,2→56,8,1,tuning,2,True,75,False,False
alpha_beta,0,,{},8,0.018253038870170712,0.0026025823317468166,middle,8,alpha_beta_d5_b8__aggressive,76,5,4,4,recovery_wait,False,4,0.073842957848683,20,0.04591138078831136,186,37,2.0124949514865875e-05,289,0,2044,0.0001181657426059246,seed1_middle_t120,aggressive,1742,1,0.020701080560684204,0.006633663782849908,90,0,0.0,normal,37,1.0,0.0004585420247167349,-768.0,1,9→20,8,2,tuning,9,False,120,False,False
alpha_beta,0,,{},8,0.012339293723925948,0.0018149549141526222,few_legal,2,alpha_beta_d5_b8__aggressive,28,5,4,4,recovery_wait,False,4,0.06059454218484461,2,0.04155595554038882,167,2,9.624985978007317e-06,219,0,1008,0.0001947504933923483,seed1_few_legal_t121,aggressive,782,2,0.014342707581818104,0.004438753705471754,4,0,0.0,critical,2,1.0,5.274987779557705e-05,-667.0,1,20→2,2,3,tuning,20,False,121,True,False
alpha_beta,0,,{},8,0.0010478729382157326,0.00018458347767591476,late,3,alpha_beta_d5_b8__aggressive,3,5,5,4,recovered,True,4,0.002241124864667654,63,0.0007080009672790766,8,3,8.999835699796677e-06,17,0,144,7.495889440178871e-05,seed1_late_t236,aggressive,122,0,0.001188959926366806,0.00019583012908697128,4,0,0.0,danger,3,1.0,6.437511183321476e-05,-999996.0,1,35→63,3,4,tuning,35,False,236,True,True
pvs,0,,{},8,0.14142117742449045,0.025594835868105292,early,8,pvs_d6_b8__fixed,451,6,6,6,adaptive_disabled,False,6,0.573733750032261,35,0.35381208593025804,1218,1686,0.0007268749177455902,1791,1217,12877,9.349919855594635e-05,seed0_early_t0,fixed,11079,0,0.13674404192715883,0.04989833105355501,5000,0,0.0,normal,1686,1.0,0.0324589170049876,-597.0,0,1→35,8,0,tuning,1,False,0,True,True
pvs,0,,{},8,0.18244514567777514,0.030403900425881147,few_legal,1,pvs_d6_b8__fixed,709,6,6,6,adaptive_disabled,False,6,1.0008389581926167,32,0.7058090907521546,2767,2,7.500173524022102e-06,3758,2750,17661,0.0007669159676879644,seed0_few_legal_t6,fixed,13893,0,0.21664961730130017,0.07754870899952948,2,16,0.005818181818181818,critical,2,0.5,5.7124998420476913e-05,-619.0,0,35→32,2,1,tuning,35,True,6,False,False
pvs,0,,{},8,0.13250717148184776,0.020338234724476933,early_pruning,8,pvs_d6_b8__fixed,458,6,6,6,adaptive_disabled,False,6,0.7022012500092387,66,0.5018843319267035,1392,26,2.050003968179226e-05,2110,1384,12853,5.758390761911869e-05,seed0_early_pruning_t17,fixed,10746,0,0.15488149086013436,0.0450243023224175,44,7,0.0050578034682080926,normal,26,1.0,0.0003330409526824951,-807.5,0,28→66,8,2,tuning,28,False,17,True,True
pvs,0,,{},8,0.12924378784373403,0.02195300650782883,middle,2,pvs_d6_b8__fixed,214,6,6,6,adaptive_disabled,False,6,0.4446409170050174,63,0.2617999624926597,621,2,1.333397813141346e-05,955,676,5578,8.233217522501945e-05,seed0_middle_t27,fixed,4638,0,0.1526092984713614,0.030050531029701233,2,15,0.022189349112426034,critical,2,1.0,8.545885793864727e-05,-797.0,0,63→63,2,3,tuning,63,False,27,True,True
pvs,0,,{},8,0.12990468321368098,0.015095750102773309,late,8,pvs_d6_b8__fixed,528,6,6,6,adaptive_disabled,False,6,0.2819690420292318,28,0.11081421258859336,448,23,1.9416911527514458e-05,1438,792,13559,5.762535147368908e-05,seed0_late_t49,fixed,12144,0,0.14581645419821143,0.024753208039328456,78,23,0.02904040404040404,normal,23,1.0,0.000508124940097332,999995.0,0,11→28,8,4,tuning,11,False,49,True,True
pvs,0,,{},8,0.20935615501366556,0.02969613461755216,early,4,pvs_d6_b8__fixed,725,6,6,6,adaptive_disabled,False,6,1.0003150838892907,35,0.6840279893949628,2304,1678,0.000940707977861166,3249,2288,19143,0.00023029185831546783,seed1_early_t0,fixed,15731,0,0.226611262653023,0.07225462282076478,5000,15,0.006555944055944056,normal,1678,0.5,0.016250209184363484,-758.5,1,13→35,8,0,tuning,13,True,0,True,True
pvs,0,,{},8,0.20331633975729346,0.016620701644569635,early_pruning,1,pvs_d6_b8__fixed,377,6,6,6,adaptive_disabled,False,6,1.0455384999513626,63,0.7669364628382027,1078,29,2.491706982254982e-05,1622,1060,9286,7.858383469283581e-05,seed1_early_pruning_t75,fixed,7588,0,0.23067681421525776,0.04709238884970546,66,26,0.024528301886792454,normal,29,0.125,0.0007293331436812878,-999996.0,1,2→63,8,1,tuning,2,True,75,True,True
pvs,0,,{},8,0.19138441910035908,0.0251510227099061,middle,8,pvs_d6_b8__fixed,610,6,6,6,adaptive_disabled,False,6,0.682200875133276,20,0.41159600322134793,1456,37,2.687494270503521e-05,2256,1448,14491,0.00019404198974370956,seed1_middle_t120,fixed,12174,0,0.21923129260540009,0.05070045427419245,90,20,0.013812154696132596,normal,37,1.0,0.000452208099886775,-667.0,1,9→20,8,2,tuning,9,False,120,True,True
pvs,0,,{},8,0.23392684385180473,0.03156988462433219,few_legal,0,pvs_d6_b8__fixed,936,6,6,6,adaptive_disabled,False,6,1.0003559167962521,2,0.6398377683945,2358,2,1.2167030945420265e-05,3573,2362,21778,0.00022612488828599453,seed1_few_legal_t121,fixed,18124,0,0.26957982894964516,0.09058390255086124,4,31,0.013124470787468248,critical,2,0.0,0.00011612498201429844,-1296.0,1,20→2,2,3,tuning,20,True,121,True,False
pvs,0,,{},8,0.0026150825433433056,0.00036779209040105343,late,3,pvs_d6_b8__fixed,10,6,6,6,adaptive_disabled,False,6,0.009919875068590045,63,0.005803167354315519,24,3,1.3040844351053238e-05,47,31,273,0.0001531683374196291,seed1_late_t236,fixed,216,0,0.0029537896625697613,0.0009117089211940765,4,0,0.0,danger,3,1.0,8.499994874000549e-05,-999996.0,1,35→63,3,4,tuning,35,False,236,True,True
pvs,0,,{},8,0.19558150484226644,0.03225236129947007,early,8,pvs_d6_b8__conservative,451,6,5,6,elapsed_ratio_high,True,6,0.9391410001553595,35,0.6433903120923787,1218,1686,0.0013134169857949018,1791,1217,12877,0.0001296240370720625,seed0_early_t0,conservative,11079,0,0.20907801436260343,0.06268725753761828,5000,0,0.0,normal,1686,1.0,0.0225423751398921,-597.0,0,1→35,8,0,tuning,1,False,0,True,True
pvs,0,,{},8,0.09148104768246412,0.007984587224200368,few_legal,2,pvs_d6_b8__conservative,159,6,5,5,recovery_streak_reset,False,5,0.4401119169779122,32,0.2904753447510302,584,2,1.1625001206994057e-05,805,569,4310,0.0002426248975098133,seed0_few_legal_t6,conservative,3517,0,0.10121424659155309,0.048102533677592874,2,14,0.02460456942003515,critical,2,1.0,6.554205901920795e-05,597.0,0,35→32,2,1,tuning,35,False,6,False,False
pvs,0,,{},8,0.11807517451234162,0.017725741490721703,early_pruning,8,pvs_d6_b8__conservative,431,6,5,5,recovery_streak_reset,False,5,0.6090287081897259,60,0.43739584530703723,1104,26,4.2208004742860794e-05,1677,1081,11207,0.00010641710832715034,seed0_early_pruning_t17,conservative,9552,0,0.13756404537707567,0.03361210925504565,44,22,0.020351526364477335,normal,26,1.0,0.00030808313749730587,797.0,0,28→60,8,2,tuning,28,False,17,False,False
pvs,0,,{},8,0.01913787587545812,0.0018918737769126892,middle,2,pvs_d6_b8__conservative,33,6,5,5,recovery_wait,False,5,0.06494870781898499,63,0.03809932922013104,121,2,1.2667151167988777e-05,189,133,995,0.00017220666632056236,seed0_middle_t27,conservative,810,1,0.021159667056053877,0.005435503786429763,2,4,0.03007518796992481,critical,2,1.0,6.933393888175488e-05,827.0,0,63→63,2,3,tuning,63,False,27,True,False
pvs,0,,{},8,0.05354654276743531,0.0071249238681048155,late,8,pvs_d6_b8__conservative,165,6,5,5,recovery_wait,False,5,0.13956091599538922,28,0.061555241933092475,252,23,1.77919864654541e-05,596,377,4850,6.208289414644241e-05,seed0_late_t49,conservative,4261,2,0.061617829836905,0.016074469313025475,78,7,0.01856763925729443,normal,23,1.0,0.0002335000317543745,999995.0,0,11→28,8,4,tuning,11,False,49,True,True
pvs,0,,{},8,0.24048674455843866,0.03867451031692326,early,2,pvs_d6_b8__conservative,493,6,5,6,timeout,True,6,1.0001328750513494,35,0.6552382197696716,1622,1678,0.0009221250656992197,2275,1606,13776,0.00013291719369590282,seed1_early_t0,conservative,11380,0,0.2585404550191015,0.061126908054575324,5000,15,0.00933997509339975,normal,1678,0.25,0.024172249948605895,-758.5,1,13→35,8,0,tuning,13,True,0,True,True
pvs,0,,{},8,0.17266897344961762,0.030674786306917667,early_pruning,2,pvs_d6_b8__conservative,753,6,4,5,timeout,True,5,1.000103750033304,8,0.7263067762833089,2371,29,2.2374792024493217e-05,3347,2330,17023,6.279256194829941e-05,seed1_early_pruning_t75,conservative,13633,0,0.20758446725085378,0.0658322973176837,66,42,0.018025751072961373,normal,29,0.25,0.0002950418274849653,757.0,1,2→8,8,1,tuning,2,True,75,False,False
pvs,0,,{},8,0.012558289337903261,0.0016940042842179537,middle,8,pvs_d6_b8__conservative,63,6,4,4,recovery_wait,False,4,0.047976292204111814,20,0.02954246522858739,132,37,2.8582988306879997e-05,215,129,1559,5.825120024383068e-05,seed1_middle_t120,conservative,1337,1,0.013881918275728822,0.0038748665247112513,90,2,0.015503875968992248,normal,37,1.0,0.0005902079865336418,-768.0,1,9→20,8,2,tuning,9,False,120,True,False
pvs,0,,{},8,0.013527169125154614,0.002097788965329528,few_legal,2,pvs_d6_b8__conservative,58,6,4,4,recovery_wait,False,4,0.07280408288352191,2,0.051584916887804866,237,2,8.333008736371994e-06,321,222,1704,0.00020408397540450096,seed1_few_legal_t121,conservative,1393,2,0.01584745361469686,0.0051083795260638,4,15,0.06756756756756757,critical,2,1.0,5.091587081551552e-05,-667.0,1,20→2,2,3,tuning,20,False,121,True,False
pvs,0,,{},8,0.0009694576729089022,0.00011912407353520393,late,3,pvs_d6_b8__conservative,3,6,4,4,recovery_wait,False,4,0.0019838749431073666,63,0.0005960406269878149,8,3,9.333016350865364e-06,17,10,144,7.937615737318993e-05,seed1_late_t236,conservative,122,3,0.0010388323571532965,0.00019166781567037106,4,0,0.0,danger,3,1.0,6.862496957182884e-05,-999996.0,1,35→63,3,4,tuning,35,False,236,True,True
pvs,0,,{},8,0.15730403177440166,0.03055079746991396,early,8,pvs_d6_b8__standard,451,6,6,6,recovery_streak_reset,False,6,0.7026072910521179,35,0.42110913107171655,1218,1686,0.0005719589535146952,1791,1217,12877,0.00023049814626574516,seed0_early_t0,standard,11079,0,0.1760142024140805,0.08975629159249365,5000,0,0.0,normal,1686,1.0,0.014925208874046803,-597.0,0,1→35,8,0,tuning,1,False,0,True,True
pvs,0,,{},8,0.16982897464185953,0.027348915114998817,few_legal,1,pvs_d6_b8__standard,705,6,5,6,timeout,True,6,1.000275667058304,32,0.711993306176737,2749,2,9.666895493865013e-06,3734,2732,17555,0.00025237491354346275,seed0_few_legal_t6,standard,13811,0,0.2006268841214478,0.08726118481718004,2,16,0.005856515373352855,critical,2,0.5,0.0001322501339018345,-619.0,0,35→32,2,1,tuning,35,True,6,False,False
pvs,0,,{},8,0.11387638072483242,0.014209770364686847,early_pruning,8,pvs_d6_b8__standard,431,6,5,5,recovery_streak_reset,False,5,0.5534559998195618,60,0.3883905678521842,1104,26,2.1290965378284454e-05,1677,1081,11207,7.679290138185024e-05,seed0_early_pruning_t17,standard,9552,0,0.12951761041767895,0.035069279838353395,44,22,0.020351526364477335,normal,26,1.0,0.0003804578445851803,797.0,0,28→60,8,2,tuning,28,False,17,False,False
pvs,0,,{},8,0.011683288728818297,0.001417622435837984,middle,2,pvs_d6_b8__standard,33,6,5,5,recovery_wait,False,5,0.046746667008847,63,0.029869414400309324,121,2,7.250113412737846e-06,189,133,995,0.0001152500044554472,seed0_middle_t27,standard,810,1,0.013181458227336407,0.0035156693775206804,2,4,0.03007518796992481,critical,2,1.0,5.762488581240177e-05,827.0,0,63→63,2,3,tuning,63,False,27,True,False
pvs,0,,{},8,0.047742003574967384,0.005488080438226461,late,8,pvs_d6_b8__standard,165,6,5,5,recovery_wait,False,5,0.13045820780098438,28,0.06542699737474322,252,23,1.53339933604002e-05,596,377,4850,5.045672878623009e-05,seed0_late_t49,standard,4261,2,0.05347078572958708,0.011272091884166002,78,7,0.01856763925729443,normal,23,1.0,0.00022254209034144878,999995.0,0,11→28,8,4,tuning,11,False,49,True,True
pvs,0,,{},8,0.20794430025853217,0.027192396111786366,early,6,pvs_d6_b8__standard,794,6,5,6,timeout,True,6,1.0002071249764413,35,0.6936435357201844,2452,1678,0.0006009580101817846,3480,2436,20876,0.0001465417444705963,seed1_early_t0,standard,17218,0,0.2222230900079012,0.06699637440033257,5000,15,0.006157635467980296,normal,1678,0.75,0.016596625093370676,-758.5,1,13→35,8,0,tuning,13,True,0,True,True
pvs,0,,{},8,0.16788954730145633,0.03308292874135077,early_pruning,2,pvs_d6_b8__standard,710,6,4,5,timeout,True,5,1.0000842090230435,8,0.7277918104082346,2233,29,2.4958979338407516e-05,3158,2193,16121,5.354220047593117e-05,seed1_early_pruning_t75,standard,12921,0,0.20488074491731822,0.06701877759769559,66,42,0.019151846785225718,normal,29,0.25,0.0003143749199807644,757.0,1,2→8,8,1,tuning,2,True,75,False,False
pvs,0,,{},8,0.019398795440793037,0.0036593321710824966,middle,8,pvs_d6_b8__standard,63,6,4,4,recovery_wait,False,4,0.06806591711938381,20,0.03902216628193855,132,37,2.1875137463212013e-05,215,129,1559,9.187520481646061e-05,seed1_middle_t120,standard,1337,1,0.022819999139755964,0.0055365844164043665,90,2,0.015503875968992248,normal,37,1.0,0.0005734169390052557,-768.0,1,9→20,8,2,tuning,9,False,120,True,False
pvs,0,,{},8,0.014080337947234511,0.0021045817993581295,few_legal,2,pvs_d6_b8__standard,58,6,4,4,recovery_wait,False,4,0.06884795799851418,2,0.04727574624121189,237,2,8.958857506513596e-06,321,222,1704,0.00034862407483160496,seed1_few_legal_t121,standard,1393,2,0.016374455066397786,0.004788423655554652,4,15,0.06756756756756757,critical,2,1.0,5.175010301172733e-05,-667.0,1,20→2,2,3,tuning,20,False,121,True,False
pvs,0,,{},8,0.006357916165143251,0.00017362297512590885,late,3,pvs_d6_b8__standard,3,6,4,4,recovery_wait,False,4,0.008654291043058038,63,0.0009139594621956348,8,3,0.0007491668220609426,17,10,144,0.00010541616939008236,seed1_late_t236,standard,122,3,0.0018174601718783379,0.0003210383001714945,4,0,0.0,danger,3,1.0,0.0047472501173615456,-999996.0,1,35→63,3,4,tuning,35,False,236,True,True
pvs,0,,{},8,0.12438853713683784,0.01827955082990229,early,8,pvs_d6_b8__aggressive,451,6,6,6,at_max_depth,False,6,0.49133195891045034,35,0.31252769520506263,1218,1686,0.0005692080594599247,1791,1217,12877,0.00014512613415718079,seed0_early_t0,aggressive,11079,0,0.12436720752157271,0.03362788911908865,5000,0,0.0,normal,1686,1.0,0.020094832871109247,-597.0,0,1→35,8,0,tuning,1,False,0,True,True
pvs,0,,{},8,0.17337012384086847,0.02813399932347238,few_legal,1,pvs_d6_b8__aggressive,497,6,5,6,timeout,True,6,1.0002114579547197,32,0.706005792832002,1977,2,1.537497155368328e-05,2683,1961,12673,0.0001984999980777502,seed0_few_legal_t6,aggressive,9968,0,0.20539041212759912,0.08850466995500028,2,16,0.00815910249872514,critical,2,0.5,9.670807048678398e-05,-619.0,0,35→32,2,1,tuning,35,True,6,False,False
pvs,0,,{},8,0.23343484150245786,0.029695994220674038,early_pruning,7,pvs_d6_b8__aggressive,327,6,4,5,timeout,True,5,1.0000909168738872,66,0.6706476816907525,749,26,2.008303999900818e-05,1184,736,8484,5.837460048496723e-05,seed0_early_pruning_t17,aggressive,7276,0,0.2653081251773983,0.06375556834973395,44,13,0.017663043478260868,normal,26,0.875,0.0003010840155184269,575.5,0,28→66,8,2,tuning,28,True,17,True,False
pvs,0,,{},8,0.004610998323187232,0.0006270818412303925,middle,2,pvs_d6_b8__aggressive,16,6,4,4,recovery_wait,False,4,0.015961708035320044,63,0.009226290276274085,49,2,1.154094934463501e-05,73,50,435,8.02499707788229e-05,seed0_middle_t27,aggressive,364,1,0.005243831081315875,0.001333295600488782,2,2,0.04,critical,2,1.0,6.650015711784363e-05,-797.0,0,63→63,2,3,tuning,63,False,27,True,True
pvs,0,,{},8,0.026247037574648857,0.0030323343817144632,late,8,pvs_d6_b8__aggressive,95,6,4,4,recovery_wait,False,4,0.06939266598783433,28,0.034226915100589395,117,23,1.4916062355041504e-05,303,176,2560,5.650008097290993e-05,seed0_late_t49,aggressive,2266,2,0.029284506104886532,0.005522203631699085,78,9,0.05113636363636364,normal,23,1.0,0.0002876250073313713,999995.0,0,11→28,8,4,tuning,11,False,49,True,True
pvs,0,,{},8,0.1973902548197657,0.03243000083602965,early,3,pvs_d6_b8__aggressive,642,6,5,6,timeout,True,6,1.000156959053129,35,0.6725283088162541,2088,1678,0.000721791060641408,2931,2073,17175,0.00011608493514358997,seed1_early_t0,aggressive,14096,0,0.21319749089889228,0.0935134922619909,5000,15,0.00723589001447178,normal,1678,0.375,0.020079791080206633,-758.5,1,13→35,8,0,tuning,13,True,0,True,True
pvs,0,,{},8,0.16737554874271154,0.02627138001844287,early_pruning,2,pvs_d6_b8__aggressive,762,6,4,5,timeout,True,5,1.0000840839929879,8,0.7339341735932976,2391,29,0.004365250002592802,3378,2350,17215,8.095917291939259e-05,seed1_early_pruning_t75,aggressive,13791,0,0.19610912795178592,0.06497319834306836,66,42,0.017872340425531916,normal,29,0.25,0.0006213749293237925,757.0,1,2→8,8,1,tuning,2,True,75,False,False
pvs,0,,{},8,0.01508370554074645,0.0024954569526016712,middle,8,pvs_d6_b8__aggressive,63,6,4,4,recovery_wait,False,4,0.06185195897705853,20,0.039282451616600156,132,37,2.4875160306692123e-05,215,129,1559,6.575090810656548e-05,seed1_middle_t120,aggressive,1337,1,0.01726016099564731,0.004612595308572054,90,2,0.015503875968992248,normal,37,1.0,0.0006061249878257513,-768.0,1,9→20,8,2,tuning,9,False,120,True,False
pvs,0,,{},8,0.020333251683041453,0.0060812493320554495,few_legal,2,pvs_d6_b8__aggressive,58,6,4,4,recovery_wait,False,4,0.13003220804966986,2,0.09352512587793171,237,2,2.4667009711265564e-05,321,222,1704,0.0002789171412587166,seed1_few_legal_t121,aggressive,1393,2,0.026751876808702946,0.009354038164019585,4,15,0.06756756756756757,critical,2,1.0,9.758304804563522e-05,-667.0,1,20→2,2,3,tuning,20,False,121,True,False
pvs,0,,{},8,0.000973834190517664,0.0001164148561656475,late,3,pvs_d6_b8__aggressive,3,6,5,4,recovered,True,4,0.001990749966353178,63,0.0006105413194745779,8,3,9.083189070224762e-06,17,10,144,7.912563160061836e-05,seed1_late_t236,aggressive,122,0,0.0010399185121059418,0.00018416531383991241,4,0,0.0,danger,3,1.0,6.791600026190281e-05,-999996.0,1,35→63,3,4,tuning,35,False,236,True,True
beam_negamax,7058,8-6-4-2,"{""0"": 8, ""1"": 6, ""2"": 4, ""3"": 2, ""4"": 2}",,0.06782042724080384,0.00553617998957634,early,8,beam_negamax_d5_w8-6-4-2__fixed,0,5,5,5,adaptive_disabled,False,5,0.19624499999918044,35,0.1087500867433846,496,1686,0.0005669998936355114,907,0,7969,9.2250294983387e-05,seed0_early_t0,fixed,0,0,0.061390836257487535,0.012669452000409365,5000,0,0.0,normal,1686,1.0,0.012775374809280038,597.0,0,1→35,8,0,tuning,1,False,0,True,True
beam_negamax,2083,8-6-4-2,"{""0"": 8, ""1"": 6, ""2"": 4, ""3"": 2, ""4"": 2}",,0.029692336451262236,0.002568628406152129,few_legal,2,beam_negamax_d5_w8-6-4-2__fixed,0,5,5,5,adaptive_disabled,False,5,0.10730545897968113,54,0.06731703924015164,192,2,8.875038474798203e-06,350,0,2433,0.0004235839005559683,seed0_few_legal_t6,fixed,0,0,0.032638209173455834,0.006863834569230676,2,0,0.0,critical,2,1.0,5.39170578122139e-05,515.5,0,35→54,2,1,tuning,35,False,6,True,True
beam_negamax,8125,8-6-4-2,"{""0"": 8, ""1"": 6, ""2"": 4, ""3"": 2, ""4"": 2}",,0.12105880049057305,0.02475182805210352,early_pruning,8,beam_negamax_d5_w8-6-4-2__fixed,0,5,5,5,adaptive_disabled,False,5,0.5890587500762194,58,0.40996262896806,768,26,2.887495793402195e-05,1400,0,9525,6.529130041599274e-05,seed0_early_pruning_t17,fixed,0,0,0.14961996348574758,0.028938449453562498,44,0,0.0,normal,26,1.0,0.00044354191049933434,589.0,0,28→58,8,2,tuning,28,False,17,True,True
beam_negamax,1133,8-6-4-2,"{""0"": 8, ""1"": 6, ""2"": 4, ""3"": 2, ""4"": 2}",,0.018623414915055037,0.0013664185535162687,middle,2,beam_negamax_d5_w8-6-4-2__fixed,0,5,5,5,adaptive_disabled,False,5,0.05320687498897314,63,0.029489542357623577,82,2,7.917173206806183e-06,180,0,1313,8.112471550703049e-05,seed0_middle_t27,fixed,0,0,0.020187922520563006,0.0033515761606395245,2,0,0.0,critical,2,1.0,8.879206143319607e-05,1047.5,0,63→63,2,3,tuning,63,False,27,True,True
beam_negamax,6727,8-6-4-2,"{""0"": 8, ""1"": 6, ""2"": 4, ""3"": 2, ""4"": 2}",,0.0670543231535703,0.006426412612199783,late,8,beam_negamax_d5_w8-6-4-2__fixed,0,5,5,5,adaptive_disabled,False,5,0.18866304215043783,28,0.09945173701271415,419,23,3.2207928597927094e-05,1013,0,7740,6.966828368604183e-05,seed0_late_t49,fixed,0,0,0.07422887696884573,0.01460509398020804,78,0,0.0,normal,23,1.0,0.00027545797638595104,999997.0,0,11→28,8,4,tuning,11,False,49,True,True
beam_negamax,7457,8-6-4-2,"{""0"": 8, ""1"": 6, ""2"": 4, ""3"": 2, ""4"": 2}",,0.09080362739041448,0.008717542747035623,early,8,beam_negamax_d5_w8-6-4-2__fixed,0,5,5,5,adaptive_disabled,False,5,0.33404020802117884,35,0.21322311600670218,592,1678,0.0010946248658001423,1081,0,8543,0.0001060832291841507,seed1_early_t0,fixed,0,0,0.08236820949241519,0.018787049455568194,5000,0,0.0,normal,1678,1.0,0.01846112497150898,209.0,1,13→35,8,0,tuning,13,False,0,True,True
beam_negamax,6795,8-6-4-2,"{""0"": 8, ""1"": 6, ""2"": 4, ""3"": 2, ""4"": 2}",,0.07350986637175083,0.01200896454975009,early_pruning,8,beam_negamax_d5_w8-6-4-2__fixed,0,5,5,5,adaptive_disabled,False,5,0.33526487508788705,8,0.22299685282632709,602,29,4.03339508920908e-05,1134,0,7974,7.283338345587254e-05,seed1_early_pruning_t75,fixed,0,0,0.08742838585749269,0.024444219190627337,66,0,0.0,normal,29,1.0,0.0002822498790919781,799.5,1,2→8,8,1,tuning,2,False,75,True,True
beam_negamax,5627,8-6-4-2,"{""0"": 8, ""1"": 6, ""2"": 4, ""3"": 2, ""4"": 2}",,0.10538391140289605,0.009896331001073122,middle,8,beam_negamax_d5_w8-6-4-2__fixed,0,5,5,5,adaptive_disabled,False,5,0.3050575410015881,20,0.15161608066409826,475,37,2.0584091544151306e-05,929,0,6634,5.833175964653492e-05,seed1_middle_t120,fixed,0,0,0.11635320400819182,0.036545465467497706,90,0,0.0,normal,37,1.0,0.00046387501060962677,799.5,1,9→20,8,2,tuning,9,False,120,True,True
beam_negamax,909,8-6-4-2,"{""0"": 8, ""1"": 6, ""2"": 4, ""3"": 2, ""4"": 2}",,0.014002717332914472,0.001283501274883747,few_legal,2,beam_negamax_d5_w8-6-4-2__fixed,0,5,5,5,adaptive_disabled,False,5,0.04187291697598994,2,0.023147958563640714,72,2,1.3333046808838844e-05,142,0,1062,0.0001999586820602417,seed1_few_legal_t121,fixed,0,0,0.015442291274666786,0.0029929173178970814,4,0,0.0,critical,2,1.0,7.645809091627598e-05,768.0,1,20→2,2,3,tuning,20,False,121,True,True
beam_negamax,1459,8-6-4-2,"{""0"": 8, ""1"": 6, ""2"": 4, ""3"": 2, ""4"": 2}",,0.020138248102739453,0.001863701269030571,late,3,beam_negamax_d5_w8-6-4-2__fixed,0,5,5,5,adaptive_disabled,False,5,0.06112179206684232,63,0.033999994629994035,114,3,1.545785926282406e-05,247,0,1739,0.0001238761469721794,seed1_late_t236,fixed,0,0,0.022262002807110548,0.00461191963404417,4,0,0.0,danger,3,1.0,0.00010854098945856094,-999996.0,1,35→63,3,4,tuning,35,False,236,True,True
beam_negamax,7058,8-6-4-2,"{""0"": 8, ""1"": 6, ""2"": 4, ""3"": 2, ""4"": 2}",,0.10913538234308362,0.009036001283675432,early,8,beam_negamax_d5_w8-6-4-2__conservative,0,5,5,5,at_max_depth,False,5,0.29981691716238856,35,0.15640265448018909,496,1686,0.0009875830728560686,907,0,7969,0.00016558426432311535,seed0_early_t0,conservative,0,0,0.0966338743455708,0.02220622100867331,5000,0,0.0,normal,1686,1.0,0.02342099999077618,597.0,0,1→35,8,0,tuning,1,False,0,True,True
beam_negamax,2083,8-6-4-2,"{""0"": 8, ""1"": 6, ""2"": 4, ""3"": 2, ""4"": 2}",,0.024178340565413237,0.0027229124680161476,few_legal,2,beam_negamax_d5_w8-6-4-2__conservative,0,5,5,5,at_max_depth,False,5,0.09943162486888468,54,0.06569895637221634,192,2,1.2625008821487427e-05,350,0,2433,0.0002283337526023388,seed0_few_legal_t6,conservative,0,0,0.027413206873461604,0.005993294762447476,2,0,0.0,critical,2,1.0,8.520809933543205e-05,515.5,0,35→54,2,1,tuning,35,False,6,True,True
beam_negamax,8125,8-6-4-2,"{""0"": 8, ""1"": 6, ""2"": 4, ""3"": 2, ""4"": 2}",,0.09268012992106378,0.011823858134448528,early_pruning,8,beam_negamax_d5_w8-6-4-2__conservative,0,5,5,5,recovery_streak_reset,False,5,0.44487679190933704,58,0.3144673011265695,768,26,3.124983049929142e-05,1400,0,9525,6.16251491010189e-05,seed0_early_pruning_t17,conservative,0,0,0.1065448047593236,0.023531103041023016,44,0,0.0,normal,26,1.0,0.000240708002820611,589.0,0,28→58,8,2,tuning,28,False,17,True,True
beam_negamax,1133,8-6-4-2,"{""0"": 8, ""1"": 6, ""2"": 4, ""3"": 2, ""4"": 2}",,0.009912129258736968,0.0011730361729860306,middle,2,beam_negamax_d5_w8-6-4-2__conservative,0,5,5,5,at_max_depth,False,5,0.030506584094837308,63,0.016696544596925378,82,2,6.708083674311638e-06,180,0,1313,6.862496957182884e-05,seed0_middle_t27,conservative,0,0,0.011246249778196216,0.0024377477820962667,2,0,0.0,critical,2,1.0,5.070888437330723e-05,1047.5,0,63→63,2,3,tuning,63,False,27,True,True
beam_negamax,6727,8-6-4-2,"{""0"": 8, ""1"": 6, ""2"": 4, ""3"": 2, ""4"": 2}",,0.07120888493955135,0.007224083878099918,late,8,beam_negamax_d5_w8-6-4-2__conservative,0,5,5,5,at_max_depth,False,5,0.19786620885133743,28,0.10208941344171762,419,23,2.2833002731204033e-05,1013,0,7740,7.679290138185024e-05,seed0_late_t49,conservative,0,0,0.08170674974098802,0.013650128850713372,78,0,0.0,normal,23,1.0,0.00032029091380536556,999997.0,0,11→28,8,4,tuning,11,False,49,True,True
beam_negamax,7457,8-6-4-2,"{""0"": 8, ""1"": 6, ""2"": 4, ""3"": 2, ""4"": 2}",,0.08023287705145776,0.01094997557811439,early,8,beam_negamax_d5_w8-6-4-2__conservative,0,5,5,5,at_max_depth,False,5,0.32428504107519984,35,0.20326924952678382,592,1678,0.0006497499998658895,1081,0,8543,9.812507778406143e-05,seed1_early_t0,conservative,0,0,0.07862069015391171,0.021883560344576836,5000,0,0.0,normal,1678,1.0,0.019763665972277522,209.0,1,13→35,8,0,tuning,13,False,0,True,True
beam_negamax,6795,8-6-4-2,"{""0"": 8, ""1"": 6, ""2"": 4, ""3"": 2, ""4"": 2}",,0.09450888307765126,0.018973328173160553,early_pruning,8,beam_negamax_d5_w8-6-4-2__conservative,0,5,5,5,recovery_streak_reset,False,5,0.49618741706945,8,0.3329164390452206,602,29,4.6416884288191795e-05,1134,0,7974,9.825034067034721e-05,seed1_early_pruning_t75,conservative,0,0,0.11705475766211748,0.04563472024165094,66,0,0.0,normal,29,1.0,0.0004368328955024481,799.5,1,2→8,8,1,tuning,2,False,75,True,True
beam_negamax,5627,8-6-4-2,"{""0"": 8, ""1"": 6, ""2"": 4, ""3"": 2, ""4"": 2}",,0.06533441436477005,0.006403834791854024,middle,8,beam_negamax_d5_w8-6-4-2__conservative,0,5,5,5,at_max_depth,False,5,0.21909358398988843,20,0.13260320480912924,475,37,3.095809370279312e-05,929,0,6634,7.220893166959286e-05,seed1_middle_t120,conservative,0,0,0.07211941853165627,0.013664460740983486,90,0,0.0,normal,37,1.0,0.0006033328827470541,799.5,1,9→20,8,2,tuning,9,False,120,True,True
beam_negamax,909,8-6-4-2,"{""0"": 8, ""1"": 6, ""2"": 4, ""3"": 2, ""4"": 2}",,0.01387245999649167,0.001646334771066904,few_legal,2,beam_negamax_d5_w8-6-4-2__conservative,0,5,5,5,at_max_depth,False,5,0.052528792060911655,2,0.025289332028478384,72,2,1.1125113815069199e-05,142,0,1062,0.0002472498454153538,seed1_few_legal_t121,conservative,0,0,0.015739912167191505,0.011179463937878609,4,0,0.0,critical,2,1.0,6.17089681327343e-05,768.0,1,20→2,2,3,tuning,20,False,121,True,True
beam_negamax,1459,8-6-4-2,"{""0"": 8, ""1"": 6, ""2"": 4, ""3"": 2, ""4"": 2}",,0.07007387955673039,0.00477413390763104,late,3,beam_negamax_d5_w8-6-4-2__conservative,0,5,5,5,at_max_depth,False,5,0.12780420808121562,63,0.04583216551691294,114,3,1.4249933883547783e-05,247,0,1739,0.00020612496882677078,seed1_late_t236,conservative,0,0,0.07542117242701352,0.0062449120450764894,4,0,0.0,danger,3,1.0,8.558318950235844e-05,-999996.0,1,35→63,3,4,tuning,35,False,236,True,True
beam_negamax,7058,8-6-4-2,"{""0"": 8, ""1"": 6, ""2"": 4, ""3"": 2, ""4"": 2}",,0.11643938696943223,0.015752664767205715,early,8,beam_negamax_d5_w8-6-4-2__standard,0,5,5,5,at_max_depth,False,5,0.35528304195031524,35,0.17934372904710472,496,1686,0.0007065839599817991,907,0,7969,0.00011316617019474506,seed0_early_t0,standard,0,0,0.11925519653595984,0.040177116403356194,5000,0,0.0,normal,1686,1.0,0.015687249833717942,597.0,0,1→35,8,0,tuning,1,False,0,True,True
beam_negamax,2083,8-6-4-2,"{""0"": 8, ""1"": 6, ""2"": 4, ""3"": 2, ""4"": 2}",,0.04076963826082647,0.004351532785221934,few_legal,2,beam_negamax_d5_w8-6-4-2__standard,0,5,5,5,at_max_depth,False,5,0.12686541583389044,54,0.0701208314858377,192,2,2.8667040169239044e-05,350,0,2433,0.0002992907539010048,seed0_few_legal_t6,standard,0,0,0.04565941239707172,0.010590047109872103,2,0,0.0,critical,2,1.0,0.00016716704703867435,515.5,0,35→54,2,1,tuning,35,False,6,True,True
beam_negamax,8125,8-6-4-2,"{""0"": 8, ""1"": 6, ""2"": 4, ""3"": 2, ""4"": 2}",,0.10227874992415309,0.01649045431986451,early_pruning,8,beam_negamax_d5_w8-6-4-2__standard,0,5,5,5,at_max_depth,False,5,0.4837845410220325,58,0.3380989236757159,768,26,2.3417174816131592e-05,1400,0,9525,6.474764086306095e-05,seed0_early_pruning_t17,standard,0,0,0.12051667575724423,0.024804442655295134,44,0,0.0,normal,26,1.0,0.00027633411809802055,589.0,0,28→58,8,2,tuning,28,False,17,True,True
beam_negamax,1133,8-6-4-2,"{""0"": 8, ""1"": 6, ""2"": 4, ""3"": 2, ""4"": 2}",,0.011518129846081138,0.0010727937333285809,middle,2,beam_negamax_d5_w8-6-4-2__standard,0,5,5,5,at_max_depth,False,5,0.03365275007672608,63,0.017909128684550524,82,2,1.0917196050286293e-05,180,0,1313,7.091672159731388e-05,seed0_middle_t27,standard,0,0,0.012710916344076395,0.0028837460558861494,2,0,0.0,critical,2,1.0,6.712507456541061e-05,1047.5,0,63→63,2,3,tuning,63,False,27,True,True
beam_negamax,6727,8-6-4-2,"{""0"": 8, ""1"": 6, ""2"": 4, ""3"": 2, ""4"": 2}",,0.07429982884787023,0.011177658569067717,late,8,beam_negamax_d5_w8-6-4-2__standard,0,5,5,5,at_max_depth,False,5,0.2319077500142157,28,0.1216149132233113,419,23,1.795799471437931e-05,1013,0,7740,5.962466821074486e-05,seed0_late_t49,standard,0,0,0.08849391620606184,0.02143854578025639,78,0,0.0,normal,23,1.0,0.00028279214166104794,999997.0,0,11→28,8,4,tuning,11,False,49,True,True
beam_negamax,7457,8-6-4-2,"{""0"": 8, ""1"": 6, ""2"": 4, ""3"": 2, ""4"": 2}",,0.10848721954971552,0.01429878338240087,early,8,beam_negamax_d5_w8-6-4-2__standard,0,5,5,5,at_max_depth,False,5,0.4373059580102563,35,0.26277084089815617,592,1678,0.000707083148881793,1081,0,8543,0.00010045780800282955,seed1_early_t0,standard,0,0,0.11018298449926078,0.047128341626375914,5000,0,0.0,normal,1678,1.0,0.016416250029578805,209.0,1,13→35,8,0,tuning,13,False,0,True,True
beam_negamax,6795,8-6-4-2,"{""0"": 8, ""1"": 6, ""2"": 4, ""3"": 2, ""4"": 2}",,0.08213933021761477,0.012309625279158354,early_pruning,8,beam_negamax_d5_w8-6-4-2__standard,0,5,5,5,at_max_depth,False,5,0.365686499979347,8,0.2405270733870566,602,29,2.433289773762226e-05,1134,0,7974,6.649992428719997e-05,seed1_early_pruning_t75,standard,0,0,0.09667053841985762,0.028129305224865675,66,0,0.0,normal,29,1.0,0.00026875012554228306,799.5,1,2→8,8,1,tuning,2,False,75,True,True
beam_negamax,5627,8-6-4-2,"{""0"": 8, ""1"": 6, ""2"": 4, ""3"": 2, ""4"": 2}",,0.09087095246650279,0.019889410119503736,middle,8,beam_negamax_d5_w8-6-4-2__standard,0,5,5,5,at_max_depth,False,5,0.3891322501003742,20,0.24232041323557496,475,37,4.9042049795389175e-05,929,0,6634,0.0001627090387046337,seed1_middle_t120,standard,0,0,0.11342912074178457,0.032749132020398974,90,0,0.0,normal,37,1.0,0.0004218330141156912,799.5,1,9→20,8,2,tuning,9,False,120,True,True
beam_negamax,909,8-6-4-2,"{""0"": 8, ""1"": 6, ""2"": 4, ""3"": 2, ""4"": 2}",,0.019582919543609023,0.0037856660783290863,few_legal,2,beam_negamax_d5_w8-6-4-2__standard,0,5,5,5,at_max_depth,False,5,0.07213520794175565,2,0.04406325495801866,72,2,6.395881064236164e-05,142,0,1062,0.0002847490832209587,seed1_few_legal_t121,standard,0,0,0.023866503266617656,0.0037910337559878826,4,0,0.0,critical,2,1.0,6.570806726813316e-05,768.0,1,20→2,2,3,tuning,20,False,121,True,True
beam_negamax,1459,8-6-4-2,"{""0"": 8, ""1"": 6, ""2"": 4, ""3"": 2, ""4"": 2}",,0.030913868453353643,0.004084295593202114,late,3,beam_negamax_d5_w8-6-4-2__standard,0,5,5,5,at_max_depth,False,5,0.08677074988372624,63,0.037089867517352104,114,3,1.337495632469654e-05,247,0,1739,0.00010833400301635265,seed1_late_t236,standard,0,0,0.03558486909605563,0.013897679280489683,4,0,0.0,danger,3,1.0,7.66250304877758e-05,-999996.0,1,35→63,3,4,tuning,35,False,236,True,True
beam_negamax,7058,8-6-4-2,"{""0"": 8, ""1"": 6, ""2"": 4, ""3"": 2, ""4"": 2}",,0.10983548662625253,0.01273795054294169,early,8,beam_negamax_d5_w8-6-4-2__aggressive,0,5,5,5,at_max_depth,False,5,0.3590867919847369,35,0.20589096867479384,496,1686,0.0007185419090092182,907,0,7969,0.00012312503531575203,seed0_early_t0,aggressive,0,0,0.10088753956370056,0.028005782747641206,5000,0,0.0,normal,1686,1.0,0.023460834054276347,597.0,0,1→35,8,0,tuning,1,False,0,True,True
beam_negamax,2083,8-6-4-2,"{""0"": 8, ""1"": 6, ""2"": 4, ""3"": 2, ""4"": 2}",,0.020804418716579676,0.0019531305879354477,few_legal,2,beam_negamax_d5_w8-6-4-2__aggressive,0,5,5,5,at_max_depth,False,5,0.08108133403584361,54,0.05281533906236291,192,2,7.334165275096893e-06,350,0,2433,0.0003873750101774931,seed0_few_legal_t6,aggressive,0,0,0.023060665698722005,0.00475812004879117,2,0,0.0,critical,2,1.0,5.250005051493645e-05,515.5,0,35→54,2,1,tuning,35,False,6,True,True
beam_negamax,8125,8-6-4-2,"{""0"": 8, ""1"": 6, ""2"": 4, ""3"": 2, ""4"": 2}",,0.09874973190017045,0.011767524527385831,early_pruning,8,beam_negamax_d5_w8-6-4-2__aggressive,0,5,5,5,at_max_depth,False,5,0.5138026671484113,58,0.3710231746081263,768,26,2.983282320201397e-05,1400,0,9525,6.400118581950665e-05,seed0_early_pruning_t17,aggressive,0,0,0.11220986791886389,0.03000820754095912,44,0,0.0,normal,26,1.0,0.0004675830714404583,589.0,0,28→58,8,2,tuning,28,False,17,True,True
beam_negamax,1133,8-6-4-2,"{""0"": 8, ""1"": 6, ""2"": 4, ""3"": 2, ""4"": 2}",,0.018436126643791795,0.004605330526828766,middle,2,beam_negamax_d5_w8-6-4-2__aggressive,0,5,5,5,at_max_depth,False,5,0.060590416891500354,63,0.023922417778521776,82,2,1.0082963854074478e-05,180,0,1313,7.387506775557995e-05,seed0_middle_t27,aggressive,0,0,0.029456621501594782,0.00706508569419384,2,0,0.0,critical,2,1.0,6.233388558030128e-05,1047.5,0,63→63,2,3,tuning,63,False,27,True,True
beam_negamax,6727,8-6-4-2,"{""0"": 8, ""1"": 6, ""2"": 4, ""3"": 2, ""4"": 2}",,0.11275821225717664,0.017752957763150334,late,8,beam_negamax_d5_w8-6-4-2__aggressive,0,5,5,5,at_max_depth,False,5,0.34732725005596876,28,0.18002938479185104,419,23,5.687517113983631e-05,1013,0,7740,0.00033404165878891945,seed0_late_t49,aggressive,0,0,0.13294132496230304,0.03361458145081997,78,0,0.0,normal,23,1.0,0.0003510420210659504,999997.0,0,11→28,8,4,tuning,11,False,49,True,True
beam_negamax,7457,8-6-4-2,"{""0"": 8, ""1"": 6, ""2"": 4, ""3"": 2, ""4"": 2}",,0.07957646483555436,0.0073972828686237335,early,8,beam_negamax_d5_w8-6-4-2__aggressive,0,5,5,5,at_max_depth,False,5,0.29171166685409844,35,0.18545558699406683,592,1678,0.0005571248475462198,1081,0,8543,9.496021084487438e-05,seed1_early_t0,aggressive,0,0,0.07013261807151139,0.017410335829481483,5000,0,0.0,normal,1678,1.0,0.01806104090064764,209.0,1,13→35,8,0,tuning,13,False,0,True,True
beam_negamax,6795,8-6-4-2,"{""0"": 8, ""1"": 6, ""2"": 4, ""3"": 2, ""4"": 2}",,0.08285712287761271,0.011445749085396528,early_pruning,8,beam_negamax_d5_w8-6-4-2__aggressive,0,5,5,5,at_max_depth,False,5,0.4572990839369595,8,0.3318835077807307,602,29,2.245791256427765e-05,1134,0,7974,4.9001071602106094e-05,seed1_early_pruning_t75,aggressive,0,0,0.09656270151026547,0.028518707724288106,66,0,0.0,normal,29,1.0,0.0002627079375088215,799.5,1,2→8,8,1,tuning,2,False,75,True,True
beam_negamax,5627,8-6-4-2,"{""0"": 8, ""1"": 6, ""2"": 4, ""3"": 2, ""4"": 2}",,0.07077503530308604,0.009045750135555863,middle,8,beam_negamax_d5_w8-6-4-2__aggressive,0,5,5,5,at_max_depth,False,5,0.25896362494677305,20,0.1543855774216354,475,37,1.9999919459223747e-05,929,0,6634,5.291705019772053e-05,seed1_middle_t120,aggressive,0,0,0.08131320821121335,0.022866214392706752,90,0,0.0,normal,37,1.0,0.0003257079515606165,799.5,1,9→20,8,2,tuning,9,False,120,True,True
beam_negamax,909,8-6-4-2,"{""0"": 8, ""1"": 6, ""2"": 4, ""3"": 2, ""4"": 2}",,0.009550914634019136,0.0017388744745403528,few_legal,2,beam_negamax_d5_w8-6-4-2__aggressive,0,5,5,5,at_max_depth,False,5,0.039295833092182875,2,0.022773797158151865,72,2,3.4667085856199265e-05,142,0,1062,0.000374373747035861,seed1_few_legal_t121,aggressive,0,0,0.011315874522551894,0.004493203479796648,4,0,0.0,critical,2,1.0,0.0003039170987904072,768.0,1,20→2,2,3,tuning,20,False,121,True,True
beam_negamax,1459,8-6-4-2,"{""0"": 8, ""1"": 6, ""2"": 4, ""3"": 2, ""4"": 2}",,0.013346539344638586,0.0014798291958868504,late,3,beam_negamax_d5_w8-6-4-2__aggressive,0,5,5,5,at_max_depth,False,5,0.04297399986535311,63,0.024209954543039203,114,3,1.0499963536858559e-05,247,0,1739,0.00012333388440310955,seed1_late_t236,aggressive,0,0,0.015050831949338317,0.0035088383592665195,4,0,0.0,danger,3,1.0,7.054116576910019e-05,-999996.0,1,35→63,3,4,tuning,35,False,236,True,True
