config_id,agent,depth,branch_limit,beam_widths,profile,position_id,seed,split,category,turn,sequence_index,remaining_word_count,legal_edge_count,risk_level,selected_edge,start_id,end_id,score,elapsed_time_sec,timed_out,nodes_searched,leaf_evaluations,ordering_evaluations,root_candidate_count,selected_root_candidate_count,completed_root_moves,root_completion_rate,effective_depth,depth_before,depth_after,depth_changed,depth_change_reason,recovery_streak,cutoff_count,pruned_move_count,beam_pruned_move_count,null_window_searches,research_count,research_rate,beam_widths_used,legal_move_generation_time_sec,candidate_evaluation_time_sec,candidate_sort_time_sec,root_ordering_time_sec,recursive_ordering_time_sec,leaf_evaluation_time_sec,recursive_other_time_sec,other_time_sec,baseline_move_agreement,alpha_beta_reference_config,alpha_beta_move_agreement,alpha_beta_score_agreement,alpha_beta_reference_rank,alpha_beta_reference_retained_at_root
alpha_beta_d5_b8,alpha_beta,5,8,,fixed,seed0_early_t0,0,tuning,early,0,,5000,1686,normal,1→35,1,35,597.0,0.45526833389885724,False,1683,1288,8542,1686,8,8,1.0,5,5,5,False,adaptive_disabled,0,246,6852,0,0,0,0.0,{},0.001078624976798892,0.0858967446256429,0.00939099001698196,0.021031875163316727,0.07606686954386532,0.32264824165031314,0.03422518074512482,0.00021754181943833828,True,alpha_beta_d5_b8,True,True,,
alpha_beta_d5_b8,alpha_beta,5,8,,fixed,seed0_middle_t27,0,tuning,middle,27,,2,2,critical,63→63,63,63,827.0,0.034445791970938444,False,191,124,970,2,2,2,1.0,5,5,5,False,adaptive_disabled,0,27,779,0,0,0,0.0,{},8.33394005894661e-06,0.007942834636196494,0.000838875537738204,5.820789374411106e-05,0.008817332796752453,0.022930247243493795,0.002498961053788662,0.00013270904310047626,True,alpha_beta_d5_b8,True,True,,
alpha_beta_d5_b8,alpha_beta,5,8,,fixed,seed0_late_t49,0,tuning,late,49,,78,23,normal,11→28,11,28,999995.0,0.09604933299124241,False,462,205,3810,23,8,8,1.0,5,5,5,False,adaptive_disabled,0,121,3348,0,0,0,0.0,{},2.0416919142007828e-05,0.034364830469712615,0.003631663043051958,0.00022337515838444233,0.038113830145448446,0.04917191015556455,0.008471967885270715,4.7832727432250977e-05,True,alpha_beta_d5_b8,True,True,,
alpha_beta_d5_b8,alpha_beta,5,8,,fixed,seed0_few_legal_t6,0,tuning,few_legal,6,,2,2,critical,35→32,35,32,597.0,0.16850108304060996,False,720,521,4069,2,2,2,1.0,5,5,5,False,adaptive_disabled,0,142,3346,0,0,0,0.0,{},6.00004568696022e-06,0.03136284928768873,0.004186916397884488,4.900014027953148e-05,0.03603737521916628,0.1195829096250236,0.012687215115875006,0.0001385828945785761,True,alpha_beta_d5_b8,True,True,,
alpha_beta_d5_b8,alpha_beta,5,8,,fixed,seed0_early_pruning_t17,0,tuning,early_pruning,17,,44,26,normal,28→60,28,60,797.0,0.345130082918331,False,1204,809,7698,26,8,8,1.0,5,5,5,False,adaptive_disabled,0,277,6493,0,0,0,0.0,{},1.845788210630417e-05,0.060940450290217996,0.009555642493069172,0.00035433308221399784,0.07159891165792942,0.25411234027706087,0.018990664975717664,5.537504330277443e-05,True,alpha_beta_d5_b8,True,True,,
alpha_beta_d5_b8,alpha_beta,5,8,,fixed,seed1_early_t0,1,tuning,early,0,,5000,1678,normal,13→35,13,35,758.5,0.24115116614848375,False,774,557,5346,1678,8,8,1.0,5,5,5,False,adaptive_disabled,0,121,4506,0,0,0,0.0,{},0.0005206670612096786,0.04968805029056966,0.00601562624797225,0.014623209135606885,0.041915247682482004,0.1704159185755998,0.01356904162093997,0.0001070820726454258,True,alpha_beta_d5_b8,True,True,,
alpha_beta_d5_b8,alpha_beta,5,8,,fixed,seed1_middle_t120,1,tuning,middle,120,,90,37,normal,9→49,9,49,768.0,0.27218716708011925,False,888,619,4730,37,8,8,1.0,5,5,5,False,adaptive_disabled,0,145,3783,0,0,0,0.0,{},3.1041912734508514e-05,0.05222788103856146,0.007508994312956929,0.00037866714410483837,0.06056103529408574,0.18692958541214466,0.02422550437040627,6.13329466432333e-05,True,alpha_beta_d5_b8,True,True,,
alpha_beta_d5_b8,alpha_beta,5,8,,fixed,seed1_late_t236,1,tuning,late,236,,4,3,danger,35→63,35,63,-999996.0,0.004865791881456971,False,23,6,224,3,3,3,1.0,5,5,5,False,adaptive_disabled,0,10,194,0,0,0,0.0,{},9.874813258647919e-06,0.003690373618155718,0.00023979134857654572,7.69591424614191e-05,0.003894875757396221,0.0005215408746153116,0.0002945424057543278,6.799888797104359e-05,True,alpha_beta_d5_b8,True,True,,
alpha_beta_d5_b8,alpha_beta,5,8,,fixed,seed1_few_legal_t121,1,tuning,few_legal,121,,4,2,critical,20→2,20,2,667.0,0.19073470798321068,False,733,522,3949,2,2,2,1.0,5,5,5,False,adaptive_disabled,0,145,3193,0,0,0,0.0,{},7.804203778505325e-05,0.04241696139797568,0.0059902111534029245,6.458302959799767e-05,0.049099498661234975,0.12872491916641593,0.012573540210723877,0.00019412487745285034,True,alpha_beta_d5_b8,True,True,,
alpha_beta_d5_b8,alpha_beta,5,8,,fixed,seed1_early_pruning_t75,1,tuning,early_pruning,75,,66,29,normal,2→56,2,56,787.0,1.000135000096634,True,3622,2596,18107,29,8,5,0.625,5,5,5,False,adaptive_disabled,0,733,14367,0,0,0,0.0,{},1.629185862839222e-05,0.16293750004842877,0.0265083322301507,0.00023145810700953007,0.19372493051923811,0.7475240079220384,0.058574144495651126,6.416719406843185e-05,True,alpha_beta_d5_b8,True,True,,
alpha_beta_d5_b12,alpha_beta,5,12,,fixed,seed0_early_t0,0,tuning,early,0,,5000,1686,normal,20→20,20,20,619.0,0.4056926250923425,False,1468,1182,7041,1686,12,12,1.0,5,5,5,False,adaptive_disabled,0,156,5540,0,0,0,0.0,{},0.000942000187933445,0.062341629061847925,0.008198587456718087,0.014449541922658682,0.05710853822529316,0.3065254238899797,0.02656991290859878,9.720795787870884e-05,False,alpha_beta_d5_b12,True,True,,
alpha_beta_d5_b12,alpha_beta,5,12,,fixed,seed0_middle_t27,0,tuning,middle,27,,2,2,critical,63→63,63,63,827.0,0.09715125011280179,False,367,264,1501,2,2,2,1.0,5,5,5,False,adaptive_disabled,0,40,1129,0,0,0,0.0,{},1.9083963707089424e-05,0.013925658073276281,0.004452328197658062,0.00012779096141457558,0.018518247175961733,0.07130133151076734,0.007087921258062124,9.687524288892746e-05,True,alpha_beta_d5_b12,True,True,,
alpha_beta_d5_b12,alpha_beta,5,12,,fixed,seed0_late_t49,0,tuning,late,49,,78,23,normal,11→28,11,28,999995.0,0.2473893330898136,False,1063,542,8233,23,12,12,1.0,5,5,5,False,adaptive_disabled,0,256,7157,0,0,0,0.0,{},1.3707904145121574e-05,0.07656162977218628,0.01098524872213602,0.00023191701620817184,0.0882637903559953,0.14125687372870743,0.01757379388436675,4.9250200390815735e-05,True,alpha_beta_d5_b12,True,True,,
alpha_beta_d5_b12,alpha_beta,5,12,,fixed,seed0_few_legal_t6,0,tuning,few_legal,6,,2,2,critical,35→32,35,32,597.0,0.2996502078603953,False,1085,815,6288,2,2,2,1.0,5,5,5,False,adaptive_disabled,0,206,5192,0,0,0,0.0,{},8.333008736371994e-06,0.06024995748884976,0.011001623002812266,7.354188710451126e-05,0.07220621639862657,0.20648500602692366,0.02072040271013975,0.00015670782886445522,True,alpha_beta_d5_b12,True,True,,
alpha_beta_d5_b12,alpha_beta,5,12,,fixed,seed0_early_pruning_t17,0,tuning,early_pruning,17,,44,26,normal,28→59,28,59,797.0,0.9607804589904845,False,2640,1874,16133,26,12,12,1.0,5,5,5,False,adaptive_disabled,0,552,13475,0,0,0,0.0,{},2.0208070054650307e-05,0.16166016994975507,0.02408938924781978,0.00022945809178054333,0.18780963052995503,0.7220978054683656,0.0505589391104877,6.441771984100342e-05,False,alpha_beta_d5_b12,True,True,,
alpha_beta_d5_b12,alpha_beta,5,12,,fixed,seed1_early_t0,1,tuning,early,0,,5000,1678,normal,13→35,13,35,758.5,0.5758149998728186,False,1999,1603,8397,1678,12,12,1.0,5,5,5,False,adaptive_disabled,0,188,6283,0,0,0,0.0,{},0.0009137499146163464,0.08083704370073974,0.014986967900767922,0.017596582882106304,0.0801856133621186,0.4397888716775924,0.03723743185400963,9.275018237531185e-05,True,alpha_beta_d5_b12,True,True,,
alpha_beta_d5_b12,alpha_beta,5,12,,fixed,seed1_middle_t120,1,tuning,middle,120,,90,37,normal,9→61,9,61,768.0,0.8000268340110779,False,3102,2307,15126,37,12,12,1.0,5,5,5,False,adaptive_disabled,0,492,11847,0,0,0,0.0,{},2.3833010345697403e-05,0.13582288497127593,0.021982793230563402,0.000335542019456625,0.1599470896180719,0.5847346230875701,0.054944870295003057,4.0875980630517006e-05,False,alpha_beta_d5_b12,True,True,,
alpha_beta_d5_b12,alpha_beta,5,12,,fixed,seed1_late_t236,1,tuning,late,236,,4,3,danger,35→63,35,63,-999996.0,0.0026030829176306725,False,31,10,291,3,3,3,1.0,5,5,5,False,adaptive_disabled,0,14,253,0,0,0,0.0,{},5.125068128108978e-06,0.0017277935985475779,0.00020558270625770092,4.75000124424696e-05,0.0019114566966891289,0.0003058323636651039,0.00027283583767712116,6.033293902873993e-05,True,alpha_beta_d5_b12,True,True,,
alpha_beta_d5_b12,alpha_beta,5,12,,fixed,seed1_few_legal_t121,1,tuning,few_legal,121,,4,2,critical,20→2,20,2,648.5,0.2889682911336422,False,1215,882,7364,2,2,2,1.0,5,5,5,False,adaptive_disabled,0,262,6111,0,0,0,0.0,{},5.624955520033836e-06,0.06150412233546376,0.009257165482267737,3.8624973967671394e-05,0.07179523422382772,0.19846163969486952,0.01852620905265212,0.00014095823280513287,True,alpha_beta_d5_b12,True,True,,
alpha_beta_d5_b12,alpha_beta,5,12,,fixed,seed1_early_pruning_t75,1,tuning,early_pruning,75,,66,29,normal,2→58,2,58,787.0,1.0000686249695718,True,3575,2662,18349,29,12,3,0.25,5,5,5,False,adaptive_disabled,0,680,14626,0,0,0,0.0,{},1.4499993994832039e-05,0.15167790930718184,0.02620911947451532,0.0004800839815288782,0.18016223958693445,0.7609879996161908,0.05838267784565687,4.112394526600838e-05,False,alpha_beta_d5_b12,True,True,,
alpha_beta_d5_b16,alpha_beta,5,16,,fixed,seed0_early_t0,0,tuning,early,0,,5000,1686,normal,1→35,1,35,597.0,0.7836012500338256,False,2776,2299,10840,1686,16,16,1.0,5,5,5,False,adaptive_disabled,0,295,8006,0,0,0,0.0,{},0.0005188749637454748,0.1134619195945561,0.013917242409661412,0.015655582770705223,0.1133395975921303,0.6012451623100787,0.05269157397560775,0.0001504584215581417,True,alpha_beta_d5_b16,True,True,,
alpha_beta_d5_b16,alpha_beta,5,16,,fixed,seed0_middle_t27,0,tuning,middle,27,,2,2,critical,63→63,63,63,827.0,0.13375112507492304,False,463,336,1927,2,2,2,1.0,5,5,5,False,adaptive_disabled,0,50,1444,0,0,0,0.0,{},7.583992555737495e-06,0.017207374097779393,0.002300548367202282,7.366598583757877e-05,0.019691499415785074,0.1039070044644177,0.009972038213163614,9.933300316333771e-05,True,alpha_beta_d5_b16,True,True,,
alpha_beta_d5_b16,alpha_beta,5,16,,fixed,seed0_late_t49,0,tuning,late,49,,78,23,normal,11→28,11,28,999995.0,0.3920847908593714,False,1325,664,10785,23,16,16,1.0,5,5,5,False,adaptive_disabled,0,326,9440,0,0,0,0.0,{},2.5665853172540665e-05,0.1252818526700139,0.013496540253981948,0.0006942909676581621,0.1390897191595286,0.22307500964961946,0.029130646027624607,6.945920176804066e-05,True,alpha_beta_d5_b16,True,True,,
alpha_beta_d5_b16,alpha_beta,5,16,,fixed,seed0_few_legal_t6,0,tuning,few_legal,6,,2,2,critical,35→32,35,32,597.0,0.38150275009684265,False,1361,1031,8121,2,2,2,1.0,5,5,5,False,adaptive_disabled,0,260,6740,0,0,0,0.0,{},1.1875061318278313e-05,0.07810835842974484,0.011808251729235053,8.658412843942642e-05,0.09094737702980638,0.26645780517719686,0.023773859720677137,0.00022524897940456867,True,alpha_beta_d5_b16,True,True,,
alpha_beta_d5_b16,alpha_beta,5,16,,fixed,seed0_early_pruning_t17,0,tuning,early_pruning,17,,44,26,normal,28→59,28,59,797.0,1.0001408751122653,True,3156,2264,19605,26,16,11,0.6875,5,5,5,False,adaptive_disabled,0,665,16380,0,0,0,0.0,{},2.7374830096960068e-05,0.17455291328951716,0.028829014161601663,0.0005785410758107901,0.20622428273782134,0.7366849633399397,0.05656704609282315,5.866703577339649e-05,False,alpha_beta_d5_b16,True,True,,
alpha_beta_d5_b16,alpha_beta,5,16,,fixed,seed1_early_t0,1,tuning,early,0,,5000,1678,normal,13→35,13,35,758.5,1.0001079170033336,True,3438,2815,12276,1678,16,15,0.9375,5,5,5,False,adaptive_disabled,0,290,8586,0,0,0,0.0,{},0.001099291956052184,0.11127412063069642,0.020848713582381606,0.018945290939882398,0.11611109436489642,0.794416569173336,0.06945512839592993,8.05421732366085e-05,True,alpha_beta_d5_b16,True,True,,
alpha_beta_d5_b16,alpha_beta,5,16,,fixed,seed1_middle_t120,1,tuning,middle,120,,90,37,normal,9→14,9,14,738.0,1.0002089999616146,True,3245,2533,13445,37,16,10,0.625,5,5,5,False,adaptive_disabled,0,422,9970,0,0,0,0.0,{},2.2249994799494743e-05,0.13491264171898365,0.02625677385367453,0.0003590409178286791,0.1636975728906691,0.7580746735911816,0.07797075342386961,8.470914326608181e-05,False,alpha_beta_d5_b16,True,True,,
alpha_beta_d5_b16,alpha_beta,5,16,,fixed,seed1_late_t236,1,tuning,late,236,,4,3,danger,35→63,35,63,-999996.0,0.006179750198498368,False,39,14,382,3,3,3,1.0,5,5,5,False,adaptive_disabled,0,18,336,0,0,0,0.0,{},1.0417075827717781e-05,0.004153331276029348,0.00047729467041790485,7.941690273582935e-05,0.00461004045791924,0.0007835826836526394,0.0006339189130812883,6.23741652816534e-05,True,alpha_beta_d5_b16,True,True,,
alpha_beta_d5_b16,alpha_beta,5,16,,fixed,seed1_few_legal_t121,1,tuning,few_legal,121,,4,2,critical,20→2,20,2,648.5,0.384172375081107,False,1295,968,7978,2,2,2,1.0,5,5,5,False,adaptive_disabled,0,256,6634,0,0,0,0.0,{},8.082948625087738e-06,0.07792278798297048,0.013585715787485242,0.00016129203140735626,0.09264533291570842,0.26578256604261696,0.025352101074531674,0.00022300006821751595,True,alpha_beta_d5_b16,True,True,,
alpha_beta_d5_b16,alpha_beta,5,16,,fixed,seed1_early_pruning_t75,1,tuning,early_pruning,75,,66,29,normal,2→8,2,8,757.0,1.0001235420349985,True,2855,2159,15026,29,16,2,0.125,5,5,5,False,adaptive_disabled,0,518,12002,0,0,0,0.0,{},3.733299672603607e-05,0.14368508104234934,0.02679335162974894,0.0005507080350071192,0.17611598991788924,0.7664177741389722,0.05690890294499695,9.283400140702724e-05,False,alpha_beta_d5_b16,True,True,,
alpha_beta_d6_b8,alpha_beta,6,8,,fixed,seed0_early_t0,0,tuning,early,0,,5000,1686,normal,1→35,1,35,-597.0,0.6361155421473086,False,2498,1748,16918,1686,8,8,1.0,6,6,6,False,adaptive_disabled,0,566,14410,0,0,0,0.0,{},0.0009964171331375837,0.16004604008048773,0.022279830183833838,0.017278915969654918,0.16795932571403682,0.4041509642265737,0.04561491799540818,0.00011500110849738121,True,alpha_beta_d6_b8,True,True,,
alpha_beta_d6_b8,alpha_beta,6,8,,fixed,seed0_middle_t27,0,tuning,middle,27,,2,2,critical,63→63,63,63,-797.0,0.20753049990162253,False,865,572,5040,2,2,2,1.0,6,6,6,False,adaptive_disabled,0,186,4175,0,0,0,0.0,{},6.209127604961395e-06,0.047699873335659504,0.010726994136348367,5.3833937272429466e-05,0.05920812557451427,0.13071674085222185,0.017473341431468725,7.224897854030132e-05,True,alpha_beta_d6_b8,True,True,,
alpha_beta_d6_b8,alpha_beta,6,8,,fixed,seed0_late_t49,0,tuning,late,49,,78,23,normal,11→28,11,28,999995.0,0.3784326671157032,False,1149,420,10152,23,8,8,1.0,6,6,6,False,adaptive_disabled,0,369,9003,0,0,0,0.0,{},1.4791963621973991e-05,0.16431479644961655,0.023659447440877557,0.00023666699416935444,0.19005341525189579,0.1469421738293022,0.04110886878333986,7.675029337406158e-05,True,alpha_beta_d6_b8,True,True,,
alpha_beta_d6_b8,alpha_beta,6,8,,fixed,seed0_few_legal_t6,0,tuning,few_legal,6,,2,2,critical,35→54,35,54,-597.0,0.6325520828831941,False,2599,1937,12040,2,2,2,1.0,6,6,6,False,adaptive_disabled,0,440,9433,0,0,0,0.0,{},5.915993824601173e-06,0.10303148534148932,0.023180207470431924,4.695798270404339e-05,0.12881469237618148,0.4583550749812275,0.0450890245847404,0.00024041696451604366,False,alpha_beta_d6_b8,True,True,,
alpha_beta_d6_b8,alpha_beta,6,8,,fixed,seed0_early_pruning_t17,0,tuning,early_pruning,17,,44,26,normal,28→66,28,66,-807.5,0.6363270829897374,False,2107,1415,13005,26,8,8,1.0,6,6,6,False,adaptive_disabled,0,455,10894,0,0,0,0.0,{},4.3833162635564804e-05,0.1151502716820687,0.01733057899400592,0.0005345419049263,0.1345782030839473,0.4637848485726863,0.03730590734630823,7.974891923367977e-05,False,alpha_beta_d6_b8,True,True,,
alpha_beta_d6_b8,alpha_beta,6,8,,fixed,seed1_early_t0,1,tuning,early,0,,5000,1678,normal,13→35,13,35,-758.5,1.00018695788458,True,3728,2650,22155,1678,8,6,0.75,6,6,6,False,adaptive_disabled,0,831,18234,0,0,0,0.0,{},0.0004967919085174799,0.1955400330480188,0.026871836511418223,0.013765041017904878,0.21640484710223973,0.7050415405537933,0.06383573752827942,0.0006429997738450766,True,alpha_beta_d6_b8,True,True,,
alpha_beta_d6_b8,alpha_beta,6,8,,fixed,seed1_middle_t120,1,tuning,middle,120,,90,37,normal,9→20,9,20,-667.0,0.5667270408011973,False,2612,1661,17567,37,8,8,1.0,6,6,6,False,adaptive_disabled,0,703,14836,0,0,0,0.0,{},1.75421591848135e-05,0.14059119252488017,0.019038840429857373,0.0003008749336004257,0.16107957414351404,0.3624016570392996,0.04289143602363765,3.5956501960754395e-05,False,alpha_beta_d6_b8,True,True,,
alpha_beta_d6_b8,alpha_beta,6,8,,fixed,seed1_late_t236,1,tuning,late,236,,4,3,danger,35→63,35,63,-999996.0,0.0122681250795722,False,47,24,273,3,3,3,1.0,6,6,6,False,adaptive_disabled,0,10,216,0,0,0,0.0,{},6.041955202817917e-06,0.003892875276505947,0.00040025077760219574,4.683295264840126e-05,0.004309500800445676,0.0071104164235293865,0.000744332792237401,5.100015550851822e-05,True,alpha_beta_d6_b8,True,True,,
alpha_beta_d6_b8,alpha_beta,6,8,,fixed,seed1_few_legal_t121,1,tuning,few_legal,121,,4,2,critical,20→2,20,2,-738.0,0.6924329579342157,False,2672,1849,14811,2,2,2,1.0,6,6,6,False,adaptive_disabled,0,569,12047,0,0,0,0.0,{},5.749985575675964e-06,0.15771741745993495,0.02199557702988386,6.229197606444359e-05,0.18202129751443863,0.4582585166208446,0.051953310845419765,0.00013179099187254906,True,alpha_beta_d6_b8,True,True,,
alpha_beta_d6_b8,alpha_beta,6,8,,fixed,seed1_early_pruning_t75,1,tuning,early_pruning,75,,66,29,normal,2→8,2,8,-799.5,1.0000700829550624,True,3522,2489,18386,29,8,2,0.25,6,6,6,False,adaptive_disabled,0,698,14701,0,0,0,0.0,{},1.550000160932541e-05,0.1699371594004333,0.026737717678770423,0.00028466712683439255,0.19939488545060158,0.7381873556878418,0.062145591946318746,4.208274185657501e-05,False,alpha_beta_d6_b8,True,True,,
alpha_beta_d6_b12,alpha_beta,6,12,,fixed,seed0_early_t0,0,tuning,early,0,,5000,1686,normal,1→35,1,35,-597.0,1.0002004159614444,True,3030,2229,19093,1686,12,8,0.6666666666666666,6,6,6,False,adaptive_disabled,0,623,15990,0,0,0,0.0,{},0.000624542124569416,0.20312425936572254,0.025656005600467324,0.015862040920183063,0.21550999418832362,0.6920848111622036,0.07597494451329112,0.00014408305287361145,True,alpha_beta_d6_b12,True,True,,
alpha_beta_d6_b12,alpha_beta,6,12,,fixed,seed0_middle_t27,0,tuning,middle,27,,2,2,critical,63→63,63,63,-797.0,0.33669087500311434,False,1356,856,9873,2,2,2,1.0,6,6,6,False,adaptive_disabled,0,338,8509,0,0,0,0.0,{},1.1292053386569023e-05,0.10634821583516896,0.016773160314187407,8.341693319380283e-05,0.12422369047999382,0.19054142013192177,0.02176913945004344,6.191595457494259e-05,True,alpha_beta_d6_b12,True,True,,
alpha_beta_d6_b12,alpha_beta,6,12,,fixed,seed0_late_t49,0,tuning,late,49,,78,23,normal,11→28,11,28,999995.0,0.6482079999987036,False,2867,1133,27064,23,12,12,1.0,6,6,6,False,adaptive_disabled,0,926,24170,0,0,0,0.0,{},1.7625046893954277e-05,0.2667822316288948,0.033462373074144125,0.0003145828377455473,0.3025506930425763,0.29687624028883874,0.04840452549979091,4.4333282858133316e-05,True,alpha_beta_d6_b12,True,True,,
alpha_beta_d6_b12,alpha_beta,6,12,,fixed,seed0_few_legal_t6,0,tuning,few_legal,6,,2,2,critical,35→32,35,32,-619.0,0.8399394159205258,False,2768,2165,12170,2,2,2,1.0,6,6,6,False,adaptive_disabled,0,383,9370,0,0,0,0.0,{},8.082948625087738e-06,0.12367141130380332,0.01870655082166195,7.233303040266037e-05,0.1447648755274713,0.6354079970624298,0.05953266937285662,0.0001534579787403345,True,alpha_beta_d6_b12,True,True,,
alpha_beta_d6_b12,alpha_beta,6,12,,fixed,seed0_early_pruning_t17,0,tuning,early_pruning,17,,44,26,normal,28→66,28,66,-807.5,1.000102291116491,True,2565,1886,12645,26,12,2,0.16666666666666666,6,6,6,False,adaptive_disabled,0,395,10003,0,0,0,0.0,{},1.8666964024305344e-05,0.1369930065702647,0.023638088256120682,0.00030212500132620335,0.1631287094205618,0.773643827997148,0.06296058744192123,4.837429150938988e-05,False,alpha_beta_d6_b12,True,True,,
alpha_beta_d6_b12,alpha_beta,6,12,,fixed,seed1_early_t0,1,tuning,early,0,,5000,1678,normal,13→35,13,35,-758.5,1.0001353749539703,True,3296,2322,21977,1678,12,3,0.25,6,6,6,False,adaptive_disabled,0,778,18512,0,0,0,0.0,{},0.0006928341463208199,0.2163998067844659,0.03685048664920032,0.01789183309301734,0.24112388957291842,0.6754100671969354,0.06489662732928991,0.00012012361548841,True,alpha_beta_d6_b12,True,True,,
alpha_beta_d6_b12,alpha_beta,6,12,,fixed,seed1_middle_t120,1,tuning,middle,120,,90,37,normal,9→20,9,20,-648.5,1.0000616249162704,True,4282,2781,31964,37,12,8,0.6666666666666666,6,6,6,False,adaptive_disabled,0,1195,27442,0,0,0,0.0,{},2.0042061805725098e-05,0.26477652532048523,0.03442273219116032,0.0002686670050024986,0.3021890018135309,0.634846453787759,0.06270141946151853,3.6040786653757095e-05,False,alpha_beta_d6_b12,True,True,,
alpha_beta_d6_b12,alpha_beta,6,12,,fixed,seed1_late_t236,1,tuning,late,236,,4,3,danger,35→63,35,63,-999996.0,0.016017166897654533,False,66,35,344,3,3,3,1.0,6,6,6,False,adaptive_disabled,0,14,263,0,0,0,0.0,{},8.249888196587563e-06,0.003987042466178536,0.00039108097553253174,6.512505933642387e-05,0.004376626806333661,0.010403921362012625,0.001100451685488224,6.27920962870121e-05,True,alpha_beta_d6_b12,True,True,,
alpha_beta_d6_b12,alpha_beta,6,12,,fixed,seed1_few_legal_t121,1,tuning,few_legal,121,,4,2,critical,20→2,20,2,-1296.0,1.000288249924779,True,3347,2473,17656,2,2,0,0.0,6,6,6,False,adaptive_disabled,0,682,14208,0,0,0,0.0,{},1.1999858543276787e-05,0.23729859269224107,0.0273838194552809,6.962497718632221e-05,0.2694122225511819,0.6518110397737473,0.07875890471041203,0.00022445805370807648,True,alpha_beta_d6_b12,True,True,,
alpha_beta_d6_b12,alpha_beta,6,12,,fixed,seed1_early_pruning_t75,1,tuning,early_pruning,75,,66,29,normal,2→63,2,63,-999996.0,1.0001981249079108,True,3456,2525,18841,29,12,1,0.08333333333333333,6,6,6,False,adaptive_disabled,0,693,15221,0,0,0,0.0,{},1.5208031982183456e-05,0.15559188229963183,0.024318296927958727,0.0003869999200105667,0.18229891266673803,0.7638543262146413,0.053581011248752475,6.166682578623295e-05,False,alpha_beta_d6_b12,True,True,,
alpha_beta_d6_b16,alpha_beta,6,16,,fixed,seed0_early_t0,0,tuning,early,0,,5000,1686,normal,1→35,1,35,-597.0,1.0001949169673026,True,3668,2732,23313,1686,16,9,0.5625,6,6,6,False,adaptive_disabled,0,746,19535,0,0,0,0.0,{},0.00043124984949827194,0.20298079238273203,0.02936937939375639,0.017493291990831494,0.21837005577981472,0.6987238482106477,0.06501422100700438,0.00016225012950599194,True,alpha_beta_d6_b16,True,True,,
alpha_beta_d6_b16,alpha_beta,6,16,,fixed,seed0_middle_t27,0,tuning,middle,27,,2,2,critical,63→63,63,63,-797.0,0.3889197080861777,False,1628,1001,12790,2,2,2,1.0,6,6,6,False,adaptive_disabled,0,416,11134,0,0,0,0.0,{},1.254095695912838e-05,0.11581075401045382,0.019019123632460833,8.716690354049206e-05,0.1367371273227036,0.22288902546279132,0.029123263200744987,7.058423943817616e-05,True,alpha_beta_d6_b16,True,True,,
alpha_beta_d6_b16,alpha_beta,6,16,,fixed,seed0_late_t49,0,tuning,late,49,,78,23,normal,11→28,11,28,999995.0,0.8473235839046538,False,3633,1394,36116,23,16,16,1.0,6,6,6,False,adaptive_disabled,0,1185,32443,0,0,0,0.0,{},1.941714435815811e-05,0.3367040981538594,0.0444733533076942,0.00021812506020069122,0.38460717420093715,0.3913671039044857,0.07105388795025647,5.787564441561699e-05,True,alpha_beta_d6_b16,True,True,,
alpha_beta_d6_b16,alpha_beta,6,16,,fixed,seed0_few_legal_t6,0,tuning,few_legal,6,,2,2,critical,35→32,35,32,-619.0,1.000301833031699,True,3610,2908,14283,2,2,1,0.5,6,6,6,False,adaptive_disabled,0,423,10565,0,0,0,0.0,{},7.166992872953415e-06,0.1188090795185417,0.022266594925895333,4.291604273021221e-05,0.1439282950013876,0.7884606702718884,0.06765965954400599,0.00020312517881393433,True,alpha_beta_d6_b16,True,True,,
alpha_beta_d6_b16,alpha_beta,6,16,,fixed,seed0_early_pruning_t17,0,tuning,early_pruning,17,,44,26,normal,28→66,28,66,-807.5,1.0002312080468982,True,2842,2081,13686,26,16,2,0.125,6,6,6,False,adaptive_disabled,0,423,10729,0,0,0,0.0,{},1.89170241355896e-05,0.13614501361735165,0.022660001181066036,0.00027562491595745087,0.16136379027739167,0.7746508475393057,0.06384257017634809,7.945811375975609e-05,False,alpha_beta_d6_b16,True,True,,
alpha_beta_d6_b16,alpha_beta,6,16,,fixed,seed1_early_t0,1,tuning,early,0,,5000,1678,normal,13→35,13,35,-758.5,1.0005692502018064,True,3606,2636,21698,1678,16,3,0.1875,6,6,6,False,adaptive_disabled,0,773,17889,0,0,0,0.0,{},0.0005317081231623888,0.20925786276347935,0.03233869047835469,0.01895458297803998,0.22844919795170426,0.6844759576488286,0.06794167729094625,0.00021612620912492275,True,alpha_beta_d6_b16,True,True,,
alpha_beta_d6_b16,alpha_beta,6,16,,fixed,seed1_middle_t120,1,tuning,middle,120,,90,37,normal,9→20,9,20,-648.5,1.0012231669388711,True,3526,2336,28061,37,16,5,0.3125,6,6,6,False,adaptive_disabled,0,953,24303,0,0,0,0.0,{},3.633415326476097e-05,0.25120597798377275,0.04102151398546994,0.0009467089548707008,0.295564747415483,0.6286367562133819,0.07465095422230661,0.00138766597956419,False,alpha_beta_d6_b16,True,True,,
alpha_beta_d6_b16,alpha_beta,6,16,,fixed,seed1_late_t236,1,tuning,late,236,,4,3,danger,35→63,35,63,-999996.0,0.11298904102295637,False,91,52,448,3,3,3,1.0,6,6,6,False,adaptive_disabled,0,18,338,0,0,0,0.0,{},1.4584045857191086e-05,0.012616832973435521,0.0012231683358550072,7.204199209809303e-05,0.013952374458312988,0.0933830386493355,0.005485129076987505,8.187280036509037e-05,True,alpha_beta_d6_b16,True,True,,
alpha_beta_d6_b16,alpha_beta,6,16,,fixed,seed1_few_legal_t121,1,tuning,few_legal,121,,4,2,critical,20→2,20,2,-1296.0,1.0857349170837551,True,1725,1340,8292,2,2,0,0.0,6,6,6,False,adaptive_disabled,0,258,6428,0,0,0,0.0,{},8.542090654373169e-06,0.5438830545172095,0.021512409206479788,4.6416884288191795e-05,0.5674344992730767,0.47648703563027084,0.041162673151120543,0.0005957500543445349,True,alpha_beta_d6_b16,True,True,,
alpha_beta_d6_b16,alpha_beta,6,16,,fixed,seed1_early_pruning_t75,1,tuning,early_pruning,75,,66,29,normal,2→63,2,63,-999996.0,1.0454376658890396,True,990,746,4814,29,16,1,0.0625,6,6,6,False,adaptive_disabled,0,157,3707,0,0,0,0.0,{},2.0459061488509178e-05,0.06108166347257793,0.04659471148625016,0.0003217498306185007,0.10839374363422394,0.8709941741544753,0.06563074816949666,7.679103873670101e-05,False,alpha_beta_d6_b16,True,True,,
pvs_d5_b8,pvs,5,8,,fixed,seed0_early_t0,0,tuning,early,0,,5000,1686,normal,1→35,1,35,597.0,0.8990922078955919,False,1481,1103,8216,1686,8,8,1.0,5,5,5,False,adaptive_disabled,0,278,6735,0,1101,1,0.0009082652134423251,{},0.0007078750059008598,0.13843303732573986,0.03452099557034671,0.020534500014036894,0.1559666176326573,0.6638259515166283,0.057894972851499915,0.00016229087486863136,True,alpha_beta_d5_b8,True,True,,
pvs_d5_b8,pvs,5,8,,fixed,seed0_middle_t27,0,tuning,middle,27,,2,2,critical,63→63,63,63,827.0,0.0461064160335809,False,189,121,995,2,2,2,1.0,5,5,5,False,adaptive_disabled,0,33,810,0,133,4,0.03007518796992481,{},1.5833880752325058e-05,0.01095000421628356,0.0013476696331053972,9.716697968542576e-05,0.012380956439301372,0.030084497295320034,0.0034167543053627014,0.0001112071331590414,True,alpha_beta_d5_b8,True,True,,
pvs_d5_b8,pvs,5,8,,fixed,seed0_late_t49,0,tuning,late,49,,78,23,normal,11→28,11,28,999995.0,0.1466137079987675,False,596,252,4850,23,8,8,1.0,5,5,5,False,adaptive_disabled,0,165,4261,0,377,7,0.01856763925729443,{},1.4209188520908356e-05,0.05207229079678655,0.00522307981736958,0.00029387488029897213,0.057551583740860224,0.07609430467709899,0.012610986595973372,4.8748916015028954e-05,True,alpha_beta_d5_b8,True,True,,
pvs_d5_b8,pvs,5,8,,fixed,seed0_few_legal_t6,0,tuning,few_legal,6,,2,2,critical,35→32,35,32,597.0,0.20140304090455174,False,805,584,4310,2,2,2,1.0,5,5,5,False,adaptive_disabled,0,159,3517,0,569,14,0.02460456942003515,{},5.709007382392883e-06,0.04070758121088147,0.007371539948508143,4.9625057727098465e-05,0.04947723983787,0.13722516992129385,0.014461631188169122,0.00018366589210927486,True,alpha_beta_d5_b8,True,True,,
pvs_d5_b8,pvs,5,8,,fixed,seed0_early_pruning_t17,0,tuning,early_pruning,17,,44,26,normal,28→66,28,66,575.5,1.0017712081316859,True,1494,972,10204,26,8,7,0.875,5,5,5,False,adaptive_disabled,0,386,8710,0,949,22,0.023182297154899896,{},1.8666964024305344e-05,0.1565600805915892,0.020063166739419103,0.0020908338483422995,0.17888261983171105,0.7546755743678659,0.06602905574254692,7.445737719535828e-05,True,alpha_beta_d5_b8,False,False,,
pvs_d5_b8,pvs,5,8,,fixed,seed1_early_t0,1,tuning,early,0,,5000,1678,normal,13→35,13,35,758.5,0.3728235000744462,False,614,422,4676,1678,8,8,1.0,5,5,5,False,adaptive_disabled,0,119,4005,0,420,1,0.002380952380952381,{},0.0008091670460999012,0.1652677576057613,0.007086292374879122,0.12087091710418463,0.05328233353793621,0.18059913045726717,0.017001786036416888,0.00026016589254140854,True,alpha_beta_d5_b8,True,True,,
pvs_d5_b8,pvs,5,8,,fixed,seed1_middle_t120,1,tuning,middle,120,,90,37,normal,9→20,9,20,-58.5,1.0703732080291957,True,259,193,1382,37,8,0,0.0,5,5,5,False,adaptive_disabled,0,41,1122,0,179,15,0.08379888268156424,{},3.0291033908724785e-05,0.21559412218630314,0.010602500755339861,0.0004894579760730267,0.22625979431904852,0.7209937176667154,0.12250577984377742,9.41671896725893e-05,True,alpha_beta_d5_b8,False,False,,
pvs_d5_b8,pvs,5,8,,fixed,seed1_late_t236,1,tuning,late,236,,4,3,danger,35→63,35,63,-999996.0,0.03176937508396804,False,23,6,224,3,3,3,1.0,5,5,5,False,adaptive_disabled,0,10,194,0,10,0,0.0,{},2.7250032871961594e-05,0.018159415340051055,0.0007479977793991566,0.0005658750887960196,0.018439961364492774,0.0010445399675518274,0.011012207716703415,0.0006795409135520458,True,alpha_beta_d5_b8,True,True,,
pvs_d5_b8,pvs,5,8,,fixed,seed1_few_legal_t121,1,tuning,few_legal,121,,4,2,critical,20→2,20,2,667.0,0.29157687490805984,False,961,675,5209,2,2,2,1.0,5,5,5,False,adaptive_disabled,0,208,4245,0,662,20,0.030211480362537766,{},9.666197001934052e-06,0.058766414411365986,0.009524458087980747,6.895791739225388e-05,0.06963562592864037,0.19860580586828291,0.02295352634973824,0.0003032926470041275,True,alpha_beta_d5_b8,True,True,,
pvs_d5_b8,pvs,5,8,,fixed,seed1_early_pruning_t75,1,tuning,early_pruning,75,,66,29,normal,2→8,2,8,757.0,1.000077874865383,True,2202,1536,11606,29,8,2,0.25,5,5,5,False,adaptive_disabled,0,507,9355,0,1507,31,0.0205706702057067,{},1.7833197489380836e-05,0.16922536841593683,0.028832281939685345,0.0003008749336004257,0.2017344196792692,0.7306818247307092,0.06729238061234355,5.054171197116375e-05,True,alpha_beta_d5_b8,False,False,,
pvs_d5_b12,pvs,5,12,,fixed,seed0_early_t0,0,tuning,early,0,,5000,1686,normal,20→20,20,20,619.0,0.47724604117684066,False,1621,1254,8938,1686,12,12,1.0,5,5,5,False,adaptive_disabled,0,262,7293,0,1246,7,0.0056179775280898875,{},0.0004942500963807106,0.07929067476652563,0.01271512289531529,0.013975332956761122,0.07919695996679366,0.35141268791630864,0.030423436081036925,0.0017433741595596075,False,alpha_beta_d5_b12,True,True,,
pvs_d5_b12,pvs,5,12,,fixed,seed0_middle_t27,0,tuning,middle,27,,2,2,critical,63→63,63,63,827.0,0.12639779201708734,False,339,235,1526,2,2,2,1.0,5,5,5,False,adaptive_disabled,0,51,1186,0,258,4,0.015503875968992248,{},1.1125113815069199e-05,0.01732141710817814,0.0021142098121345043,8.379085920751095e-05,0.019696037285029888,0.09358070464804769,0.012953008059412241,7.312605157494545e-05,True,alpha_beta_d5_b12,True,True,,
pvs_d5_b12,pvs,5,12,,fixed,seed0_late_t49,0,tuning,late,49,,78,23,normal,11→28,11,28,999995.0,0.5148907501716167,False,1230,625,9104,23,12,12,1.0,5,5,5,False,adaptive_disabled,0,299,7870,0,853,7,0.008206330597889801,{},1.63328368216753e-05,0.1601419614162296,0.028082153061404824,0.0006952499970793724,0.18899429100565612,0.2823066343553364,0.04283603257499635,4.220940172672272e-05,True,alpha_beta_d5_b12,True,True,,
pvs_d5_b12,pvs,5,12,,fixed,seed0_few_legal_t6,0,tuning,few_legal,6,,2,2,critical,35→32,35,32,597.0,0.37919804197736084,False,1283,963,7201,2,2,2,1.0,5,5,5,False,adaptive_disabled,0,247,5923,0,948,14,0.014767932489451477,{},1.0291114449501038e-05,0.07743670186027884,0.010753422742709517,7.908395491540432e-05,0.08925383794121444,0.262824266217649,0.026840604841709137,0.00018995790742337704,True,alpha_beta_d5_b12,True,True,,
pvs_d5_b12,pvs,5,12,,fixed,seed0_early_pruning_t17,0,tuning,early_pruning,17,,44,26,normal,28→66,28,66,779.0,1.0001400411128998,True,2544,1731,17500,26,12,9,0.75,5,5,5,False,adaptive_disabled,0,633,14917,0,1715,15,0.008746355685131196,{},1.6750069335103035e-05,0.19840422575362027,0.032399392453953624,0.0002355421893298626,0.2342917420901358,0.708204897120595,0.05728765274398029,0.00010345689952373505,True,alpha_beta_d5_b12,False,False,,
pvs_d5_b12,pvs,5,12,,fixed,seed1_early_t0,1,tuning,early,0,,5000,1678,normal,13→35,13,35,758.5,0.5103498748503625,False,1324,941,8176,1678,12,12,1.0,5,5,5,False,adaptive_disabled,0,241,6743,0,939,1,0.0010649627263045794,{},0.0006296660285443068,0.09653537231497467,0.016116971615701914,0.021392999915406108,0.09329932578839362,0.3624104254413396,0.03246949869208038,0.00014795898459851742,True,alpha_beta_d5_b12,True,True,,
pvs_d5_b12,pvs,5,12,,fixed,seed1_middle_t120,1,tuning,middle,120,,90,37,normal,9→14,9,14,738.0,1.0001100420486182,True,2986,2049,18336,37,12,10,0.8333333333333334,5,5,5,False,adaptive_disabled,0,703,15211,0,2026,25,0.012339585389930898,{},3.258395008742809e-05,0.22318468592129648,0.035985316848382354,0.0007303748279809952,0.2620434605050832,0.6692359526641667,0.06799217080697417,7.549929432570934e-05,False,alpha_beta_d5_b12,False,False,,
pvs_d5_b12,pvs,5,12,,fixed,seed1_late_t236,1,tuning,late,236,,4,3,danger,35→63,35,63,-999996.0,0.0025787081103771925,False,31,10,291,3,3,3,1.0,5,5,5,False,adaptive_disabled,0,14,253,0,14,0,0.0,{},5.832873284816742e-06,0.0016699160914868116,0.00020525138825178146,5.63331414014101e-05,0.0018445011228322983,0.00033308425918221474,0.0002673305571079254,7.162615656852722e-05,True,alpha_beta_d5_b12,True,True,,
pvs_d5_b12,pvs,5,12,,fixed,seed1_few_legal_t121,1,tuning,few_legal,121,,4,2,critical,20→2,20,2,648.5,0.3735791670624167,False,1254,905,7126,2,2,2,1.0,5,5,5,False,adaptive_disabled,0,283,5856,0,895,13,0.01452513966480447,{},1.13749410957098e-05,0.08345916937105358,0.011116117471829057,6.745802238583565e-05,0.09578854101710021,0.24360001110471785,0.031238864874467254,0.002872917102649808,True,alpha_beta_d5_b12,True,True,,
pvs_d5_b12,pvs,5,12,,fixed,seed1_early_pruning_t75,1,tuning,early_pruning,75,,66,29,normal,2→63,2,63,-999996.0,1.000227958895266,True,2499,1802,13591,29,12,1,0.08333333333333333,5,5,5,False,adaptive_disabled,0,537,11023,0,1770,33,0.01864406779661017,{},1.6208039596676826e-05,0.1725939936004579,0.027442999416962266,0.0032562080305069685,0.2005923381075263,0.7389160781167448,0.057322208769619465,0.00012491783127188683,False,alpha_beta_d5_b12,False,False,,
pvs_d5_b16,pvs,5,16,,fixed,seed0_early_t0,0,tuning,early,0,,5000,1686,normal,1→35,1,35,597.0,0.6884151250123978,False,2233,1755,10857,1686,16,16,1.0,5,5,5,False,adaptive_disabled,0,372,8591,0,1753,1,0.0005704506560182544,{},0.0014431248418986797,0.11133882706053555,0.017783372662961483,0.018810125067830086,0.11230974085628986,0.503557831980288,0.05216534435749054,0.00012895790860056877,True,alpha_beta_d5_b16,True,True,,
pvs_d5_b16,pvs,5,16,,fixed,seed0_middle_t27,0,tuning,middle,27,,2,2,critical,63→63,63,63,827.0,0.1411141250282526,False,423,295,1952,2,2,2,1.0,5,5,5,False,adaptive_disabled,0,63,1513,0,326,4,0.012269938650306749,{},9.541865438222885e-06,0.021800374146550894,0.0031384511385113,5.966704338788986e-05,0.02547370968386531,0.09621315426193178,0.019287135917693377,7.091625593602657e-05,True,alpha_beta_d5_b16,True,True,,
pvs_d5_b16,pvs,5,16,,fixed,seed0_late_t49,0,tuning,late,49,,78,23,normal,11→28,11,28,999995.0,0.5213759168982506,False,1533,768,12001,23,16,16,1.0,5,5,5,False,adaptive_disabled,0,379,10455,0,1076,7,0.006505576208178439,{},0.001245124964043498,0.16289161262102425,0.020559072494506836,0.0005069170147180557,0.18454885995015502,0.28889781585894525,0.04612090834416449,5.62907662242651e-05,True,alpha_beta_d5_b16,True,True,,
pvs_d5_b16,pvs,5,16,,fixed,seed0_few_legal_t6,0,tuning,few_legal,6,,2,2,critical,35→32,35,32,597.0,0.604808249976486,False,1635,1238,9442,2,2,2,1.0,5,5,5,False,adaptive_disabled,0,314,7801,0,1222,15,0.012274959083469721,{},1.1792173609137535e-05,0.11884642275981605,0.0216359980404377,7.687509059906006e-05,0.14257645513862371,0.40492540900595486,0.05695530283264816,0.0002624157350510359,True,alpha_beta_d5_b16,True,True,,
pvs_d5_b16,pvs,5,16,,fixed,seed0_early_pruning_t17,0,tuning,early_pruning,17,,44,26,normal,28→66,28,66,779.0,1.0001214160583913,True,2228,1493,16308,26,16,9,0.5625,5,5,5,False,adaptive_disabled,0,589,14017,0,1481,11,0.007427413909520594,{},1.8707942217588425e-05,0.20150921307504177,0.026689953170716763,0.0003614169545471668,0.23232124978676438,0.7169190996792167,0.050430608447641134,7.033324800431728e-05,True,alpha_beta_d5_b16,False,False,,
pvs_d5_b16,pvs,5,16,,fixed,seed1_early_t0,1,tuning,early,0,,5000,1678,normal,13→35,13,35,758.5,0.7326482080388814,False,2241,1622,12222,1678,16,16,1.0,5,5,5,False,adaptive_disabled,0,373,9780,0,1620,1,0.0006172839506172839,{},0.0006030420772731304,0.1275403294712305,0.019876144593581557,0.01963499980047345,0.13133687409572303,0.5260690245777369,0.0549136851914227,9.058229625225067e-05,True,alpha_beta_d5_b16,True,True,,
pvs_d5_b16,pvs,5,16,,fixed,seed1_middle_t120,1,tuning,middle,120,,90,37,normal,9→14,9,14,738.0,1.0001187911257148,True,2724,1962,15464,37,16,8,0.5,5,5,5,False,adaptive_disabled,0,576,12611,0,1943,22,0.011322696860524962,{},2.850010059773922e-05,0.1743206037208438,0.03354208590462804,0.0003345829900354147,0.21107820933684707,0.7197308149188757,0.06888914271257818,5.754106678068638e-05,False,alpha_beta_d5_b16,True,True,,
pvs_d5_b16,pvs,5,16,,fixed,seed1_late_t236,1,tuning,late,236,,4,3,danger,35→63,35,63,-999996.0,0.00609416700899601,False,39,14,382,3,3,3,1.0,5,5,5,False,adaptive_disabled,0,18,336,0,18,0,0.0,{},1.6416888684034348e-05,0.0038009188137948513,0.0007184152491390705,0.00011458317749202251,0.0044886209070682526,0.0005187061615288258,0.00072438083589077,0.00023145903833210468,True,alpha_beta_d5_b16,True,True,,
pvs_d5_b16,pvs,5,16,,fixed,seed1_few_legal_t121,1,tuning,few_legal,121,,4,2,critical,20→2,20,2,648.5,0.668057459173724,False,1516,1139,8652,2,2,2,1.0,5,5,5,False,adaptive_disabled,0,305,7116,0,1122,20,0.017825311942959002,{},1.2791948392987251e-05,0.12667088769376278,0.019872211385518312,6.783404387533665e-05,0.14991404837928712,0.46638783579692245,0.05130694876424968,0.00036800024099648,True,alpha_beta_d5_b16,True,True,,
pvs_d5_b16,pvs,5,16,,fixed,seed1_early_pruning_t75,1,tuning,early_pruning,75,,66,29,normal,2→63,2,63,-999996.0,1.0001146250870079,True,2756,2039,14686,29,16,1,0.0625,5,5,5,False,adaptive_disabled,0,556,11829,0,2007,33,0.016442451420029897,{},1.49579718708992e-05,0.1509773142170161,0.026542234234511852,0.0002533749211579561,0.18355946452356875,0.7512969658710063,0.0649398195091635,5.00422902405262e-05,False,alpha_beta_d5_b16,False,False,,
pvs_d6_b8,pvs,6,8,,fixed,seed0_early_t0,0,tuning,early,0,,5000,1686,normal,1→35,1,35,-597.0,1.0002440840471536,True,1528,1040,11235,1686,8,6,0.75,6,6,6,False,adaptive_disabled,0,379,9680,0,1039,0,0.0,{},0.0006061671301722527,0.25957420002669096,0.029954193625599146,0.08567724982276559,0.20625841966830194,0.6184129975736141,0.08907916559837759,0.00021008425392210484,True,alpha_beta_d6_b8,True,True,,
pvs_d6_b8,pvs,6,8,,fixed,seed0_middle_t27,0,tuning,middle,27,,2,2,critical,63→63,63,63,-797.0,0.2863789580296725,False,955,621,5578,2,2,2,1.0,6,6,6,False,adaptive_disabled,0,214,4638,0,676,15,0.022189349112426034,{},9.249895811080933e-06,0.0760651093441993,0.01373504870571196,0.0005912501364946365,0.09171624784357846,0.17296530259773135,0.02101790765300393,7.899990305304527e-05,True,alpha_beta_d6_b8,True,True,,
pvs_d6_b8,pvs,6,8,,fixed,seed0_late_t49,0,tuning,late,49,,78,23,normal,11→28,11,28,999995.0,0.35623100004158914,False,1438,448,13559,23,8,8,1.0,6,6,6,False,adaptive_disabled,0,528,12144,0,792,23,0.02904040404040404,{},2.374988980591297e-05,0.15837475121952593,0.019207631004974246,0.00037266709841787815,0.1785572252701968,0.1369370452594012,0.040281979367136955,5.833315663039684e-05,True,alpha_beta_d6_b8,True,True,,
pvs_d6_b8,pvs,6,8,,fixed,seed0_few_legal_t6,0,tuning,few_legal,6,,2,2,critical,35→32,35,32,-619.0,1.0007750410586596,True,2555,1883,12047,2,2,1,0.5,6,6,6,False,adaptive_disabled,0,471,9474,0,1869,14,0.00749063670411985,{},1.0916031897068024e-05,0.17055612825788558,0.03150056907907128,9.954208508133888e-05,0.20646404474973679,0.7232045296113938,0.07069875975139439,0.00029724882915616035,True,alpha_beta_d6_b8,False,False,,
pvs_d6_b8,pvs,6,8,,fixed,seed0_early_pruning_t17,0,tuning,early_pruning,17,,44,26,normal,28→66,28,66,-807.5,0.7343857500236481,False,2110,1392,12853,26,8,8,1.0,6,6,6,False,adaptive_disabled,0,458,10746,0,1384,7,0.0050578034682080926,{},2.1832995116710663e-05,0.12971854954957962,0.019475095439702272,0.0005922089330852032,0.15105472202412784,0.5393887299578637,0.04327942291274667,4.8833200708031654e-05,True,alpha_beta_d6_b8,True,True,,
pvs_d6_b8,pvs,6,8,,fixed,seed1_early_t0,1,tuning,early,0,,5000,1678,normal,13→35,13,35,-758.5,1.0002733329311013,True,3447,2432,20667,1678,8,5,0.625,6,6,6,False,adaptive_disabled,0,786,17064,0,2417,15,0.006206040546131568,{},0.0005722499918192625,0.1994538416620344,0.02893511881120503,0.013765708077698946,0.22349819005466998,0.6989394929260015,0.06340181711129844,9.587476961314678e-05,True,alpha_beta_d6_b8,True,True,,
pvs_d6_b8,pvs,6,8,,fixed,seed1_middle_t120,1,tuning,middle,120,,90,37,normal,9→20,9,20,-667.0,0.7597953327931464,False,2256,1456,14491,37,8,8,1.0,6,6,6,False,adaptive_disabled,0,610,12174,0,1448,20,0.013812154696132596,{},2.3250002413988113e-05,0.18561451672576368,0.030316372634842992,0.000551207922399044,0.2210632828064263,0.479327917098999,0.058761300053447485,6.837490946054459e-05,True,alpha_beta_d6_b8,True,True,,
pvs_d6_b8,pvs,6,8,,fixed,seed1_late_t236,1,tuning,late,236,,4,3,danger,35→63,35,63,-999996.0,0.011706083081662655,False,47,24,273,3,3,3,1.0,6,6,6,False,adaptive_disabled,0,10,216,0,31,0,0.0,{},7.60830007493496e-05,0.005140914581716061,0.0003229985013604164,6.791716441512108e-05,0.005476748803630471,0.004925455432385206,0.0010871707927435637,7.27078877389431e-05,True,alpha_beta_d6_b8,True,True,,
pvs_d6_b8,pvs,6,8,,fixed,seed1_few_legal_t121,1,tuning,few_legal,121,,4,2,critical,20→2,20,2,-1296.0,1.0008041660767049,True,3333,2194,20405,2,2,0,0.0,6,6,6,False,adaptive_disabled,0,877,17004,0,2197,31,0.014110150204824761,{},8.58306884765625e-06,0.25264486973173916,0.04142129281535745,5.0999922677874565e-05,0.3008766241837293,0.6185350441373885,0.08097874885424972,0.00035416590981185436,True,alpha_beta_d6_b8,True,False,,
pvs_d6_b8,pvs,6,8,,fixed,seed1_early_pruning_t75,1,tuning,early_pruning,75,,66,29,normal,2→63,2,63,-999996.0,1.0000989160034806,True,2765,1857,15730,29,8,1,0.125,6,6,6,False,adaptive_disabled,0,663,12871,0,1835,31,0.016893732970027248,{},2.9166927561163902e-05,0.18408915284089744,0.027240875642746687,0.000563375186175108,0.21411274280399084,0.7200868858490139,0.0652314554899931,7.528974674642086e-05,False,alpha_beta_d6_b8,False,False,,
pvs_d6_b12,pvs,6,12,,fixed,seed0_early_t0,0,tuning,early,0,,5000,1686,normal,1→35,1,35,-597.0,1.0005120830610394,True,2953,2126,19243,1686,12,11,0.9166666666666666,6,6,6,False,adaptive_disabled,0,664,16209,0,2125,0,0.0,{},0.0005446670111268759,0.20228021149523556,0.04055767715908587,0.015992249827831984,0.2349605020135641,0.6721174889244139,0.07642834191210568,0.0004688333719968796,True,alpha_beta_d6_b12,True,True,,
pvs_d6_b12,pvs,6,12,,fixed,seed0_middle_t27,0,tuning,middle,27,,2,2,critical,63→63,63,63,-797.0,0.24256862490437925,False,1111,703,8007,2,2,2,1.0,6,6,6,False,adaptive_disabled,0,289,6888,0,789,0,0.0,{},1.3250159099698067e-05,0.07534337043762207,0.0101670459844172,9.054201655089855e-05,0.0867418390698731,0.13629192300140858,0.01936398772522807,6.708293221890926e-05,True,alpha_beta_d6_b12,True,True,,
pvs_d6_b12,pvs,6,12,,fixed,seed0_late_t49,0,tuning,late,49,,78,23,normal,11→28,11,28,999995.0,0.9367877498734742,False,2959,893,31811,23,12,12,1.0,6,6,6,False,adaptive_disabled,0,1156,28861,0,1646,23,0.013973268529769137,{},2.6499852538108826e-05,0.45367504516616464,0.052279641618952155,0.0005137498956173658,0.5120251467451453,0.32606184971518815,0.09808208653703332,7.841712795197964e-05,True,alpha_beta_d6_b12,True,True,,
pvs_d6_b12,pvs,6,12,,fixed,seed0_few_legal_t6,0,tuning,few_legal,6,,2,2,critical,35→32,35,32,-619.0,0.652114334050566,False,2198,1678,10330,2,2,2,1.0,6,6,6,False,adaptive_disabled,0,368,8111,0,1673,4,0.002390914524805738,{},1.2124888598918915e-05,0.10820828261785209,0.014819707488641143,8.925003930926323e-05,0.12560712220147252,0.4843085634056479,0.041906522354111075,0.00019075116142630577,True,alpha_beta_d6_b12,True,True,,
pvs_d6_b12,pvs,6,12,,fixed,seed0_early_pruning_t17,0,tuning,early_pruning,17,,44,26,normal,28→65,28,65,-837.5,1.0001491671428084,True,2523,1771,13205,26,12,1,0.08333333333333333,6,6,6,False,adaptive_disabled,0,428,10606,0,1763,7,0.003970504821327283,{},2.38749198615551e-05,0.1507009193301201,0.02667938987724483,0.0008803750388324261,0.1804084642790258,0.7580292921047658,0.060741743771359324,6.541702896356583e-05,False,alpha_beta_d6_b12,False,False,,
pvs_d6_b12,pvs,6,12,,fixed,seed1_early_t0,1,tuning,early,0,,5000,1678,normal,13→35,13,35,-140.0,1.0009020420257002,True,1353,939,10472,1678,12,0,0.0,6,6,6,False,adaptive_disabled,0,326,9029,0,928,11,0.011853448275862068,{},0.000754666980355978,0.194394426420331,0.032192950835451484,0.04320345795713365,0.1891965300310403,0.6931467864196748,0.07447968353517354,0.00012091710232198238,True,alpha_beta_d6_b12,True,False,,
pvs_d6_b12,pvs,6,12,,fixed,seed1_middle_t120,1,tuning,middle,120,,90,37,normal,9→20,9,20,-648.5,1.000074042007327,True,2958,1956,20608,37,12,6,0.5,6,6,6,False,adaptive_disabled,0,806,17518,0,1951,13,0.006663249615581753,{},2.7667032554745674e-05,0.2611195545177907,0.03028255607932806,0.00261066691018641,0.29497205140069127,0.6334031315054744,0.06900898413732648,5.154102109372616e-05,True,alpha_beta_d6_b12,True,True,,
pvs_d6_b12,pvs,6,12,,fixed,seed1_late_t236,1,tuning,late,236,,4,3,danger,35→63,35,63,-999996.0,0.03147033299319446,False,66,35,344,3,3,3,1.0,6,6,6,False,adaptive_disabled,0,14,263,0,46,0,0.0,{},1.8875114619731903e-05,0.0027776288334280252,0.00048558437265455723,7.275003008544445e-05,0.003407248994335532,0.026625829748809338,0.0012350461911410093,0.00011058291420340538,True,alpha_beta_d6_b12,True,True,,
pvs_d6_b12,pvs,6,12,,fixed,seed1_few_legal_t121,1,tuning,few_legal,121,,4,2,critical,20→2,20,2,-1296.0,1.0002800419460982,True,2431,1727,14253,2,2,0,0.0,6,6,6,False,adaptive_disabled,0,571,11746,0,1725,17,0.009855072463768115,{},9.458977729082108e-06,0.27746509737335145,0.04414849076420069,5.66248781979084e-05,0.3253495069220662,0.603837827919051,0.07081062300130725,0.000216000247746706,True,alpha_beta_d6_b12,True,True,,
pvs_d6_b12,pvs,6,12,,fixed,seed1_early_pruning_t75,1,tuning,early_pruning,75,,66,29,normal,2→63,2,63,-999996.0,1.000155874993652,True,2083,1458,11525,29,12,1,0.08333333333333333,6,6,6,False,adaptive_disabled,0,437,9316,0,1443,26,0.018018018018018018,{},1.954101026058197e-05,0.13341969694010913,0.026099121430888772,0.00027391710318624973,0.16348962718620896,0.7864911677315831,0.04981958004646003,6.204191595315933e-05,False,alpha_beta_d6_b12,True,True,,
pvs_d6_b16,pvs,6,16,,fixed,seed0_early_t0,0,tuning,early,0,,5000,1686,normal,1→35,1,35,-597.0,1.0027655421290547,True,2406,1739,16193,1686,16,7,0.4375,6,6,6,False,adaptive_disabled,0,538,13690,0,1738,0,0.0,{},0.0005868338048458099,0.20545534463599324,0.03572513023391366,0.017867458052933216,0.22690674476325512,0.6747861371841282,0.0807469510473311,0.0018714172765612602,True,alpha_beta_d6_b16,True,True,,
pvs_d6_b16,pvs,6,16,,fixed,seed0_middle_t27,0,tuning,middle,27,,2,2,critical,63→63,63,63,-797.0,0.35721879196353257,False,1295,802,9828,2,2,2,1.0,6,6,6,False,adaptive_disabled,0,342,8512,0,916,0,0.0,{},7.541151717305183e-06,0.09886566828936338,0.015213412698358297,8.370797149837017e-05,0.11588849942199886,0.21046771854162216,0.030682741198688745,8.858367800712585e-05,True,alpha_beta_d6_b16,True,True,,
pvs_d6_b16,pvs,6,16,,fixed,seed0_late_t49,0,tuning,late,49,,78,23,normal,11→58,11,58,-539.0,1.0000657080672681,True,2823,916,30044,23,16,4,0.25,6,6,6,False,adaptive_disabled,0,1048,27203,0,1652,19,0.011501210653753027,{},2.6291003450751305e-05,0.47497099242173135,0.08421632554382086,0.0005268328823149204,0.5632358551956713,0.35757432924583554,0.0786436905618757,5.870917811989784e-05,False,alpha_beta_d6_b16,False,False,,
pvs_d6_b16,pvs,6,16,,fixed,seed0_few_legal_t6,0,tuning,few_legal,6,,2,2,critical,35→32,35,32,-619.0,1.000234416918829,True,2722,2111,12353,2,2,1,0.5,6,6,6,False,adaptive_disabled,0,419,9548,0,2106,4,0.001899335232668566,{},9.542098268866539e-06,0.1411674958653748,0.023906558053568006,6.725010462105274e-05,0.16838204907253385,0.7489158927928656,0.08267384930513799,0.0001858335454016924,True,alpha_beta_d6_b16,True,True,,
pvs_d6_b16,pvs,6,16,,fixed,seed0_early_pruning_t17,0,tuning,early_pruning,17,,44,26,normal,28→65,28,65,-837.5,1.0002808331046253,True,2034,1462,9782,26,16,1,0.0625,6,6,6,False,adaptive_disabled,0,309,7662,0,1458,4,0.0027434842249657062,{},2.037500962615013e-05,0.13853851123712957,0.03576878644526005,0.0002662499900907278,0.17658670572564006,0.7737142900004983,0.04962496319785714,6.82491809129715e-05,False,alpha_beta_d6_b16,False,False,,
pvs_d6_b16,pvs,6,16,,fixed,seed1_early_t0,1,tuning,early,0,,5000,1678,normal,13→35,13,35,-758.5,1.0001223338767886,True,3294,2416,19449,1678,16,2,0.125,6,6,6,False,adaptive_disabled,0,702,15985,0,2403,12,0.004993757802746567,{},0.0005048338789492846,0.2019486897625029,0.025929122464731336,0.018529167165979743,0.2124512188602239,0.6902544253971428,0.07828881382010877,9.387475438416004e-05,True,alpha_beta_d6_b16,True,True,,
pvs_d6_b16,pvs,6,16,,fixed,seed1_middle_t120,1,tuning,middle,120,,90,37,normal,9→20,9,20,-648.5,1.0002794589381665,True,2633,1797,19264,37,16,5,0.3125,6,6,6,False,adaptive_disabled,0,678,16486,0,1784,20,0.011210762331838564,{},9.44589264690876e-05,0.24115248816087842,0.04106562468223274,0.0003428750205785036,0.29020766098983586,0.6329137387219816,0.0766625173855573,5.820789374411106e-05,True,alpha_beta_d6_b16,True,True,,
pvs_d6_b16,pvs,6,16,,fixed,seed1_late_t236,1,tuning,late,236,,4,3,danger,35→63,35,63,-999996.0,0.027073125122115016,False,91,52,448,3,3,3,1.0,6,6,6,False,adaptive_disabled,0,18,338,0,66,0,0.0,{},2.2208085283637047e-05,0.006346249952912331,0.0006144966464489698,0.00013945787213742733,0.006935005076229572,0.018222037004306912,0.001655082916840911,9.933416731655598e-05,True,alpha_beta_d6_b16,True,True,,
pvs_d6_b16,pvs,6,16,,fixed,seed1_few_legal_t121,1,tuning,few_legal,121,,4,2,critical,20→2,20,2,-1296.0,1.0003158329054713,True,3457,2465,20901,2,2,0,0.0,6,6,6,False,adaptive_disabled,0,800,17286,0,2489,8,0.0032141422257934912,{},9.417068213224411e-06,0.2156440382823348,0.033514779759570956,6.150011904537678e-05,0.2525594928301871,0.6739150318317115,0.0735685583204031,0.0002018327359110117,True,alpha_beta_d6_b16,True,True,,
pvs_d6_b16,pvs,6,16,,fixed,seed1_early_pruning_t75,1,tuning,early_pruning,75,,66,29,normal,2→63,2,63,-999996.0,1.014521833974868,True,2713,1955,14752,29,16,1,0.0625,6,6,6,False,adaptive_disabled,0,541,11851,0,1944,26,0.013374485596707819,{},1.500011421740055e-05,0.20366453914903104,0.023219618946313858,0.0003075001295655966,0.2313033372629434,0.7308358205482364,0.05199205013923347,6.812578067183495e-05,False,alpha_beta_d6_b16,True,True,,
beam_negamax_d5_w8-6-4-2,beam_negamax,5,,8-6-4-2,fixed,seed0_early_t0,0,tuning,early,0,,5000,1686,normal,1→35,1,35,597.0,0.302038166904822,False,907,496,7969,1686,8,8,1.0,5,5,5,False,adaptive_disabled,0,0,0,7058,0,0,0.0,"{""0"": 8, ""1"": 6, ""2"": 4, ""3"": 2, ""4"": 2}",0.0005188330542296171,0.1030384567566216,0.010286701144650578,0.020985458977520466,0.09614697052165866,0.15844155009835958,0.025823771487921476,0.0001215827651321888,True,alpha_beta_d5_b16,True,True,1,True
beam_negamax_d5_w8-6-4-2,beam_negamax,5,,8-6-4-2,fixed,seed0_middle_t27,0,tuning,middle,27,,2,2,critical,63→63,63,63,1047.5,0.03187041683122516,False,180,82,1313,2,2,2,1.0,5,5,5,False,adaptive_disabled,0,0,0,1133,0,0,0.0,"{""0"": 8, ""1"": 6, ""2"": 4, ""3"": 2, ""4"": 2}",9.666895493865013e-06,0.010660877451300621,0.0010046223178505898,8.216709829866886e-05,0.011748789343982935,0.017825624672695994,0.002126918872818351,7.724994793534279e-05,True,alpha_beta_d5_b16,True,False,1,True
beam_negamax_d5_w8-6-4-2,beam_negamax,5,,8-6-4-2,fixed,seed0_late_t49,0,tuning,late,49,,78,23,normal,11→28,11,28,999997.0,0.1844048749189824,False,1013,419,7740,23,8,8,1.0,5,5,5,False,adaptive_disabled,0,0,0,6727,0,0,0.0,"{""0"": 8, ""1"": 6, ""2"": 4, ""3"": 2, ""4"": 2}",2.8250040486454964e-05,0.06689700298011303,0.005510017042979598,0.0010529158171266317,0.07221791939809918,0.09780378243885934,0.013221173081547022,8.083414286375046e-05,True,alpha_beta_d5_b16,True,False,5,True
beam_negamax_d5_w8-6-4-2,beam_negamax,5,,8-6-4-2,fixed,seed0_few_legal_t6,0,tuning,few_legal,6,,2,2,critical,35→54,35,54,515.5,0.07551583391614258,False,350,192,2433,2,2,2,1.0,5,5,5,False,adaptive_disabled,0,0,0,2083,0,0,0.0,"{""0"": 8, ""1"": 6, ""2"": 4, ""3"": 2, ""4"": 2}",6.916932761669159e-06,0.020429082214832306,0.0018990905955433846,5.449983291327953e-05,0.02260258444584906,0.04809899860993028,0.004510083934292197,0.0002427501603960991,True,alpha_beta_d5_b16,False,False,1,True
beam_negamax_d5_w8-6-4-2,beam_negamax,5,,8-6-4-2,fixed,seed0_early_pruning_t17,0,tuning,early_pruning,17,,44,26,normal,28→58,28,58,589.0,0.4428324578329921,False,1400,768,9525,26,8,8,1.0,5,5,5,False,adaptive_disabled,0,0,0,8125,0,0,0.0,"{""0"": 8, ""1"": 6, ""2"": 4, ""3"": 2, ""4"": 2}",2.233404666185379e-05,0.09428540640510619,0.010706041008234024,0.0003584998194128275,0.1077148299664259,0.30857335892505944,0.026095520239323378,6.791483610868454e-05,True,alpha_beta_d5_b16,False,False,10,False
beam_negamax_d5_w8-6-4-2,beam_negamax,5,,8-6-4-2,fixed,seed1_early_t0,1,tuning,early,0,,5000,1678,normal,13→35,13,35,209.0,0.26615262497216463,False,1081,592,8543,1678,8,8,1.0,5,5,5,False,adaptive_disabled,0,0,0,7457,0,0,0.0,"{""0"": 8, ""1"": 6, ""2"": 4, ""3"": 2, ""4"": 2}",0.0009461669251322746,0.07236275426112115,0.007387460907921195,0.016568124992772937,0.06452914932742715,0.16785279102623463,0.01607714267447591,0.00017925002612173557,True,alpha_beta_d5_b16,True,False,1,True
beam_negamax_d5_w8-6-4-2,beam_negamax,5,,8-6-4-2,fixed,seed1_middle_t120,1,tuning,middle,120,,90,37,normal,9→20,9,20,799.5,0.17999129090458155,False,929,475,6634,37,8,8,1.0,5,5,5,False,adaptive_disabled,0,0,0,5627,0,0,0.0,"{""0"": 8, ""1"": 6, ""2"": 4, ""3"": 2, ""4"": 2}",2.5209039449691772e-05,0.053697089198976755,0.004782050848007202,0.0005968750920146704,0.058712876169011,0.10875004879198968,0.01186236715875566,4.391465336084366e-05,True,alpha_beta_d5_b16,False,False,4,True
beam_negamax_d5_w8-6-4-2,beam_negamax,5,,8-6-4-2,fixed,seed1_late_t236,1,tuning,late,236,,4,3,danger,35→63,35,63,-999996.0,0.03885124996304512,False,247,114,1739,3,3,3,1.0,5,5,5,False,adaptive_disabled,0,0,0,1459,0,0,0.0,"{""0"": 8, ""1"": 6, ""2"": 4, ""3"": 2, ""4"": 2}",2.695806324481964e-05,0.012957209721207619,0.0011956221424043179,0.00011808308772742748,0.014333829982206225,0.021370627684518695,0.00289900042116642,0.00010275072418153286,True,alpha_beta_d5_b16,True,True,1,True
beam_negamax_d5_w8-6-4-2,beam_negamax,5,,8-6-4-2,fixed,seed1_few_legal_t121,1,tuning,few_legal,121,,4,2,critical,20→2,20,2,768.0,0.04260029178112745,False,142,72,1062,2,2,2,1.0,5,5,5,False,adaptive_disabled,0,0,0,909,0,0,0.0,"{""0"": 8, ""1"": 6, ""2"": 4, ""3"": 2, ""4"": 2}",1.3625016435980797e-05,0.013867419445887208,0.001241206657141447,4.5042019337415695e-05,0.015294790267944336,0.024187868926674128,0.002902132924646139,0.0001568326260894537,True,alpha_beta_d5_b16,True,False,1,True
beam_negamax_d5_w8-6-4-2,beam_negamax,5,,8-6-4-2,fixed,seed1_early_pruning_t75,1,tuning,early_pruning,75,,66,29,normal,2→8,2,8,799.5,0.3313464159145951,False,1134,602,7974,29,8,8,1.0,5,5,5,False,adaptive_disabled,0,0,0,6795,0,0,0.0,"{""0"": 8, ""1"": 6, ""2"": 4, ""3"": 2, ""4"": 2}",3.833300434052944e-05,0.07247558375820518,0.01006808108650148,0.0005495420191437006,0.0842882040888071,0.22691201977431774,0.019487610086798668,7.070694118738174e-05,True,alpha_beta_d5_b16,True,False,2,True
beam_negamax_d5_w12-8-4-2,beam_negamax,5,,12-8-4-2,fixed,seed0_early_t0,0,tuning,early,0,,5000,1686,normal,1→35,1,35,597.0,0.4636109999846667,False,1491,816,11969,1686,12,12,1.0,5,5,5,False,adaptive_disabled,0,0,0,10470,0,0,0.0,"{""0"": 12, ""1"": 8, ""2"": 4, ""3"": 2, ""4"": 2}",0.0006143329665064812,0.13392861257307231,0.016067838296294212,0.015347249805927277,0.13820451172068715,0.27202691487036645,0.037327990401536226,9.0000219643116e-05,True,alpha_beta_d5_b16,True,True,1,True
beam_negamax_d5_w12-8-4-2,beam_negamax,5,,12-8-4-2,fixed,seed0_middle_t27,0,tuning,middle,27,,2,2,critical,63→63,63,63,1047.5,0.04823029111139476,False,230,104,1681,2,2,2,1.0,5,5,5,False,adaptive_disabled,0,0,0,1451,0,0,0.0,"{""0"": 12, ""1"": 8, ""2"": 4, ""3"": 2, ""4"": 2}",8.916947990655899e-06,0.016874914290383458,0.0015647951513528824,5.8042118325829506e-05,0.01866025081835687,0.02591604576446116,0.0035052443854510784,8.179107680916786e-05,True,alpha_beta_d5_b16,True,False,1,True
beam_negamax_d5_w12-8-4-2,beam_negamax,5,,12-8-4-2,fixed,seed0_late_t49,0,tuning,late,49,,78,23,normal,11→58,11,58,787.5,0.3919786671176553,False,2049,862,15567,23,12,12,1.0,5,5,5,False,adaptive_disabled,0,0,0,13518,0,0,0.0,"{""0"": 12, ""1"": 8, ""2"": 4, ""3"": 2, ""4"": 2}",2.0625069737434387e-05,0.13655209681019187,0.015360066667199135,0.0004460001364350319,0.15433436469174922,0.20486475573852658,0.03225621278397739,5.6708697229623795e-05,False,alpha_beta_d5_b16,False,False,5,True
beam_negamax_d5_w12-8-4-2,beam_negamax,5,,12-8-4-2,fixed,seed0_few_legal_t6,0,tuning,few_legal,6,,2,2,critical,35→32,35,32,190.0,0.12071100017055869,False,466,256,3169,2,2,2,1.0,5,5,5,False,adaptive_disabled,0,0,0,2703,0,0,0.0,"{""0"": 12, ""1"": 8, ""2"": 4, ""3"": 2, ""4"": 2}",1.0457821190357208e-05,0.030508996220305562,0.0041457482147961855,7.995800115168095e-05,0.03542866581119597,0.07587033533491194,0.009141623741015792,0.00017995946109294891,False,alpha_beta_d5_b16,True,False,1,True
beam_negamax_d5_w12-8-4-2,beam_negamax,5,,12-8-4-2,fixed,seed0_early_pruning_t17,0,tuning,early_pruning,17,,44,26,normal,28→58,28,58,589.0,0.9728877497836947,False,2796,1536,19190,26,12,12,1.0,5,5,5,False,adaptive_disabled,0,0,0,16394,0,0,0.0,"{""0"": 12, ""1"": 8, ""2"": 4, ""3"": 2, ""4"": 2}",2.8125010430812836e-05,0.19874520017765462,0.031494761584326625,0.0004990000743418932,0.23501370358280838,0.6715922057628632,0.06570050655864179,5.4208794608712196e-05,True,alpha_beta_d5_b16,False,False,10,True
beam_negamax_d5_w12-8-4-2,beam_negamax,5,,12-8-4-2,fixed,seed1_early_t0,1,tuning,early,0,,5000,1678,normal,13→35,13,35,209.0,0.6476163330953568,False,1665,912,12306,1678,12,12,1.0,5,5,5,False,adaptive_disabled,0,0,0,10632,0,0,0.0,"{""0"": 12, ""1"": 8, ""2"": 4, ""3"": 2, ""4"": 2}",0.0010823749471455812,0.14450964238494635,0.027484811143949628,0.017519874963909388,0.1592003176920116,0.4069106250535697,0.06278468226082623,0.00011845817789435387,True,alpha_beta_d5_b16,True,False,1,True
beam_negamax_d5_w12-8-4-2,beam_negamax,5,,12-8-4-2,fixed,seed1_middle_t120,1,tuning,middle,120,,90,37,normal,9→20,9,20,799.5,0.8029342081863433,False,2008,1037,14421,37,12,12,1.0,5,5,5,False,adaptive_disabled,0,0,0,12260,0,0,0.0,"{""0"": 12, ""1"": 8, ""2"": 4, ""3"": 2, ""4"": 2}",5.7666096836328506e-05,0.26416777819395065,0.04925409471616149,0.0005967919714748859,0.3200757896993309,0.42282802937552333,0.059321847977116704,5.408306606113911e-05,True,alpha_beta_d5_b16,False,False,4,True
beam_negamax_d5_w12-8-4-2,beam_negamax,5,,12-8-4-2,fixed,seed1_late_t236,1,tuning,late,236,,4,3,danger,35→63,35,63,-999996.0,0.06786008295603096,False,354,169,2416,3,3,3,1.0,5,5,5,False,adaptive_disabled,0,0,0,2023,0,0,0.0,"{""0"": 12, ""1"": 8, ""2"": 4, ""3"": 2, ""4"": 2}",7.916940376162529e-06,0.022385085467249155,0.002315169433131814,6.0791848227381706e-05,0.025113339070230722,0.037300530821084976,0.00530204689130187,7.545738480985165e-05,True,alpha_beta_d5_b16,True,True,1,True
beam_negamax_d5_w12-8-4-2,beam_negamax,5,,12-8-4-2,fixed,seed1_few_legal_t121,1,tuning,few_legal,121,,4,2,critical,20→2,20,2,-1831.25,0.030802458990365267,False,193,97,1406,2,2,2,1.0,5,5,5,False,adaptive_disabled,0,0,0,1198,0,0,0.0,"{""0"": 12, ""1"": 8, ""2"": 4, ""3"": 2, ""4"": 2}",9.917188435792923e-06,0.009847245179116726,0.0008606263436377048,5.620787851512432e-05,0.010806373320519924,0.017640791134908795,0.0021014604717493057,0.0001877089962363243,True,alpha_beta_d5_b16,True,False,1,True
beam_negamax_d5_w12-8-4-2,beam_negamax,5,,12-8-4-2,fixed,seed1_early_pruning_t75,1,tuning,early_pruning,75,,66,29,normal,2→8,2,8,799.5,0.8757950409781188,False,2407,1287,16900,29,12,12,1.0,5,5,5,False,adaptive_disabled,0,0,0,14413,0,0,0.0,"{""0"": 12, ""1"": 8, ""2"": 4, ""3"": 2, ""4"": 2}",1.491699367761612e-05,0.1902542500756681,0.030166185926645994,0.00043583312071859837,0.22750823246315122,0.5926175958011299,0.055162380915135145,5.6081684306263924e-05,True,alpha_beta_d5_b16,True,False,2,True
beam_negamax_d5_w12-8-6-4,beam_negamax,5,,12-8-6-4,fixed,seed0_early_t0,0,tuning,early,0,,5000,1686,normal,1→35,1,35,597.0,1.0014424999244511,True,2578,1941,13156,1686,12,5,0.4166666666666667,5,5,5,False,adaptive_disabled,0,0,0,10559,0,0,0.0,"{""0"": 12, ""1"": 8, ""2"": 6, ""3"": 4, ""4"": 4}",0.0005162078887224197,0.2109880051575601,0.028528616996482015,0.014065125025808811,0.2293476506602019,0.6665891360025853,0.09071625536307693,0.00020812498405575752,True,alpha_beta_d5_b16,True,True,1,True
beam_negamax_d5_w12-8-6-4,beam_negamax,5,,12-8-6-4,fixed,seed0_middle_t27,0,tuning,middle,27,,2,2,critical,63→63,63,63,1047.5,0.30586600000970066,False,1000,704,4506,2,2,2,1.0,5,5,5,False,adaptive_disabled,0,0,0,3506,0,0,0.0,"{""0"": 12, ""1"": 8, ""2"": 6, ""3"": 4, ""4"": 4}",8.750008419156075e-06,0.057649818947538733,0.007735415827482939,0.00014870800077915192,0.06709024566225708,0.20888907741755247,0.029657509876415133,7.1709044277668e-05,True,alpha_beta_d5_b16,True,False,1,True
beam_negamax_d5_w12-8-6-4,beam_negamax,5,,12-8-6-4,fixed,seed0_late_t49,0,tuning,late,49,,78,23,normal,11→58,11,58,797.0,1.0001549171283841,True,3792,2424,17126,23,12,4,0.3333333333333333,5,5,5,False,adaptive_disabled,0,0,0,13308,0,0,0.0,"{""0"": 12, ""1"": 8, ""2"": 6, ""3"": 4, ""4"": 4}",1.4832941815257072e-05,0.21149165858514607,0.03591412422247231,0.0002263330388814211,0.25332307163625956,0.6587218826171011,0.08778729569166899,8.15012026578188e-05,False,alpha_beta_d5_b16,False,False,5,True
beam_negamax_d5_w12-8-6-4,beam_negamax,5,,12-8-6-4,fixed,seed0_few_legal_t6,0,tuning,few_legal,6,,2,2,critical,35→32,35,32,589.0,0.6430587091017514,False,1965,1482,8318,2,2,2,1.0,5,5,5,False,adaptive_disabled,0,0,0,6352,0,0,0.0,"{""0"": 12, ""1"": 8, ""2"": 6, ""3"": 4, ""4"": 4}",7.62520357966423e-06,0.11575333611108363,0.013604248873889446,5.6165968999266624e-05,0.13403404643759131,0.4625820112414658,0.04593373415991664,0.00044512609019875526,False,alpha_beta_d5_b16,True,False,1,True
beam_negamax_d5_w12-8-6-4,beam_negamax,5,,12-8-6-4,fixed,seed0_early_pruning_t17,0,tuning,early_pruning,17,,44,26,normal,28→66,28,66,575.5,1.0001580829266459,True,2789,2103,11866,26,12,2,0.16666666666666666,5,5,5,False,adaptive_disabled,0,0,0,9058,0,0,0.0,"{""0"": 12, ""1"": 8, ""2"": 6, ""3"": 4, ""4"": 4}",2.1832995116710663e-05,0.13706159545108676,0.020290673011913896,0.0006163339130580425,0.16079223318956792,0.7810230220202357,0.057625119807198644,7.954100146889687e-05,False,alpha_beta_d5_b16,False,False,10,True
beam_negamax_d5_w12-8-6-4,beam_negamax,5,,12-8-6-4,fixed,seed1_early_t0,1,tuning,early,0,,5000,1678,normal,13→35,13,35,758.5,1.0016292920336127,True,2061,1553,10645,1678,12,3,0.25,5,5,5,False,adaptive_disabled,0,0,0,8565,0,0,0.0,"{""0"": 12, ""1"": 8, ""2"": 6, ""3"": 4, ""4"": 4}",0.0006176251918077469,0.15155506157316267,0.024151870282366872,0.017662375001236796,0.16406063362956047,0.7131388743873686,0.10598865896463394,0.00016112485900521278,True,alpha_beta_d5_b16,True,True,1,True
beam_negamax_d5_w12-8-6-4,beam_negamax,5,,12-8-6-4,fixed,seed1_middle_t120,1,tuning,middle,120,,90,37,normal,9→20,9,20,768.0,1.0001020000781864,True,2739,1964,12552,37,12,5,0.4166666666666667,5,5,5,False,adaptive_disabled,0,0,0,9615,0,0,0.0,"{""0"": 12, ""1"": 8, ""2"": 6, ""3"": 4, ""4"": 4}",3.700004890561104e-05,0.14931685524061322,0.02438162500038743,0.0006859160494059324,0.17785605578683317,0.7338086972013116,0.08763074711896479,8.358387276530266e-05,True,alpha_beta_d5_b16,False,False,4,True
beam_negamax_d5_w12-8-6-4,beam_negamax,5,,12-8-6-4,fixed,seed1_late_t236,1,tuning,late,236,,4,3,danger,35→63,35,63,-999996.0,0.583377290982753,False,1384,979,5895,3,3,3,1.0,5,5,5,False,adaptive_disabled,0,0,0,4408,0,0,0.0,"{""0"": 12, ""1"": 8, ""2"": 6, ""3"": 4, ""4"": 4}",2.054218202829361e-05,0.10027171019464731,0.017389495857059956,0.0001270831562578678,0.12132730265147984,0.4231684363912791,0.03863063594326377,0.00010329065844416618,True,alpha_beta_d5_b16,True,True,1,True
beam_negamax_d5_w12-8-6-4,beam_negamax,5,,12-8-6-4,fixed,seed1_few_legal_t121,1,tuning,few_legal,121,,4,2,critical,20→2,20,2,515.0,0.30291529186069965,False,751,539,3451,2,2,2,1.0,5,5,5,False,adaptive_disabled,0,0,0,2653,0,0,0.0,"{""0"": 12, ""1"": 8, ""2"": 6, ""3"": 4, ""4"": 4}",3.329198807477951e-05,0.06045124609954655,0.008777044946327806,6.233388558030128e-05,0.07024134020321071,0.2172630385030061,0.015083329286426306,0.00023195799440145493,True,alpha_beta_d5_b16,True,False,1,True
beam_negamax_d5_w12-8-6-4,beam_negamax,5,,12-8-6-4,fixed,seed1_early_pruning_t75,1,tuning,early_pruning,75,,66,29,normal,2→8,2,8,788.0,1.0176193329971284,True,2238,1631,10149,29,12,3,0.25,5,5,5,False,adaptive_disabled,0,0,0,7789,0,0,0.0,"{""0"": 12, ""1"": 8, ""2"": 6, ""3"": 4, ""4"": 4}",2.0124949514865875e-05,0.13783221528865397,0.024892475688830018,0.00030187517404556274,0.16971310321241617,0.7821529204957187,0.06534343515522778,8.787401020526886e-05,True,alpha_beta_d5_b16,True,False,2,True
beam_negamax_d5_w16-12-8-4,beam_negamax,5,,16-12-8-4,fixed,seed0_early_t0,0,tuning,early,0,,5000,1686,normal,1→35,1,35,597.0,1.0003061250317842,True,1956,1476,10411,1686,16,4,0.25,5,5,5,False,adaptive_disabled,0,0,0,8434,0,0,0.0,"{""0"": 16, ""1"": 12, ""2"": 8, ""3"": 4, ""4"": 4}",0.0020072078332304955,0.21849208720959723,0.03841426596045494,0.037963957991451025,0.22677048901095986,0.673067876836285,0.06029988406226039,0.0001967092975974083,True,alpha_beta_d5_b16,True,True,1,True
beam_negamax_d5_w16-12-8-4,beam_negamax,5,,16-12-8-4,fixed,seed0_middle_t27,0,tuning,middle,27,,2,2,critical,63→63,63,63,1047.5,0.46807904192246497,False,1953,1377,8748,2,2,2,1.0,5,5,5,False,adaptive_disabled,0,0,0,6795,0,0,0.0,"{""0"": 16, ""1"": 12, ""2"": 8, ""3"": 4, ""4"": 4}",1.100008375942707e-05,0.09509760397486389,0.013816452119499445,6.849993951618671e-05,0.11186520545743406,0.3116871723905206,0.044379955157637596,6.720889359712601e-05,True,alpha_beta_d5_b16,True,False,1,True
beam_negamax_d5_w16-12-8-4,beam_negamax,5,,16-12-8-4,fixed,seed0_late_t49,0,tuning,late,49,,78,23,normal,11→58,11,58,797.0,1.0000834171660244,True,4700,3032,20996,23,16,2,0.125,5,5,5,False,adaptive_disabled,0,0,0,16280,0,0,0.0,"{""0"": 16, ""1"": 12, ""2"": 8, ""3"": 4, ""4"": 4}",1.850002445280552e-05,0.20491625485010445,0.028641406912356615,0.00033258297480642796,0.23841527779586613,0.6820844954345375,0.07917326875030994,5.929218605160713e-05,False,alpha_beta_d5_b16,False,False,5,True
beam_negamax_d5_w16-12-8-4,beam_negamax,5,,16-12-8-4,fixed,seed0_few_legal_t6,0,tuning,few_legal,6,,2,2,critical,35→32,35,32,597.0,1.000850916840136,True,3479,2630,14486,2,2,1,0.5,5,5,5,False,adaptive_disabled,0,0,0,11001,0,0,0.0,"{""0"": 16, ""1"": 12, ""2"": 8, ""3"": 4, ""4"": 4}",7.2910916060209274e-06,0.16672499640844762,0.026719605084508657,5.9957848861813545e-05,0.200676332693547,0.7240506161469966,0.07528934231959283,0.0007673767395317554,False,alpha_beta_d5_b16,True,True,1,True
beam_negamax_d5_w16-12-8-4,beam_negamax,5,,16-12-8-4,fixed,seed0_early_pruning_t17,0,tuning,early_pruning,17,,44,26,normal,28→65,28,65,80.0,1.000101000070572,True,2545,1923,10803,26,16,1,0.0625,5,5,5,False,adaptive_disabled,0,0,0,8227,0,0,0.0,"{""0"": 16, ""1"": 12, ""2"": 8, ""3"": 4, ""4"": 4}",1.837499439716339e-05,0.14025361160747707,0.02350400621071458,0.00025670905597507954,0.16688996111042798,0.7768363526556641,0.056043228367343545,5.637388676404953e-05,False,alpha_beta_d5_b16,False,False,10,True
beam_negamax_d5_w16-12-8-4,beam_negamax,5,,16-12-8-4,fixed,seed1_early_t0,1,tuning,early,0,,5000,1678,normal,13→35,13,35,758.5,1.0001256251707673,True,2720,2054,13328,1678,16,4,0.25,5,5,5,False,adaptive_disabled,0,0,0,10580,0,0,0.0,"{""0"": 16, ""1"": 12, ""2"": 8, ""3"": 4, ""4"": 4}",0.0009117089211940765,0.17350199888460338,0.025752968387678266,0.023746500024572015,0.1797002551611513,0.7188194205518812,0.07683340716175735,0.00011433335021138191,True,alpha_beta_d5_b16,True,True,1,True
beam_negamax_d5_w16-12-8-4,beam_negamax,5,,16-12-8-4,fixed,seed1_middle_t120,1,tuning,middle,120,,90,37,normal,9→20,9,20,799.5,1.0000842500012368,True,1983,1430,8866,37,16,3,0.1875,5,5,5,False,adaptive_disabled,0,0,0,6732,0,0,0.0,"{""0"": 16, ""1"": 12, ""2"": 8, ""3"": 4, ""4"": 4}",2.3208092898130417e-05,0.18529808637686074,0.029254263965412974,0.0003684170078486204,0.23008752148598433,0.6775436969473958,0.09200907265767455,5.2333809435367584e-05,True,alpha_beta_d5_b16,False,False,4,True
beam_negamax_d5_w16-12-8-4,beam_negamax,5,,16-12-8-4,fixed,seed1_late_t236,1,tuning,late,236,,4,3,danger,35→63,35,63,-999996.0,0.7811366668902338,False,2895,2066,12016,3,3,3,1.0,5,5,5,False,adaptive_disabled,0,0,0,8917,0,0,0.0,"{""0"": 16, ""1"": 12, ""2"": 8, ""3"": 4, ""4"": 4}",2.2459076717495918e-05,0.1354823459405452,0.025378775782883167,0.00013620895333588123,0.16537030623294413,0.560888183536008,0.054576843278482556,0.00014266581274569035,True,alpha_beta_d5_b16,True,True,1,True
beam_negamax_d5_w16-12-8-4,beam_negamax,5,,16-12-8-4,fixed,seed1_few_legal_t121,1,tuning,few_legal,121,,4,2,critical,20→2,20,2,768.0,0.42640983290039003,False,1598,1158,7046,2,2,2,1.0,5,5,5,False,adaptive_disabled,0,0,0,5357,0,0,0.0,"{""0"": 16, ""1"": 12, ""2"": 8, ""3"": 4, ""4"": 4}",1.1208001524209976e-05,0.07820949470624328,0.01433588215149939,9.529199451208115e-05,0.09466120530851185,0.2997429110109806,0.03169480059295893,0.00020441599190235138,True,alpha_beta_d5_b16,True,False,1,True
beam_negamax_d5_w16-12-8-4,beam_negamax,5,,16-12-8-4,fixed,seed1_early_pruning_t75,1,tuning,early_pruning,75,,66,29,normal,2→8,2,8,798.0,1.0000824590679258,True,3209,2350,14366,29,16,2,0.125,5,5,5,False,adaptive_disabled,0,0,0,10987,0,0,0.0,"{""0"": 16, ""1"": 12, ""2"": 8, ""3"": 4, ""4"": 4}",1.6458099707961082e-05,0.15238019288517535,0.02174992416985333,0.00026299990713596344,0.17800704506225884,0.7622921585571021,0.05945408856496215,4.970887675881386e-05,True,alpha_beta_d5_b16,True,False,2,True
beam_negamax_d6_w8-6-4-2,beam_negamax,6,,8-6-4-2,fixed,seed0_early_t0,0,tuning,early,0,,5000,1686,normal,1→35,1,35,-597.0,0.6655186670832336,False,1899,992,15548,1686,8,8,1.0,6,6,6,False,adaptive_disabled,0,0,0,13645,0,0,0.0,"{""0"": 8, ""1"": 6, ""2"": 4, ""3"": 2, ""4"": 2, ""5"": 2}",0.0004924579989165068,0.1621158178895712,0.019933208590373397,0.01666679186746478,0.16937401005998254,0.4360343024600297,0.0428480205591768,0.0001030841376632452,True,alpha_beta_d6_b16,True,True,1,True
beam_negamax_d6_w8-6-4-2,beam_negamax,6,,8-6-4-2,fixed,seed0_middle_t27,0,tuning,middle,27,,2,2,critical,63→59,63,59,-569.0,0.07129012490622699,False,335,142,2526,2,2,2,1.0,6,6,6,False,adaptive_disabled,0,0,0,2191,0,0,0.0,"{""0"": 8, ""1"": 6, ""2"": 4, ""3"": 2, ""4"": 2, ""5"": 2}",6.166985258460045e-06,0.02351075131446123,0.004443245707079768,4.7582900151610374e-05,0.02831417298875749,0.03711178991943598,0.005439412081614137,0.00037100003100931644,False,alpha_beta_d6_b16,False,False,1,True
beam_negamax_d6_w8-6-4-2,beam_negamax,6,,8-6-4-2,fixed,seed0_late_t49,0,tuning,late,49,,78,23,normal,11→28,11,28,999997.0,0.5648385409731418,False,1851,778,14634,23,8,8,1.0,6,6,6,False,adaptive_disabled,0,0,0,12783,0,0,0.0,"{""0"": 8, ""1"": 6, ""2"": 4, ""3"": 2, ""4"": 2, ""5"": 2}",2.187490463256836e-05,0.18974894867278636,0.02943199989385903,0.00039499998092651367,0.22765773930586874,0.28547924500890076,0.051235015504062176,4.96662687510252e-05,True,alpha_beta_d6_b16,True,False,5,True
beam_negamax_d6_w8-6-4-2,beam_negamax,6,,8-6-4-2,fixed,seed0_few_legal_t6,0,tuning,few_legal,6,,2,2,critical,35→54,35,54,-190.0,0.447997041977942,False,734,384,5051,2,2,2,1.0,6,6,6,False,adaptive_disabled,0,0,0,4317,0,0,0.0,"{""0"": 8, ""1"": 6, ""2"": 4, ""3"": 2, ""4"": 2, ""5"": 2}",1.037493348121643e-05,0.09569561132229865,0.015195634681731462,6.279116496443748e-05,0.11351596983149648,0.28534204768948257,0.04880694136954844,0.0002589169889688492,True,alpha_beta_d6_b16,False,False,1,True
beam_negamax_d6_w8-6-4-2,beam_negamax,6,,8-6-4-2,fixed,seed0_early_pruning_t17,0,tuning,early_pruning,17,,44,26,normal,28→58,28,58,-575.5,1.0044510420411825,True,1434,749,10214,26,8,3,0.375,6,6,6,False,adaptive_disabled,0,0,0,8772,0,0,0.0,"{""0"": 8, ""1"": 6, ""2"": 4, ""3"": 2, ""4"": 2, ""5"": 2}",2.1707965061068535e-05,0.15682849544100463,0.016224863240495324,0.00041258404962718487,0.1759818261489272,0.7619890831410885,0.06595588265918195,8.995807729661465e-05,True,alpha_beta_d6_b16,False,False,2,True
beam_negamax_d6_w8-6-4-2,beam_negamax,6,,8-6-4-2,fixed,seed1_early_t0,1,tuning,early,0,,5000,1678,normal,63→63,63,63,-159.0,0.7667036249767989,False,2265,1184,16552,1678,8,8,1.0,6,6,6,False,adaptive_disabled,0,0,0,14282,0,0,0.0,"{""0"": 8, ""1"": 6, ""2"": 4, ""3"": 2, ""4"": 2, ""5"": 2}",0.0005916249938309193,0.18065751437097788,0.03789967228658497,0.013053125003352761,0.2102865083143115,0.49832487804815173,0.04434890556149185,9.85830556601286e-05,False,alpha_beta_d6_b16,False,False,1,True
beam_negamax_d6_w8-6-4-2,beam_negamax,6,,8-6-4-2,fixed,seed1_middle_t120,1,tuning,middle,120,,90,37,normal,9→20,9,20,1831.25,0.5102395419962704,False,1730,801,14168,37,8,8,1.0,6,6,6,False,adaptive_disabled,0,0,0,12223,0,0,0.0,"{""0"": 8, ""1"": 6, ""2"": 4, ""3"": 2, ""4"": 2, ""5"": 2}",5.020899698138237e-05,0.18428582465276122,0.016857381677255034,0.0005333330482244492,0.20329546788707376,0.2590734635014087,0.04719302663579583,9.404192678630352e-05,True,alpha_beta_d6_b16,True,False,1,True
beam_negamax_d6_w8-6-4-2,beam_negamax,6,,8-6-4-2,fixed,seed1_late_t236,1,tuning,late,236,,4,3,danger,35→63,35,63,-999996.0,0.05405358294956386,False,406,159,3348,3,3,3,1.0,6,6,6,False,adaptive_disabled,0,0,0,2863,0,0,0.0,"{""0"": 8, ""1"": 6, ""2"": 4, ""3"": 2, ""4"": 2, ""5"": 2}",8.916947990655899e-06,0.024299455573782325,0.0019475880544632673,6.591598503291607e-05,0.026544297579675913,0.022978125605732203,0.004386617802083492,6.970902904868126e-05,True,alpha_beta_d6_b16,True,True,1,True
beam_negamax_d6_w8-6-4-2,beam_negamax,6,,8-6-4-2,fixed,seed1_few_legal_t121,1,tuning,few_legal,121,,4,2,critical,20→2,20,2,-799.5,0.06178058311343193,False,254,112,2058,2,2,2,1.0,6,6,6,False,adaptive_disabled,0,0,0,1771,0,0,0.0,"{""0"": 8, ""1"": 6, ""2"": 4, ""3"": 2, ""4"": 2, ""5"": 2}",6.875023245811462e-06,0.019893496297299862,0.00277145579457283,4.6999892219901085e-05,0.02292175078764558,0.032184794545173645,0.006253037601709366,0.00036712526343762875,True,alpha_beta_d6_b16,True,False,1,True
beam_negamax_d6_w8-6-4-2,beam_negamax,6,,8-6-4-2,fixed,seed1_early_pruning_t75,1,tuning,early_pruning,75,,66,29,normal,2→8,2,8,-79.0,0.6757740420289338,False,2204,1070,17705,29,8,8,1.0,6,6,6,False,adaptive_disabled,0,0,0,15334,0,0,0.0,"{""0"": 8, ""1"": 6, ""2"": 4, ""3"": 2, ""4"": 2, ""5"": 2}",1.791585236787796e-05,0.1728013250976801,0.01607956737279892,0.00026695895940065384,0.1920857485383749,0.44695911812596023,0.036165592493489385,0.0002787080593407154,True,alpha_beta_d6_b16,False,False,1,True
beam_negamax_d6_w12-8-4-2,beam_negamax,6,,12-8-4-2,fixed,seed0_early_t0,0,tuning,early,0,,5000,1686,normal,1→35,1,35,-597.0,0.8087448750156909,False,3123,1632,24492,1686,12,12,1.0,6,6,6,False,adaptive_disabled,0,0,0,21361,0,0,0.0,"{""0"": 12, ""1"": 8, ""2"": 4, ""3"": 2, ""4"": 2, ""5"": 2}",0.0007603329140692949,0.26625976944342256,0.02238160534761846,0.013988166814669967,0.2785724871791899,0.4421117438469082,0.07321385201066732,9.829225018620491e-05,True,alpha_beta_d6_b16,True,True,1,True
beam_negamax_d6_w12-8-4-2,beam_negamax,6,,12-8-4-2,fixed,seed0_middle_t27,0,tuning,middle,27,,2,2,critical,63→59,63,59,-569.0,0.16533049987629056,False,427,182,3250,2,2,2,1.0,6,6,6,False,adaptive_disabled,0,0,0,2823,0,0,0.0,"{""0"": 12, ""1"": 8, ""2"": 4, ""3"": 2, ""4"": 2, ""5"": 2}",7.250113412737846e-06,0.05498720589093864,0.006131756119430065,4.7791050747036934e-05,0.06358583993278444,0.08806812576949596,0.013421576237305999,0.000199916772544384,False,alpha_beta_d6_b16,False,False,1,True
beam_negamax_d6_w12-8-4-2,beam_negamax,6,,12-8-4-2,fixed,seed0_late_t49,0,tuning,late,49,,78,23,normal,11→58,11,58,-677.0,1.0001322079915553,True,3713,1577,29302,23,12,11,0.9166666666666666,6,6,6,False,adaptive_disabled,0,0,0,25585,0,0,0.0,"{""0"": 12, ""1"": 8, ""2"": 4, ""3"": 2, ""4"": 2, ""5"": 2}",1.537497155368328e-05,0.3279907866381109,0.026348792482167482,0.0002517921384423971,0.36061581526882946,0.5466035467106849,0.09255626308731735,8.941581472754478e-05,False,alpha_beta_d6_b16,False,False,5,True
beam_negamax_d6_w12-8-4-2,beam_negamax,6,,12-8-4-2,fixed,seed0_few_legal_t6,0,tuning,few_legal,6,,2,2,critical,35→32,35,32,-619.0,0.2984112920239568,False,978,512,6635,2,2,2,1.0,6,6,6,False,adaptive_disabled,0,0,0,5657,0,0,0.0,"{""0"": 12, ""1"": 8, ""2"": 4, ""3"": 2, ""4"": 2, ""5"": 2}",1.4417106285691261e-05,0.07076657610014081,0.009571206755936146,0.0001154160127043724,0.0849575325846672,0.19421230326406658,0.018883622251451015,0.00022800080478191376,False,alpha_beta_d6_b16,True,True,1,True
beam_negamax_d6_w12-8-4-2,beam_negamax,6,,12-8-4-2,fixed,seed0_early_pruning_t17,0,tuning,early_pruning,17,,44,26,normal,28→58,28,58,-575.5,1.0001598340459168,True,2750,1439,19185,26,12,5,0.4166666666666667,6,6,6,False,adaptive_disabled,0,0,0,16425,0,0,0.0,"{""0"": 12, ""1"": 8, ""2"": 4, ""3"": 2, ""4"": 2, ""5"": 2}",1.908303238451481e-05,0.19947722577489913,0.024776813108474016,0.0002814589533954859,0.22909678891301155,0.7136353978421539,0.057040896033868194,8.620927110314369e-05,True,alpha_beta_d6_b16,False,False,2,True
beam_negamax_d6_w12-8-4-2,beam_negamax,6,,12-8-4-2,fixed,seed1_early_t0,1,tuning,early,0,,5000,1678,normal,63→63,63,63,-159.0,0.8727315419819206,False,3489,1824,24536,1678,12,12,1.0,6,6,6,False,adaptive_disabled,0,0,0,21038,0,0,0.0,"{""0"": 12, ""1"": 8, ""2"": 4, ""3"": 2, ""4"": 2, ""5"": 2}",0.0010476659517735243,0.21558831934817135,0.019995453534647822,0.014691540971398354,0.22479061828926206,0.5834030688274652,0.04864777182228863,0.00015087611973285675,False,alpha_beta_d6_b16,False,False,1,True
beam_negamax_d6_w12-8-4-2,beam_negamax,6,,12-8-4-2,fixed,seed1_middle_t120,1,tuning,middle,120,,90,37,normal,9→20,9,20,1831.25,0.703901250148192,False,3764,1756,30642,37,12,12,1.0,6,6,6,False,adaptive_disabled,0,0,0,26427,0,0,0.0,"{""0"": 12, ""1"": 8, ""2"": 4, ""3"": 2, ""4"": 2, ""5"": 2}",3.583286888897419e-05,0.2569767190143466,0.02091841702349484,0.00044170813634991646,0.2815570046659559,0.36942018498666584,0.05238314438611269,6.337510421872139e-05,True,alpha_beta_d6_b16,True,False,1,True
beam_negamax_d6_w12-8-4-2,beam_negamax,6,,12-8-4-2,fixed,seed1_late_t236,1,tuning,late,236,,4,3,danger,35→63,35,63,-999996.0,0.10653925011865795,False,598,244,4836,3,3,3,1.0,6,6,6,False,adaptive_disabled,0,0,0,4135,0,0,0.0,"{""0"": 12, ""1"": 8, ""2"": 4, ""3"": 2, ""4"": 2, ""5"": 2}",1.237494871020317e-05,0.047141786431893706,0.004285413073375821,0.00010429113171994686,0.052130706841126084,0.044406914385035634,0.009801045758649707,8.391705341637135e-05,True,alpha_beta_d6_b16,True,True,1,True
beam_negamax_d6_w12-8-4-2,beam_negamax,6,,12-8-4-2,fixed,seed1_few_legal_t121,1,tuning,few_legal,121,,4,2,critical,20→2,20,2,-3326.733916083916,0.06515662488527596,False,347,154,2824,2,2,2,1.0,6,6,6,False,adaptive_disabled,0,0,0,2433,0,0,0.0,"{""0"": 12, ""1"": 8, ""2"": 4, ""3"": 2, ""4"": 2, ""5"": 2}",1.0624993592500687e-05,0.024843236431479454,0.002310792915523052,5.9666112065315247e-05,0.027498506475239992,0.032720011891797185,0.004709356697276235,0.00015845871530473232,True,alpha_beta_d6_b16,True,False,1,True
beam_negamax_d6_w12-8-4-2,beam_negamax,6,,12-8-4-2,fixed,seed1_early_pruning_t75,1,tuning,early_pruning,75,,66,29,normal,2→8,2,8,-79.0,1.0003690409939736,True,1993,971,15880,29,12,5,0.4166666666666667,6,6,6,False,adaptive_disabled,0,0,0,13730,0,0,0.0,"{""0"": 12, ""1"": 8, ""2"": 4, ""3"": 2, ""4"": 2, ""5"": 2}",1.454213634133339e-05,0.23217112245038152,0.03129334421828389,0.0002384160179644823,0.269127527019009,0.6626658230088651,0.06825110805220902,7.16247595846653e-05,True,alpha_beta_d6_b16,False,False,1,True
beam_negamax_d6_w12-8-6-4,beam_negamax,6,,12-8-6-4,fixed,seed0_early_t0,0,tuning,early,0,,5000,1686,normal,1→35,1,35,-589.0,1.0003369578626007,True,3743,2808,17959,1686,12,2,0.16666666666666666,6,6,6,False,adaptive_disabled,0,0,0,14202,0,0,0.0,"{""0"": 12, ""1"": 8, ""2"": 6, ""3"": 4, ""4"": 4, ""5"": 4}",0.0032361671328544617,0.17787170875817537,0.030708758858963847,0.025746083119884133,0.188640090636909,0.7111391583457589,0.0713708761613816,0.0002045824658125639,True,alpha_beta_d6_b16,True,False,1,True
beam_negamax_d6_w12-8-6-4,beam_negamax,6,,12-8-6-4,fixed,seed0_middle_t27,0,tuning,middle,27,,2,2,critical,63→59,63,59,-597.0,0.8953624169807881,False,3617,2518,16245,2,2,2,1.0,6,6,6,False,adaptive_disabled,0,0,0,12624,0,0,0.0,"{""0"": 12, ""1"": 8, ""2"": 6, ""3"": 4, ""4"": 4, ""5"": 4}",1.2083910405635834e-05,0.17262004711665213,0.029198947362601757,8.725002408027649e-05,0.20728800911456347,0.6190182021819055,0.06870641373097897,0.00025045801885426044,False,alpha_beta_d6_b16,False,False,1,True
beam_negamax_d6_w12-8-6-4,beam_negamax,6,,12-8-6-4,fixed,seed0_late_t49,0,tuning,late,49,,78,23,normal,11→58,11,58,-767.0,1.0003925419878215,True,1963,1252,8992,23,12,0,0.0,6,6,6,False,adaptive_disabled,0,0,0,7004,0,0,0.0,"{""0"": 12, ""1"": 8, ""2"": 6, ""3"": 4, ""4"": 4, ""5"": 4}",2.933293581008911e-05,0.18594719236716628,0.04193532932549715,0.00027312501333653927,0.23352687642909586,0.69221425591968,0.07426320062950253,8.575106039643288e-05,False,alpha_beta_d6_b16,False,False,5,True
beam_negamax_d6_w12-8-6-4,beam_negamax,6,,12-8-6-4,fixed,seed0_few_legal_t6,0,tuning,few_legal,6,,2,2,critical,35→32,35,32,-1346.0,1.0002354579046369,True,3859,2897,16426,2,2,0,0.0,6,6,6,False,adaptive_disabled,0,0,0,12557,0,0,0.0,"{""0"": 12, ""1"": 8, ""2"": 6, ""3"": 4, ""4"": 4, ""5"": 4}",8.542090654373169e-06,0.16309923585504293,0.030585781205445528,6.02921936661005e-05,0.19819671660661697,0.7294665854424238,0.07231328100897372,0.00019004056230187416,False,alpha_beta_d6_b16,True,False,1,True
beam_negamax_d6_w12-8-6-4,beam_negamax,6,,12-8-6-4,fixed,seed0_early_pruning_t17,0,tuning,early_pruning,17,,44,26,normal,28→65,28,65,-797.0,1.0001154579222202,True,2872,2148,12654,26,12,0,0.0,6,6,6,False,adaptive_disabled,0,0,0,9753,0,0,0.0,"{""0"": 12, ""1"": 8, ""2"": 6, ""3"": 4, ""4"": 4, ""5"": 4}",5.766586400568485e-05,0.14831770141609013,0.02217265870422125,0.00031895795837044716,0.17471426096744835,0.7603855973575264,0.06456714170053601,7.183407433331013e-05,False,alpha_beta_d6_b16,False,False,2,True
beam_negamax_d6_w12-8-6-4,beam_negamax,6,,12-8-6-4,fixed,seed1_early_t0,1,tuning,early,0,,5000,1678,normal,13→35,13,35,-140.0,1.000237125204876,True,1690,1268,8953,1678,12,0,0.0,6,6,6,False,adaptive_disabled,0,0,0,7245,0,0,0.0,"{""0"": 12, ""1"": 8, ""2"": 6, ""3"": 4, ""4"": 4, ""5"": 4}",0.0012014999520033598,0.20694133872166276,0.04663962381891906,0.04726445791311562,0.21156883658841252,0.682807947974652,0.05721234041266143,0.00018204236403107643,True,alpha_beta_d6_b16,True,False,1,True
beam_negamax_d6_w12-8-6-4,beam_negamax,6,,12-8-6-4,fixed,seed1_middle_t120,1,tuning,middle,120,,90,37,normal,9→20,9,20,-738.0,1.0002343750093132,True,3772,2673,18316,37,12,3,0.25,6,6,6,False,adaptive_disabled,0,0,0,14265,0,0,0.0,"{""0"": 12, ""1"": 8, ""2"": 6, ""3"": 4, ""4"": 4, ""5"": 4}",3.9874808862805367e-05,0.1877967317122966,0.024818337056785822,0.0007245000451803207,0.21642268518917263,0.7021347396075726,0.08083461737260222,7.79579859226942e-05,True,alpha_beta_d6_b16,True,False,1,True
beam_negamax_d6_w12-8-6-4,beam_negamax,6,,12-8-6-4,fixed,seed1_late_t236,1,tuning,late,236,,4,3,danger,35→63,35,63,-999996.0,1.000130166998133,True,3658,2534,16989,3,3,2,0.6666666666666666,6,6,6,False,adaptive_disabled,0,0,0,13021,0,0,0.0,"{""0"": 12, ""1"": 8, ""2"": 6, ""3"": 4, ""4"": 4, ""5"": 4}",1.1208932846784592e-05,0.20373849384486675,0.026559283025562763,8.47082119435072e-05,0.23652771185152233,0.6707990425638855,0.09263037075288594,7.712468504905701e-05,True,alpha_beta_d6_b16,True,True,1,True
beam_negamax_d6_w12-8-6-4,beam_negamax,6,,12-8-6-4,fixed,seed1_few_legal_t121,1,tuning,few_legal,121,,4,2,critical,20→2,20,2,-738.0,0.9269764579366893,False,2539,1788,11955,2,2,2,1.0,6,6,6,False,adaptive_disabled,0,0,0,9232,0,0,0.0,"{""0"": 12, ""1"": 8, ""2"": 6, ""3"": 4, ""4"": 4, ""5"": 4}",7.459195330739021e-06,0.1684912086930126,0.03349316795356572,5.1416922360658646e-05,0.2073971894569695,0.6499441517516971,0.06939032580703497,0.0001859148032963276,True,alpha_beta_d6_b16,True,False,1,True
beam_negamax_d6_w12-8-6-4,beam_negamax,6,,12-8-6-4,fixed,seed1_early_pruning_t75,1,tuning,early_pruning,75,,66,29,normal,2→63,2,63,-999996.0,1.0021627501118928,True,3172,2280,14986,29,12,1,0.08333333333333333,6,6,6,False,adaptive_disabled,0,0,0,11628,0,0,0.0,"{""0"": 12, ""1"": 8, ""2"": 6, ""3"": 4, ""4"": 4, ""5"": 4}",1.7666956409811974e-05,0.15816423925571144,0.026327374391257763,0.0007517500780522823,0.1880346331745386,0.7487598657608032,0.06453854311257601,6.029102951288223e-05,False,alpha_beta_d6_b16,True,True,1,True
beam_negamax_d6_w16-12-8-4,beam_negamax,6,,16-12-8-4,fixed,seed0_early_t0,0,tuning,early,0,,5000,1686,normal,1→35,1,35,-589.0,1.0012015830725431,True,2850,2139,14004,1686,16,1,0.0625,6,6,6,False,adaptive_disabled,0,0,0,11134,0,0,0.0,"{""0"": 16, ""1"": 12, ""2"": 8, ""3"": 4, ""4"": 4, ""5"": 4}",0.0005901248659938574,0.17820120928809047,0.022295057773590088,0.03236324992030859,0.17298858403228223,0.711777557618916,0.0833294834010303,0.00015258323401212692,True,alpha_beta_d6_b16,True,False,1,True
beam_negamax_d6_w16-12-8-4,beam_negamax,6,,16-12-8-4,fixed,seed0_middle_t27,0,tuning,middle,27,,2,2,critical,63→63,63,63,-786.5,1.000180915929377,True,3510,2427,15667,2,2,1,0.5,6,6,6,False,adaptive_disabled,0,0,0,12135,0,0,0.0,"{""0"": 16, ""1"": 12, ""2"": 8, ""3"": 4, ""4"": 4, ""5"": 4}",1.5582889318466187e-05,0.20031829690560699,0.02802403038367629,0.00018808292225003242,0.23494682204909623,0.6903113962616771,0.07464148988947272,7.754191756248474e-05,True,alpha_beta_d6_b16,True,False,1,True
beam_negamax_d6_w16-12-8-4,beam_negamax,6,,16-12-8-4,fixed,seed0_late_t49,0,tuning,late,49,,78,23,normal,11→58,11,58,-767.0,1.0000784590374678,True,2584,1645,11838,23,16,0,0.0,6,6,6,False,adaptive_disabled,0,0,0,9218,0,0,0.0,"{""0"": 16, ""1"": 12, ""2"": 8, ""3"": 4, ""4"": 4, ""5"": 4}",1.6250181943178177e-05,0.1662442935630679,0.022178624756634235,0.00023020803928375244,0.19230642984621227,0.728239614982158,0.07924045505933464,4.550092853605747e-05,False,alpha_beta_d6_b16,False,False,5,True
beam_negamax_d6_w16-12-8-4,beam_negamax,6,,16-12-8-4,fixed,seed0_few_legal_t6,0,tuning,few_legal,6,,2,2,critical,35→32,35,32,-1346.0,1.0003409998025745,True,3032,2277,12840,2,2,0,0.0,6,6,6,False,adaptive_disabled,0,0,0,9793,0,0,0.0,"{""0"": 16, ""1"": 12, ""2"": 8, ""3"": 4, ""4"": 4, ""5"": 4}",9.458977729082108e-06,0.17113279714249074,0.028401036048308015,7.866602391004562e-05,0.20685387635603547,0.7157968415413052,0.07737798988819122,0.00022416701540350914,False,alpha_beta_d6_b16,True,False,1,True
beam_negamax_d6_w16-12-8-4,beam_negamax,6,,16-12-8-4,fixed,seed0_early_pruning_t17,0,tuning,early_pruning,17,,44,26,normal,28→65,28,65,-797.0,1.0001425419468433,True,3363,2518,14804,26,16,0,0.0,6,6,6,False,adaptive_disabled,0,0,0,11404,0,0,0.0,"{""0"": 16, ""1"": 12, ""2"": 8, ""3"": 4, ""4"": 4, ""5"": 4}",2.0249979570508003e-05,0.13997870963066816,0.01953303162008524,0.00028666690923273563,0.1630800769198686,0.7775685933884233,0.05911182961426675,7.512513548135757e-05,False,alpha_beta_d6_b16,False,False,2,True
beam_negamax_d6_w16-12-8-4,beam_negamax,6,,16-12-8-4,fixed,seed1_early_t0,1,tuning,early,0,,5000,1678,normal,13→35,13,35,-209.0,1.000135791953653,True,4373,3284,20597,1678,16,1,0.0625,6,6,6,False,adaptive_disabled,0,0,0,16197,0,0,0.0,"{""0"": 16, ""1"": 12, ""2"": 8, ""3"": 4, ""4"": 4, ""5"": 4}",0.0012326249852776527,0.18211520789191127,0.021207365207374096,0.019813040969893336,0.18759631924331188,0.7253763512708247,0.06600687047466636,0.00011058500967919827,True,alpha_beta_d6_b16,True,False,1,True
beam_negamax_d6_w16-12-8-4,beam_negamax,6,,16-12-8-4,fixed,seed1_middle_t120,1,tuning,middle,120,,90,37,normal,9→20,9,20,-338.5,1.000096125062555,True,4583,3247,22034,37,16,3,0.1875,6,6,6,False,adaptive_disabled,0,0,0,17101,0,0,0.0,"{""0"": 16, ""1"": 12, ""2"": 8, ""3"": 4, ""4"": 4, ""5"": 4}",4.2250147089362144e-05,0.18948884843848646,0.022213000571355224,0.000644792104139924,0.21493873582221568,0.7165484356228262,0.0678577865473926,6.412481889128685e-05,True,alpha_beta_d6_b16,True,False,1,True
beam_negamax_d6_w16-12-8-4,beam_negamax,6,,16-12-8-4,fixed,seed1_late_t236,1,tuning,late,236,,4,3,danger,35→63,35,63,-999996.0,1.000272042118013,True,4333,3018,19983,3,3,1,0.3333333333333333,6,6,6,False,adaptive_disabled,0,0,0,15300,0,0,0.0,"{""0"": 16, ""1"": 12, ""2"": 8, ""3"": 4, ""4"": 4, ""5"": 4}",1.9875122234225273e-05,0.2186921660322696,0.0286139699164778,0.0001286671031266451,0.2521959529258311,0.678480894304812,0.06933386181481183,0.00011279084719717503,True,alpha_beta_d6_b16,True,True,1,True
beam_negamax_d6_w16-12-8-4,beam_negamax,6,,16-12-8-4,fixed,seed1_few_legal_t121,1,tuning,few_legal,121,,4,2,critical,20→2,20,2,-1296.0,1.000254665967077,True,4220,2976,19961,2,2,0,0.0,6,6,6,False,adaptive_disabled,0,0,0,15425,0,0,0.0,"{""0"": 16, ""1"": 12, ""2"": 8, ""3"": 4, ""4"": 4, ""5"": 4}",6.375135853886604e-06,0.18103175703436136,0.030379139119759202,4.6083005145192146e-05,0.2165877870284021,0.7124832372646779,0.0709294758271426,0.00020170770585536957,True,alpha_beta_d6_b16,True,True,1,True
beam_negamax_d6_w16-12-8-4,beam_negamax,6,,16-12-8-4,fixed,seed1_early_pruning_t75,1,tuning,early_pruning,75,,66,29,normal,2→63,2,63,-999996.0,1.001509458059445,True,1679,1202,8123,29,16,1,0.0625,6,6,6,False,adaptive_disabled,0,0,0,6326,0,0,0.0,"{""0"": 16, ""1"": 12, ""2"": 8, ""3"": 4, ""4"": 4, ""5"": 4}",3.924989141523838e-05,0.19903008569963276,0.03212391515262425,0.0005496249068528414,0.23781649442389607,0.7037378195673227,0.059248227858915925,0.00011804141104221344,False,alpha_beta_d6_b16,True,True,1,True
