config_id,agent,depth,branch_limit,beam_widths,profile,position_id,seed,split,category,turn,sequence_index,remaining_word_count,legal_edge_count,risk_level,selected_edge,start_id,end_id,score,elapsed_time_sec,timed_out,nodes_searched,leaf_evaluations,ordering_evaluations,root_candidate_count,completed_root_moves,root_completion_rate,effective_depth,depth_before,depth_after,depth_changed,depth_change_reason,recovery_streak,cutoff_count,pruned_move_count,beam_pruned_move_count,null_window_searches,research_count,research_rate,beam_widths_used,legal_move_generation_time_sec,candidate_evaluation_time_sec,candidate_sort_time_sec,root_ordering_time_sec,recursive_ordering_time_sec,leaf_evaluation_time_sec,recursive_other_time_sec,other_time_sec,baseline_move_agreement,alpha_beta_reference_config,alpha_beta_move_agreement,alpha_beta_score_agreement,alpha_beta_reference_rank,alpha_beta_reference_retained_at_root
alpha_beta_d5_b8,alpha_beta,5,8,,fixed,seed0_early_t0,0,tuning,early,0,,5000,1686,normal,1→35,1,35,597.0,0.15026274998672307,True,499,384,3672,1686,3,0.0017793594306049821,5,5,5,False,adaptive_disabled,0,57,3158,0,0,0,0.0,{},0.003301209071651101,0.03892720956355333,0.00513878813944757,0.020722082816064358,0.023839872097596526,0.09297766699455678,0.009189960779622197,0.00023195822723209858,True,alpha_beta_d5_b8,True,True,,
alpha_beta_d5_b8,alpha_beta,5,8,,fixed,seed0_middle_t27,0,tuning,middle,27,,2,2,critical,63→63,63,63,827.0,0.1284992501605302,False,191,124,970,2,2,1.0,5,5,5,False,adaptive_disabled,0,27,779,0,0,0,0.0,{},1.100008375942707e-05,0.011015041265636683,0.0030253296718001366,0.00011245906352996826,0.014138211961835623,0.1073671670164913,0.006741245975717902,0.00012916605919599533,True,alpha_beta_d5_b8,True,True,,
alpha_beta_d5_b8,alpha_beta,5,8,,fixed,seed0_late_t49,0,tuning,late,49,,78,23,normal,11→28,11,28,999995.0,0.13565358403138816,False,462,205,3810,23,8,0.34782608695652173,5,5,5,False,adaptive_disabled,0,121,3348,0,0,0,0.0,{},1.7875107005238533e-05,0.0639893370680511,0.005839037010446191,0.0002268750686198473,0.07049683202058077,0.0558070030529052,0.009044080972671509,6.091780960559845e-05,True,alpha_beta_d5_b8,True,True,,
alpha_beta_d5_b8,alpha_beta,5,8,,fixed,seed1_early_t0,1,tuning,early,0,,5000,1678,normal,13→35,13,35,758.5,0.15011433302424848,True,504,370,4199,1678,3,0.0017878426698450535,5,5,5,False,adaptive_disabled,0,75,3645,0,0,0,0.0,{},0.0008052908815443516,0.03656288073398173,0.003144404385238886,0.01701299985870719,0.02307254378683865,0.1017250376753509,0.007387876510620117,0.0001105843111872673,True,alpha_beta_d5_b8,True,True,,
alpha_beta_d5_b8,alpha_beta,5,8,,fixed,seed1_middle_t120,1,tuning,middle,120,,90,37,normal,9→20,9,20,667.0,0.15010133385658264,True,437,301,2494,37,2,0.05405405405405406,5,5,5,False,adaptive_disabled,0,83,2015,0,0,0,0.0,{},2.308306284248829e-05,0.031061339657753706,0.006495294161140919,0.00036225002259016037,0.03770375344902277,0.1024961315561086,0.009457864798605442,5.825096741318703e-05,True,alpha_beta_d5_b8,True,True,,
alpha_beta_d5_b8,alpha_beta,5,8,,fixed,seed1_late_t236,1,tuning,late,236,,4,3,danger,35→63,35,63,-999996.0,0.007235375000163913,False,23,6,224,3,3,1.0,5,5,5,False,adaptive_disabled,0,10,194,0,0,0,0.0,{},9.750016033649445e-06,0.004966208012774587,0.001078917644917965,0.0019199170637875795,0.004177875351160765,0.000587749294936657,0.00042045931331813335,0.00011962396092712879,True,alpha_beta_d5_b8,True,True,,
alpha_beta_d5_b12,alpha_beta,5,12,,fixed,seed0_early_t0,0,tuning,early,0,,5000,1686,normal,1→35,1,35,597.0,0.1502416250295937,True,463,372,3290,1686,2,0.0011862396204033216,5,5,5,False,adaptive_disabled,0,46,2795,0,0,0,0.0,{},0.0005197499413043261,0.0302547465544194,0.0030089961364865303,0.016192707931622863,0.017445751698687673,0.10671845637261868,0.00915258377790451,0.0002123753074556589,True,alpha_beta_d5_b12,True,True,,
alpha_beta_d5_b12,alpha_beta,5,12,,fixed,seed0_middle_t27,0,tuning,middle,27,,2,2,critical,63→63,63,63,827.0,0.09890862507745624,False,367,264,1501,2,2,1.0,5,5,5,False,adaptive_disabled,0,40,1129,0,0,0,0.0,{},1.100008375942707e-05,0.011261497857049108,0.002099246485158801,8.320785127580166e-05,0.01353958947584033,0.07481499970890582,0.0103869519662112,7.28759914636612e-05,True,alpha_beta_d5_b12,True,True,,
alpha_beta_d5_b12,alpha_beta,5,12,,fixed,seed0_late_t49,0,tuning,late,49,,78,23,normal,11→58,11,58,797.0,0.15011204103939235,True,633,286,5516,23,2,0.08695652173913043,5,5,5,False,adaptive_disabled,0,173,4835,0,0,0,0.0,{},1.3625016435980797e-05,0.057240713154897094,0.00651020766235888,0.00019112508744001389,0.06481625000014901,0.072360870661214,0.012672254350036383,5.791592411696911e-05,False,alpha_beta_d5_b12,True,True,,
alpha_beta_d5_b12,alpha_beta,5,12,,fixed,seed1_early_t0,1,tuning,early,0,,5000,1678,normal,13→35,13,35,758.5,0.15008512511849403,True,491,385,3649,1678,3,0.0017878426698450535,5,5,5,False,adaptive_disabled,0,55,3098,0,0,0,0.0,{},0.0004630829207599163,0.03747329022735357,0.0034541678614914417,0.01972766686230898,0.021556414430961013,0.10022462951019406,0.008029330987483263,8.400040678679943e-05,True,alpha_beta_d5_b12,True,True,,
alpha_beta_d5_b12,alpha_beta,5,12,,fixed,seed1_middle_t120,1,tuning,middle,120,,90,37,normal,9→20,9,20,667.0,0.15196662512607872,True,572,451,2411,37,2,0.05405405405405406,5,5,5,False,adaptive_disabled,0,72,1780,0,0,0,0.0,{},1.733400858938694e-05,0.029523124685510993,0.004224751377478242,0.0003164170775562525,0.03387945448048413,0.10687000607140362,0.010817373637109995,6.603985093533993e-05,True,alpha_beta_d5_b12,True,True,,
alpha_beta_d5_b12,alpha_beta,5,12,,fixed,seed1_late_t236,1,tuning,late,236,,4,3,danger,35→63,35,63,-999996.0,0.003483166918158531,False,31,10,291,3,3,1.0,5,5,5,False,adaptive_disabled,0,14,253,0,0,0,0.0,{},8.458038792014122e-06,0.002439955249428749,0.0002583323512226343,5.8957841247320175e-05,0.002672291826456785,0.000365999061614275,0.00030733412131667137,7.012602873146534e-05,True,alpha_beta_d5_b12,True,True,,
alpha_beta_d5_b16,alpha_beta,5,16,,fixed,seed0_early_t0,0,tuning,early,0,,5000,1686,normal,1→35,1,35,597.0,0.15008000005036592,True,499,414,3182,1686,2,0.0011862396204033216,5,5,5,False,adaptive_disabled,0,43,2648,0,0,0,0.0,{},0.0007210830226540565,0.03366420581005514,0.0037121218629181385,0.022761625004932284,0.014969665557146072,0.10280903452076018,0.008746925042942166,7.166690193116665e-05,True,alpha_beta_d5_b16,True,True,,
alpha_beta_d5_b16,alpha_beta,5,16,,fixed,seed0_middle_t27,0,tuning,middle,27,,2,2,critical,63→63,63,63,827.0,0.12148566707037389,False,463,336,1927,2,2,1.0,5,5,5,False,adaptive_disabled,0,50,1444,0,0,0,0.0,{},1.095794141292572e-05,0.0176260054577142,0.003067831974476576,9.099999442696571e-05,0.020889704348519444,0.09268132876604795,0.007754758931696415,5.791708827018738e-05,True,alpha_beta_d5_b16,True,True,,
alpha_beta_d5_b16,alpha_beta,5,16,,fixed,seed0_late_t49,0,tuning,late,49,,78,23,normal,11→58,11,58,-767.0,0.15006500016897917,True,699,309,6369,23,0,0.0,5,5,5,False,adaptive_disabled,0,195,5610,0,0,0,0.0,{},1.0832911357283592e-05,0.05743180634453893,0.0070047457702457905,0.00018149986863136292,0.06477788463234901,0.0732906588818878,0.01176945655606687,3.466731868684292e-05,False,alpha_beta_d5_b16,True,True,,
alpha_beta_d5_b16,alpha_beta,5,16,,fixed,seed1_early_t0,1,tuning,early,0,,5000,1678,normal,13→35,13,35,758.5,0.1501230418216437,True,449,362,3352,1678,3,0.0017878426698450535,5,5,5,False,adaptive_disabled,0,45,2828,0,0,0,0.0,{},0.0009655409958213568,0.02914933837018907,0.00288658426143229,0.012605583062395453,0.019732496235519648,0.10883079166524112,0.00788454501889646,0.00010408484376966953,True,alpha_beta_d5_b16,True,True,,
alpha_beta_d5_b16,alpha_beta,5,16,,fixed,seed1_middle_t120,1,tuning,middle,120,,90,37,normal,9→20,9,20,-58.5,0.1500870417803526,True,572,470,2236,37,0,0.0,5,5,5,False,adaptive_disabled,0,66,1607,0,0,0,0.0,{},1.7707934603095055e-05,0.019666128093376756,0.0032117145601660013,0.0002887500450015068,0.022967079421505332,0.11766893602907658,0.00909573445096612,4.8833899199962616e-05,True,alpha_beta_d5_b16,True,True,,
alpha_beta_d5_b16,alpha_beta,5,16,,fixed,seed1_late_t236,1,tuning,late,236,,4,3,danger,35→63,35,63,-999996.0,0.006057375110685825,False,39,14,382,3,3,1.0,5,5,5,False,adaptive_disabled,0,18,336,0,0,0,0.0,{},1.1041993275284767e-05,0.003922253148630261,0.00048399646766483784,9.583402425050735e-05,0.004369833972305059,0.0008422078099101782,0.00062383315525949,0.0001146241556853056,True,alpha_beta_d5_b16,True,True,,
alpha_beta_d6_b8,alpha_beta,6,8,,fixed,seed0_early_t0,0,tuning,early,0,,5000,1686,normal,1→35,1,35,-90.0,0.15135308308526874,True,593,437,4615,1686,0,0.0,6,6,6,False,adaptive_disabled,0,96,3993,0,0,0,0.0,{},0.0003692079335451126,0.037793530616909266,0.004273794358596206,0.011843708110973239,0.030753545463085175,0.09681413811631501,0.01030998327769339,0.0012625001836568117,True,alpha_beta_d6_b8,True,True,,
alpha_beta_d6_b8,alpha_beta,6,8,,fixed,seed0_middle_t27,0,tuning,middle,27,,2,2,critical,63→63,63,63,-797.0,0.15008845808915794,True,782,506,4708,2,1,0.5,6,6,6,False,adaptive_disabled,0,169,3906,0,0,0,0.0,{},6.5409112721681595e-06,0.039815500378608704,0.005314836045727134,7.095886394381523e-05,0.04566903715021908,0.09096258296631277,0.013317670673131943,6.166752427816391e-05,True,alpha_beta_d6_b8,True,True,,
alpha_beta_d6_b8,alpha_beta,6,8,,fixed,seed0_late_t49,0,tuning,late,49,,78,23,normal,11→58,11,58,-767.0,0.15011279098689556,True,714,335,5165,23,0,0.0,6,6,6,False,adaptive_disabled,0,175,4430,0,0,0,0.0,{},1.295912079513073e-05,0.04790715943090618,0.006470737745985389,0.0003853337839245796,0.0545482924208045,0.08313841163180768,0.011955336900427938,7.245712913572788e-05,False,alpha_beta_d6_b8,True,True,,
alpha_beta_d6_b8,alpha_beta,6,8,,fixed,seed1_early_t0,1,tuning,early,0,,5000,1678,normal,13→35,13,35,-140.0,0.150090416893363,True,458,327,4085,1678,0,0.0,6,6,6,False,adaptive_disabled,0,81,3560,0,0,0,0.0,{},0.0009285830892622471,0.047151959501206875,0.0033324556425213814,0.02698491606861353,0.023889168864116073,0.0899941143579781,0.008214007830247283,7.962668314576149e-05,True,alpha_beta_d6_b8,True,True,,
alpha_beta_d6_b8,alpha_beta,6,8,,fixed,seed1_middle_t120,1,tuning,middle,120,,90,37,normal,9→20,9,20,-58.5,0.15159541694447398,True,621,445,3347,37,0,0.0,6,6,6,False,adaptive_disabled,0,115,2687,0,0,0,0.0,{},1.9124941900372505e-05,0.02810832718387246,0.0043421252630651,0.0004034170415252447,0.03251521568745375,0.10594159364700317,0.011876606615260243,0.0008394590113312006,True,alpha_beta_d6_b8,True,True,,
alpha_beta_d6_b8,alpha_beta,6,8,,fixed,seed1_late_t236,1,tuning,late,236,,4,3,danger,35→63,35,63,-999996.0,0.008912708144634962,False,47,24,273,3,3,1.0,6,6,6,False,adaptive_disabled,0,10,216,0,0,0,0.0,{},7.750000804662704e-06,0.0016395447310060263,0.0002552974037826061,5.508400499820709e-05,0.001890335464850068,0.003947209566831589,0.002919454826042056,9.287428110837936e-05,True,alpha_beta_d6_b8,True,True,,
alpha_beta_d6_b12,alpha_beta,6,12,,fixed,seed0_early_t0,0,tuning,early,0,,5000,1686,normal,1→35,1,35,-90.0,0.15024558291770518,True,251,202,2626,1686,0,0.0,6,6,6,False,adaptive_disabled,0,26,2333,0,0,0,0.0,{},0.0005744169466197491,0.037797500379383564,0.004221250768750906,0.018305208068341017,0.023957754485309124,0.09317629551514983,0.014079617103561759,0.00015229079872369766,True,alpha_beta_d6_b12,True,True,,
alpha_beta_d6_b12,alpha_beta,6,12,,fixed,seed0_middle_t27,0,tuning,middle,27,,2,2,critical,63→63,63,63,-797.0,0.15019137505441904,True,585,284,5175,2,1,0.5,6,6,6,False,adaptive_disabled,0,174,4528,0,0,0,0.0,{},7.166992872953415e-06,0.05487558641470969,0.006673952331766486,8.029211312532425e-05,0.06211820407770574,0.07615366159006953,0.011744301300495863,8.774898014962673e-05,True,alpha_beta_d6_b12,True,True,,
alpha_beta_d6_b12,alpha_beta,6,12,,fixed,seed0_late_t49,0,tuning,late,49,,78,23,normal,11→58,11,58,-767.0,0.15034883306361735,True,510,236,4120,23,0,0.0,6,6,6,False,adaptive_disabled,0,138,3554,0,0,0,0.0,{},1.8208986148238182e-05,0.04342391318641603,0.0052486753556877375,0.00024304096587002277,0.04892700235359371,0.08548416336998343,0.015616209246218204,6.0208141803741455e-05,False,alpha_beta_d6_b12,True,True,,
alpha_beta_d6_b12,alpha_beta,6,12,,fixed,seed1_early_t0,1,tuning,early,0,,5000,1678,normal,13→35,13,35,-140.0,0.15124608296900988,True,473,343,4192,1678,0,0.0,6,6,6,False,adaptive_disabled,0,85,3643,0,0,0,0.0,{},0.0017291249241679907,0.04204834462143481,0.003914710599929094,0.019296082900837064,0.027066127862781286,0.09428667463362217,0.0076468223705887794,0.0012212502770125866,True,alpha_beta_d6_b12,True,True,,
alpha_beta_d6_b12,alpha_beta,6,12,,fixed,seed1_middle_t120,1,tuning,middle,120,,90,37,normal,9→20,9,20,-58.5,0.15016933297738433,True,663,493,3529,37,0,0.0,6,6,6,False,adaptive_disabled,0,123,2807,0,0,0,0.0,{},2.4667009711265564e-05,0.0293170518707484,0.004597753752022982,0.0002794999163597822,0.034113287925720215,0.10624105506576598,0.009458865039050579,5.195802077651024e-05,True,alpha_beta_d6_b12,True,True,,
alpha_beta_d6_b12,alpha_beta,6,12,,fixed,seed1_late_t236,1,tuning,late,236,,4,3,danger,35→63,35,63,-999996.0,0.011468249838799238,False,66,35,344,3,3,1.0,6,6,6,False,adaptive_disabled,0,14,263,0,0,0,0.0,{},6.125075742602348e-06,0.0021530864760279655,0.0003796301316469908,5.004182457923889e-05,0.002537206979468465,0.00788725120946765,0.0009081668686121702,7.945788092911243e-05,True,alpha_beta_d6_b12,True,True,,
alpha_beta_d6_b16,alpha_beta,6,16,,fixed,seed0_early_t0,0,tuning,early,0,,5000,1686,normal,1→35,1,35,-90.0,0.15009991684928536,True,492,382,3997,1686,0,0.0,6,6,6,False,adaptive_disabled,0,76,3443,0,0,0,0.0,{},0.0004616249352693558,0.031042040791362524,0.004600087646394968,0.013253791956230998,0.022776669589802623,0.1046574127394706,0.00887533463537693,7.508299313485622e-05,True,alpha_beta_d6_b16,True,True,,
alpha_beta_d6_b16,alpha_beta,6,16,,fixed,seed0_middle_t27,0,tuning,middle,27,,2,2,critical,63→63,63,63,-797.0,0.15031220787204802,True,691,309,6715,2,1,0.5,6,6,6,False,adaptive_disabled,0,214,5952,0,0,0,0.0,{},6.832880899310112e-06,0.05573788261972368,0.01215529371984303,4.9541937187314034e-05,0.06845820276066661,0.07057178486138582,0.010948345297947526,0.00027750013396143913,True,alpha_beta_d6_b16,True,True,,
alpha_beta_d6_b16,alpha_beta,6,16,,fixed,seed0_late_t49,0,tuning,late,49,,78,23,normal,11→58,11,58,-767.0,0.1502147908322513,True,674,310,5696,23,0,0.0,6,6,6,False,adaptive_disabled,0,184,4944,0,0,0,0.0,{},3.066612407565117e-05,0.05012420448474586,0.007086301688104868,0.000372166046872735,0.057421748992055655,0.08133278810419142,0.01097712991759181,8.029164746403694e-05,False,alpha_beta_d6_b16,True,True,,
alpha_beta_d6_b16,alpha_beta,6,16,,fixed,seed1_early_t0,1,tuning,early,0,,5000,1678,normal,13→35,13,35,-140.0,0.15020229201763868,True,456,342,3905,1678,0,0.0,6,6,6,False,adaptive_disabled,0,75,3368,0,0,0,0.0,{},0.0007765418849885464,0.04173329332843423,0.00409587100148201,0.02159624989144504,0.024654130917042494,0.0936237049754709,0.009386747144162655,0.000164917204529047,True,alpha_beta_d6_b16,True,True,,
alpha_beta_d6_b16,alpha_beta,6,16,,fixed,seed1_middle_t120,1,tuning,middle,120,,90,37,normal,9→20,9,20,-58.5,0.15017129201442003,True,681,526,3519,37,0,0.0,6,6,6,False,adaptive_disabled,0,108,2749,0,0,0,0.0,{},1.9875122234225273e-05,0.028836052864789963,0.004096754128113389,0.0002685829531401396,0.03309674747288227,0.1075996276922524,0.009111082646995783,7.537612691521645e-05,True,alpha_beta_d6_b16,True,True,,
alpha_beta_d6_b16,alpha_beta,6,16,,fixed,seed1_late_t236,1,tuning,late,236,,4,3,danger,35→63,35,63,-999996.0,0.01910341694019735,False,91,52,448,3,3,1.0,6,6,6,False,adaptive_disabled,0,18,338,0,0,0,0.0,{},9.415904060006142e-06,0.0040021250024437904,0.0010114172473549843,6.762496195733547e-05,0.005076666362583637,0.010780794778838754,0.0031012468971312046,6.766803562641144e-05,True,alpha_beta_d6_b16,True,True,,
pvs_d5_b8,pvs,5,8,,fixed,seed0_early_t0,0,tuning,early,0,,5000,1686,normal,1→35,1,35,597.0,0.15030491584911942,True,455,331,3810,1686,4,0.002372479240806643,5,5,5,False,adaptive_disabled,0,85,3335,0,329,1,0.00303951367781155,{},0.0004059160128235817,0.03325212397612631,0.003648752812296152,0.012980625033378601,0.027048046234995127,0.09754974744282663,0.01214928925037384,0.0001712918747216463,True,alpha_beta_d5_b8,True,True,,
pvs_d5_b8,pvs,5,8,,fixed,seed0_middle_t27,0,tuning,middle,27,,2,2,critical,63→63,63,63,827.0,0.03762962482869625,False,189,121,995,2,2,1.0,5,5,5,False,adaptive_disabled,0,33,810,0,133,4,0.03007518796992481,{},5.791895091533661e-06,0.0071702932473272085,0.0010115779004991055,4.641595296561718e-05,0.008276078850030899,0.02640733984299004,0.002830123296007514,6.387499161064625e-05,True,alpha_beta_d5_b8,True,True,,
pvs_d5_b8,pvs,5,8,,fixed,seed0_late_t49,0,tuning,late,49,,78,23,normal,11→28,11,28,999995.0,0.1267009589355439,False,596,252,4850,23,8,0.34782608695652173,5,5,5,False,adaptive_disabled,0,165,4261,0,377,7,0.01856763925729443,{},9.375158697366714e-06,0.04829887393862009,0.00544496183283627,0.00016479101032018661,0.0541568249464035,0.06210804381407797,0.010208548279479146,5.337572656571865e-05,True,alpha_beta_d5_b8,True,True,,
pvs_d5_b8,pvs,5,8,,fixed,seed1_early_t0,1,tuning,early,0,,5000,1678,normal,13→35,13,35,758.5,0.15013504191301763,True,370,254,3661,1678,3,0.0017878426698450535,5,5,5,False,adaptive_disabled,0,78,3246,0,253,1,0.003952569169960474,{},0.0009537499863654375,0.04224116471596062,0.00424979324452579,0.02250375016592443,0.024474915117025375,0.09471783274784684,0.007387751946225762,9.704194962978363e-05,True,alpha_beta_d5_b8,True,True,,
pvs_d5_b8,pvs,5,8,,fixed,seed1_middle_t120,1,tuning,middle,120,,90,37,normal,9→20,9,20,667.0,0.15010674996301532,True,605,408,3794,37,2,0.05405405405405406,5,5,5,False,adaptive_disabled,0,140,3154,0,391,19,0.04859335038363171,{},3.220816142857075e-05,0.037169333547353745,0.004337961319833994,0.0014438340440392494,0.040634579956531525,0.09841504227370024,0.009500836720690131,8.024880662560463e-05,True,alpha_beta_d5_b8,True,True,,
pvs_d5_b8,pvs,5,8,,fixed,seed1_late_t236,1,tuning,late,236,,4,3,danger,35→63,35,63,-999996.0,0.0029629580676555634,False,23,6,224,3,3,1.0,5,5,5,False,adaptive_disabled,0,10,194,0,10,0,0.0,{},1.100008375942707e-05,0.0015171661507338285,0.00016558216884732246,7.537496276199818e-05,0.001659543253481388,0.0003018737770617008,0.0008421251550316811,7.304083555936813e-05,True,alpha_beta_d5_b8,True,True,,
pvs_d5_b12,pvs,5,12,,fixed,seed0_early_t0,0,tuning,early,0,,5000,1686,normal,1→35,1,35,597.0,0.15031499997712672,True,489,378,3599,1686,3,0.0017793594306049821,5,5,5,False,adaptive_disabled,0,76,3075,0,376,1,0.0026595744680851063,{},0.0006374579388648272,0.03438883530907333,0.00401162588968873,0.018188042100518942,0.02057362743653357,0.09849191480316222,0.012235915753990412,0.00018804194405674934,True,alpha_beta_d5_b12,True,True,,
pvs_d5_b12,pvs,5,12,,fixed,seed0_middle_t27,0,tuning,middle,27,,2,2,critical,63→63,63,63,827.0,0.09601170918904245,False,339,235,1526,2,2,1.0,5,5,5,False,adaptive_disabled,0,51,1186,0,258,4,0.015503875968992248,{},2.3124972358345985e-05,0.016562375705689192,0.0022142939269542694,7.937499321997166e-05,0.018960542744025588,0.07015807623974979,0.006713963812217116,7.662642747163773e-05,True,alpha_beta_d5_b12,True,True,,
pvs_d5_b12,pvs,5,12,,fixed,seed0_late_t49,0,tuning,late,49,,78,23,normal,11→58,11,58,-767.0,0.15012091700918972,True,546,259,4321,23,0,0.0,5,5,5,False,adaptive_disabled,0,145,3747,0,367,4,0.010899182561307902,{},1.579197123646736e-05,0.03682749974541366,0.0048950782511383295,0.0002495420631021261,0.04218337754718959,0.09617408504709601,0.011451537255197763,4.658312536776066e-05,False,alpha_beta_d5_b12,True,False,,
pvs_d5_b12,pvs,5,12,,fixed,seed1_early_t0,1,tuning,early,0,,5000,1678,normal,13→35,13,35,758.5,0.15008304198272526,True,485,338,4359,1678,4,0.0023837902264600714,5,5,5,False,adaptive_disabled,0,95,3801,0,336,1,0.002976190476190476,{},0.0005304580554366112,0.03754642233252525,0.003812120296061039,0.014870709041133523,0.0268723308108747,0.09993703197687864,0.007807012181729078,6.54999166727066e-05,True,alpha_beta_d5_b12,True,True,,
pvs_d5_b12,pvs,5,12,,fixed,seed1_middle_t120,1,tuning,middle,120,,90,37,normal,9→20,9,20,-58.5,0.15006058290600777,True,565,429,2939,37,0,0.0,5,5,5,False,adaptive_disabled,0,105,2357,0,414,15,0.036231884057971016,{},5.295802839100361e-05,0.028361418982967734,0.003799870377406478,0.0006633331067860126,0.031887463526800275,0.10724819800816476,0.010149505455046892,5.912478081882e-05,True,alpha_beta_d5_b12,True,False,,
pvs_d5_b12,pvs,5,12,,fixed,seed1_late_t236,1,tuning,late,236,,4,3,danger,35→63,35,63,-999996.0,0.005896084010601044,False,31,10,291,3,3,1.0,5,5,5,False,adaptive_disabled,0,14,253,0,14,0,0.0,{},1.2499978765845299e-05,0.003844832070171833,0.00046370644122362137,0.00011204206384718418,0.0042565008625388145,0.0007674163207411766,0.0006265828851610422,0.00012104189954698086,True,alpha_beta_d5_b12,True,True,,
pvs_d5_b16,pvs,5,16,,fixed,seed0_early_t0,0,tuning,early,0,,5000,1686,normal,1→35,1,35,597.0,0.15007900004275143,True,411,329,3122,1686,2,0.0011862396204033216,5,5,5,False,adaptive_disabled,0,55,2673,0,327,1,0.0030581039755351682,{},0.000410082982853055,0.02896833256818354,0.0036097553092986345,0.014082832960411906,0.018855209462344646,0.10749950306490064,0.00911353761330247,0.00011783395893871784,True,alpha_beta_d5_b16,True,True,,
pvs_d5_b16,pvs,5,16,,fixed,seed0_middle_t27,0,tuning,middle,27,,2,2,critical,63→63,63,63,827.0,0.11712662503123283,False,423,295,1952,2,2,1.0,5,5,5,False,adaptive_disabled,0,63,1513,0,326,4,0.012269938650306749,{},1.0124873369932175e-05,0.018702824600040913,0.002527207136154175,8.00001434981823e-05,0.02158846380189061,0.08707075496204197,0.008283489383757114,9.379186667501926e-05,True,alpha_beta_d5_b16,True,True,,
pvs_d5_b16,pvs,5,16,,fixed,seed0_late_t49,0,tuning,late,49,,78,23,normal,11→58,11,58,797.0,0.1500615410041064,True,708,327,5987,23,2,0.08695652173913043,5,5,5,False,adaptive_disabled,0,192,5207,0,479,4,0.008350730688935281,{},9.834067896008492e-06,0.055162215838208795,0.006896376144140959,0.0001932498998939991,0.06228063069283962,0.07696708431467414,0.010570368031039834,4.037399776279926e-05,False,alpha_beta_d5_b16,True,False,,
pvs_d5_b16,pvs,5,16,,fixed,seed1_early_t0,1,tuning,early,0,,5000,1678,normal,13→35,13,35,758.5,0.15012150001712143,True,431,309,3997,1678,3,0.0017878426698450535,5,5,5,False,adaptive_disabled,0,82,3500,0,307,1,0.003257328990228013,{},0.000602582935243845,0.036480128997936845,0.0037696196231991053,0.01623766589909792,0.02432957640849054,0.10211204714141786,0.006742751458659768,9.687617421150208e-05,True,alpha_beta_d5_b16,True,True,,
pvs_d5_b16,pvs,5,16,,fixed,seed1_middle_t120,1,tuning,middle,120,,90,37,normal,9→20,9,20,-58.5,0.1500701669137925,True,559,456,2476,37,0,0.0,5,5,5,False,adaptive_disabled,0,75,1879,0,440,16,0.03636363636363636,{},2.1999934688210487e-05,0.0217093329411,0.0027259227354079485,0.00040266592986881733,0.0243162433616817,0.11716900090686977,0.008117422927170992,4.2833853513002396e-05,True,alpha_beta_d5_b16,True,True,,
pvs_d5_b16,pvs,5,16,,fixed,seed1_late_t236,1,tuning,late,236,,4,3,danger,35→63,35,63,-999996.0,0.00339962518773973,False,39,14,382,3,3,1.0,5,5,5,False,adaptive_disabled,0,18,336,0,18,0,0.0,{},6.917165592312813e-06,0.0022455009166151285,0.0002693738788366318,5.737505853176117e-05,0.0024928301572799683,0.00038624927401542664,0.0003937126602977514,6.254087202250957e-05,True,alpha_beta_d5_b16,True,True,,
pvs_d6_b8,pvs,6,8,,fixed,seed0_early_t0,0,tuning,early,0,,5000,1686,normal,1→35,1,35,-597.0,0.16242745914496481,True,589,419,4780,1686,1,0.0005931198102016608,6,6,6,False,adaptive_disabled,0,123,4162,0,418,0,0.0,{},0.000561750028282404,0.0404631644487381,0.0041420061606913805,0.013625624822452664,0.031465209322050214,0.10569391935132444,0.010979830287396908,0.0001011253334581852,True,alpha_beta_d6_b8,True,False,,
pvs_d6_b8,pvs,6,8,,fixed,seed0_middle_t27,0,tuning,middle,27,,2,2,critical,63→63,63,63,-797.0,0.1501628328114748,True,606,366,3891,2,1,0.5,6,6,6,False,adaptive_disabled,0,135,3270,0,413,15,0.03631961259079903,{},1.191697083413601e-05,0.038228716468438506,0.004817875800654292,8.699996396899223e-05,0.043493367498740554,0.09499858715571463,0.011461961548775434,0.00010999967344105244,True,alpha_beta_d6_b8,True,True,,
pvs_d6_b8,pvs,6,8,,fixed,seed0_late_t49,0,tuning,late,49,,78,23,normal,11→58,11,58,-539.0,0.15006087510846555,True,939,336,8408,23,4,0.17391304347826086,6,6,6,False,adaptive_disabled,0,316,7465,0,537,18,0.0335195530726257,{},2.4416949599981308e-05,0.06272162753157318,0.007368543650954962,0.0005634999834001064,0.07021812163293362,0.06704637594521046,0.012155294418334961,5.316617898643017e-05,False,alpha_beta_d6_b8,True,False,,
pvs_d6_b8,pvs,6,8,,fixed,seed1_early_t0,1,tuning,early,0,,5000,1678,normal,13→35,13,35,-140.0,0.15020491601899266,True,586,406,5085,1678,0,0.0,6,6,6,False,adaptive_disabled,0,131,4448,0,396,9,0.022727272727272728,{},0.0005010419990867376,0.04019029624760151,0.004707040963694453,0.0139722500462085,0.03145308559760451,0.09546200442127883,0.008663368877023458,0.00015316507779061794,True,alpha_beta_d6_b8,True,True,,
pvs_d6_b8,pvs,6,8,,fixed,seed1_middle_t120,1,tuning,middle,120,,90,37,normal,9→20,9,20,-58.5,0.15006745792925358,True,740,521,4023,37,0,0.0,6,6,6,False,adaptive_disabled,0,149,3264,0,505,20,0.039603960396039604,{},2.0333100110292435e-05,0.03380945301614702,0.004091459093615413,0.0002569591160863638,0.03811912378296256,0.10137287736870348,0.010258082766085863,4.008179530501366e-05,True,alpha_beta_d6_b8,True,True,,
pvs_d6_b8,pvs,6,8,,fixed,seed1_late_t236,1,tuning,late,236,,4,3,danger,35→63,35,63,-999996.0,0.00577933294698596,False,47,24,273,3,3,1.0,6,6,6,False,adaptive_disabled,0,10,216,0,31,0,0.0,{},6.207963451743126e-06,0.0014090829063206911,0.00018366752192378044,5.0584087148308754e-05,0.001571875298395753,0.003623373806476593,0.00047012604773044586,5.716574378311634e-05,True,alpha_beta_d6_b8,True,True,,
pvs_d6_b12,pvs,6,12,,fixed,seed0_early_t0,0,tuning,early,0,,5000,1686,normal,1→35,1,35,-90.0,0.15010687499307096,True,426,314,3880,1686,0,0.0,6,6,6,False,adaptive_disabled,0,83,3405,0,313,0,0.0,{},0.0006773329805582762,0.038024379638955,0.0042768800631165504,0.01760062505491078,0.025122923078015447,0.0902390806004405,0.01637816336005926,8.874991908669472e-05,True,alpha_beta_d6_b12,True,True,,
pvs_d6_b12,pvs,6,12,,fixed,seed0_middle_t27,0,tuning,middle,27,,2,2,critical,63→63,63,63,-797.0,0.15011258283630013,True,705,409,5481,2,1,0.5,6,6,6,False,adaptive_disabled,0,192,4731,0,486,0,0.0,{},7.458031177520752e-06,0.05098748835735023,0.0074576218612492085,5.1040900871157646e-05,0.058961117174476385,0.08074637479148805,0.01027929992415011,6.729201413691044e-05,True,alpha_beta_d6_b12,True,True,,
pvs_d6_b12,pvs,6,12,,fixed,seed0_late_t49,0,tuning,late,49,,78,23,normal,11→58,11,58,-767.0,0.1500847500283271,True,666,291,5644,23,0,0.0,6,6,6,False,adaptive_disabled,0,198,4927,0,413,13,0.031476997578692496,{},1.695798709988594e-05,0.05118595506064594,0.006886868271976709,0.00026275007985532284,0.05892483633942902,0.0787334421183914,0.012101430678740144,4.533282481133938e-05,False,alpha_beta_d6_b12,True,True,,
pvs_d6_b12,pvs,6,12,,fixed,seed1_early_t0,1,tuning,early,0,,5000,1678,normal,13→35,13,35,-140.0,0.15014483290724456,True,512,362,4456,1678,0,0.0,6,6,6,False,adaptive_disabled,0,103,3881,0,354,7,0.01977401129943503,{},0.0005501669365912676,0.04419559030793607,0.0064502505119889975,0.024358709109947085,0.026681000366806984,0.09000199963338673,0.00844187499023974,0.00011108187027275562,True,alpha_beta_d6_b12,True,True,,
pvs_d6_b12,pvs,6,12,,fixed,seed1_middle_t120,1,tuning,middle,120,,90,37,normal,9→20,9,20,-58.5,0.1500652499962598,True,748,545,4141,37,0,0.0,6,6,6,False,adaptive_disabled,0,152,3346,0,535,13,0.024299065420560748,{},1.8875114619731903e-05,0.03127879393287003,0.0038016652688384056,0.0002787080593407154,0.03540624398738146,0.10401292541064322,0.01030787150375545,4.062592051923275e-05,True,alpha_beta_d6_b12,True,True,,
pvs_d6_b12,pvs,6,12,,fixed,seed1_late_t236,1,tuning,late,236,,4,3,danger,35→63,35,63,-999996.0,0.0132191670127213,False,66,35,344,3,3,1.0,6,6,6,False,adaptive_disabled,0,14,263,0,46,0,0.0,{},8.00006091594696e-06,0.0031163764651864767,0.0004124522674828768,5.733291618525982e-05,0.003536083735525608,0.00849345326423645,0.0010522541124373674,7.204292342066765e-05,True,alpha_beta_d6_b12,True,True,,
pvs_d6_b16,pvs,6,16,,fixed,seed0_early_t0,0,tuning,early,0,,5000,1686,normal,1→35,1,35,-90.0,0.1539497091434896,True,362,270,3500,1686,0,0.0,6,6,6,False,adaptive_disabled,0,68,3088,0,269,0,0.0,{},0.0005648750811815262,0.03068453655578196,0.004686047323048115,0.014459291007369757,0.02124136872589588,0.10943120974116027,0.006668338552117348,0.0015846260357648134,True,alpha_beta_d6_b16,True,True,,
pvs_d6_b16,pvs,6,16,,fixed,seed0_middle_t27,0,tuning,middle,27,,2,2,critical,63→63,63,63,-797.0,0.15008904202841222,True,753,409,6253,2,1,0.5,6,6,6,False,adaptive_disabled,0,213,5427,0,512,0,0.0,{},8.541857823729515e-06,0.05434571160003543,0.006684550084173679,5.9999991208314896e-05,0.06164111569523811,0.07738592219538987,0.01093708723783493,5.63750509172678e-05,True,alpha_beta_d6_b16,True,True,,
pvs_d6_b16,pvs,6,16,,fixed,seed0_late_t49,0,tuning,late,49,,78,23,normal,11→58,11,58,-767.0,0.1501192080322653,True,731,343,6025,23,0,0.0,6,6,6,False,adaptive_disabled,0,203,5233,0,479,13,0.027139874739039668,{},1.1958880349993706e-05,0.0448770010843873,0.007586457533761859,0.00019800011068582535,0.052758960984647274,0.08554670889861882,0.011559246107935905,4.433305002748966e-05,False,alpha_beta_d6_b16,True,True,,
pvs_d6_b16,pvs,6,16,,fixed,seed1_early_t0,1,tuning,early,0,,5000,1678,normal,13→35,13,35,-140.0,0.15032033319585025,True,461,337,4151,1678,0,0.0,6,6,6,False,adaptive_disabled,0,86,3624,0,328,8,0.024390243902439025,{},0.0005314159207046032,0.04339324845932424,0.004824537318199873,0.018648916855454445,0.030095255933701992,0.09118600259535015,0.009645950514823198,0.00021279137581586838,True,alpha_beta_d6_b16,True,True,,
pvs_d6_b16,pvs,6,16,,fixed,seed1_middle_t120,1,tuning,middle,120,,90,37,normal,9→20,9,20,-58.5,0.15008800011128187,True,536,419,2540,37,0,0.0,6,6,6,False,adaptive_disabled,0,78,1942,0,404,15,0.03712871287128713,{},2.345792017877102e-05,0.0268977927044034,0.004848961718380451,0.00026820902712643147,0.03189103351905942,0.10723591665737331,0.010616424959152937,5.295802839100361e-05,True,alpha_beta_d6_b16,True,True,,
pvs_d6_b16,pvs,6,16,,fixed,seed1_late_t236,1,tuning,late,236,,4,3,danger,35→63,35,63,-999996.0,0.023569167125970125,False,91,52,448,3,3,1.0,6,6,6,False,adaptive_disabled,0,18,338,0,66,0,0.0,{},6.791902706027031e-06,0.0032907065469771624,0.0006186673417687416,5.3958967328071594e-05,0.003975785570219159,0.017333042109385133,0.002133006462827325,6.658211350440979e-05,True,alpha_beta_d6_b16,True,True,,
beam_negamax_d5_w8-6-4-2,beam_negamax,5,,8-6-4-2,fixed,seed0_early_t0,0,tuning,early,0,,5000,1686,normal,1→35,1,35,597.0,0.15019608312286437,True,666,363,6337,1686,6,0.0035587188612099642,5,5,5,False,adaptive_disabled,0,0,0,5662,0,0,0.0,"{""0"": 8, ""1"": 6, ""2"": 4, ""3"": 2, ""4"": 2}",0.00047224992886185646,0.05682299891486764,0.00430158362723887,0.013985957950353622,0.047823179280385375,0.07835637917742133,0.009398941416293383,0.0001593753695487976,True,alpha_beta_d5_b16,True,True,1,True
beam_negamax_d5_w8-6-4-2,beam_negamax,5,,8-6-4-2,fixed,seed0_middle_t27,0,tuning,middle,27,,2,2,critical,63→63,63,63,1047.5,0.03605050011537969,False,180,82,1313,2,2,1.0,5,5,5,False,adaptive_disabled,0,0,0,1133,0,0,0.0,"{""0"": 8, ""1"": 6, ""2"": 4, ""3"": 2, ""4"": 2}",2.13750172406435e-05,0.01223587105050683,0.001090456498786807,0.00014745909720659256,0.013375008944422007,0.01969920820556581,0.002608116716146469,0.00019933213479816914,True,alpha_beta_d5_b16,True,False,1,True
beam_negamax_d5_w8-6-4-2,beam_negamax,5,,8-6-4-2,fixed,seed0_late_t49,0,tuning,late,49,,78,23,normal,11→28,11,28,999997.0,0.15006691683083773,True,716,299,5436,23,5,0.21739130434782608,5,5,5,False,adaptive_disabled,0,0,0,4715,0,0,0.0,"{""0"": 8, ""1"": 6, ""2"": 4, ""3"": 2, ""4"": 2}",1.2750038877129555e-05,0.0543296302203089,0.004606491420418024,0.00021970807574689388,0.05950891226530075,0.07878200779668987,0.011497663799673319,4.587485454976559e-05,True,alpha_beta_d5_b16,False,False,1,True
beam_negamax_d5_w8-6-4-2,beam_negamax,5,,8-6-4-2,fixed,seed1_early_t0,1,tuning,early,0,,5000,1678,normal,13→35,13,35,209.0,0.15013583307154477,True,467,255,4592,1678,3,0.0017878426698450535,5,5,5,False,adaptive_disabled,0,0,0,4118,0,0,0.0,"{""0"": 8, ""1"": 6, ""2"": 4, ""3"": 2, ""4"": 2}",0.0005587500054389238,0.044714626390486956,0.004160210490226746,0.016914666863158345,0.032606203807517886,0.09248512261547148,0.007467798423022032,0.00010329135693609715,True,alpha_beta_d5_b16,True,False,1,True
beam_negamax_d5_w8-6-4-2,beam_negamax,5,,8-6-4-2,fixed,seed1_middle_t120,1,tuning,middle,120,,90,37,normal,9→20,9,20,799.5,0.15006716595962644,True,705,358,5094,37,6,0.16216216216216217,5,5,5,False,adaptive_disabled,0,0,0,4320,0,0,0.0,"{""0"": 8, ""1"": 6, ""2"": 4, ""3"": 2, ""4"": 2}",2.4833017960190773e-05,0.045395592926070094,0.0046197474002838135,0.0004624580033123493,0.05047358572483063,0.08810540940612555,0.010953962802886963,4.691700451076031e-05,True,alpha_beta_d5_b16,True,False,1,True
beam_negamax_d5_w8-6-4-2,beam_negamax,5,,8-6-4-2,fixed,seed1_late_t236,1,tuning,late,236,,4,3,danger,35→63,35,63,-999996.0,0.04829249996691942,False,247,114,1739,3,3,1.0,5,5,5,False,adaptive_disabled,0,0,0,1459,0,0,0.0,"{""0"": 8, ""1"": 6, ""2"": 4, ""3"": 2, ""4"": 2}",8.041970431804657e-06,0.01576841459609568,0.0024767527356743813,6.091711111366749e-05,0.01850546128116548,0.025967837776988745,0.003684741910547018,6.54999166727066e-05,True,alpha_beta_d5_b16,True,True,1,True
beam_negamax_d5_w12-8-4-2,beam_negamax,5,,12-8-4-2,fixed,seed0_early_t0,0,tuning,early,0,,5000,1686,normal,1→35,1,35,597.0,0.15010283282026649,True,657,358,6282,1686,6,0.0035587188612099642,5,5,5,False,adaptive_disabled,0,0,0,5611,0,0,0.0,"{""0"": 12, ""1"": 8, ""2"": 4, ""3"": 2, ""4"": 2}",0.0007265829481184483,0.055249500554054976,0.0045920938719064,0.012643750058487058,0.048138539772480726,0.0787134503480047,0.009774759877473116,0.00010574981570243835,True,alpha_beta_d5_b16,True,True,1,True
beam_negamax_d5_w12-8-4-2,beam_negamax,5,,12-8-4-2,fixed,seed0_middle_t27,0,tuning,middle,27,,2,2,critical,63→63,63,63,1047.5,0.05761054204776883,False,230,104,1681,2,2,1.0,5,5,5,False,adaptive_disabled,0,0,0,1451,0,0,0.0,"{""0"": 12, ""1"": 8, ""2"": 4, ""3"": 2, ""4"": 2}",7.791910320520401e-06,0.014971164287999272,0.0015197924803942442,4.9165915697813034e-05,0.01668808818794787,0.03683241247199476,0.003978457301855087,5.4626259952783585e-05,True,alpha_beta_d5_b16,True,False,1,True
beam_negamax_d5_w12-8-4-2,beam_negamax,5,,12-8-4-2,fixed,seed0_late_t49,0,tuning,late,49,,78,23,normal,11→58,11,58,787.5,0.15016354201361537,True,795,333,6055,23,4,0.17391304347826086,5,5,5,False,adaptive_disabled,0,0,0,5248,0,0,0.0,"{""0"": 12, ""1"": 8, ""2"": 4, ""3"": 2, ""4"": 2}",1.987488940358162e-05,0.04949800414033234,0.004772787215188146,0.00026241689920425415,0.05473120626993477,0.0824382456485182,0.012622632086277008,8.916622027754784e-05,False,alpha_beta_d5_b16,True,False,1,True
beam_negamax_d5_w12-8-4-2,beam_negamax,5,,12-8-4-2,fixed,seed1_early_t0,1,tuning,early,0,,5000,1678,normal,13→35,13,35,209.0,0.15036458289250731,True,482,263,4727,1678,3,0.0017878426698450535,5,5,5,False,adaptive_disabled,0,0,0,4233,0,0,0.0,"{""0"": 12, ""1"": 8, ""2"": 4, ""3"": 2, ""4"": 2}",0.0010493339505046606,0.044892870588228106,0.004402807215228677,0.012325416086241603,0.03761503705754876,0.08771950099617243,0.011350669898092747,0.00030462490394711494,True,alpha_beta_d5_b16,True,False,1,True
beam_negamax_d5_w12-8-4-2,beam_negamax,5,,12-8-4-2,fixed,seed1_middle_t120,1,tuning,middle,120,,90,37,normal,9→20,9,20,799.5,0.15013012499548495,True,684,350,4966,37,5,0.13513513513513514,5,5,5,False,adaptive_disabled,0,0,0,4213,0,0,0.0,"{""0"": 12, ""1"": 8, ""2"": 4, ""3"": 2, ""4"": 2}",2.6999972760677338e-05,0.04740358726121485,0.004176331451162696,0.00034845806658267975,0.05202349694445729,0.08796553849242628,0.009693797677755356,7.183384150266647e-05,True,alpha_beta_d5_b16,True,False,1,True
beam_negamax_d5_w12-8-4-2,beam_negamax,5,,12-8-4-2,fixed,seed1_late_t236,1,tuning,late,236,,4,3,danger,35→63,35,63,-999996.0,0.06316875014454126,False,354,169,2416,3,3,1.0,5,5,5,False,adaptive_disabled,0,0,0,2023,0,0,0.0,"{""0"": 12, ""1"": 8, ""2"": 4, ""3"": 2, ""4"": 2}",1.0542105883359909e-05,0.018487957771867514,0.0026576705276966095,6.737490184605122e-05,0.02143679093569517,0.034548928029835224,0.00701107201166451,9.404215961694717e-05,True,alpha_beta_d5_b16,True,True,1,True
beam_negamax_d5_w12-8-6-4,beam_negamax,5,,12-8-6-4,fixed,seed0_early_t0,0,tuning,early,0,,5000,1686,normal,1→35,1,35,-90.0,0.15022795903496444,True,379,285,3419,1686,0,0.0,5,5,5,False,adaptive_disabled,0,0,0,3026,0,0,0.0,"{""0"": 12, ""1"": 8, ""2"": 6, ""3"": 4, ""4"": 4}",0.0007620409596711397,0.04022966744378209,0.0030996284913271666,0.02010924997739494,0.0246382518671453,0.09362781816162169,0.010923096910119057,0.00016750115901231766,True,alpha_beta_d5_b16,True,False,1,True
beam_negamax_d5_w12-8-6-4,beam_negamax,5,,12-8-6-4,fixed,seed0_middle_t27,0,tuning,middle,27,,2,2,critical,63→63,63,63,1047.5,0.15151720796711743,True,514,358,2332,2,1,0.5,5,5,5,False,adaptive_disabled,0,0,0,1809,0,0,0.0,"{""0"": 12, ""1"": 8, ""2"": 6, ""3"": 4, ""4"": 4}",6.875023245811462e-06,0.0366635003592819,0.005973752122372389,5.329097621142864e-05,0.04314674413762987,0.09884252538904548,0.009360730415210128,0.00010704202577471733,True,alpha_beta_d5_b16,True,False,1,True
beam_negamax_d5_w12-8-6-4,beam_negamax,5,,12-8-6-4,fixed,seed0_late_t49,0,tuning,late,49,,78,23,normal,11→58,11,58,-767.0,0.15006054192781448,True,852,543,3910,23,0,0.0,5,5,5,False,adaptive_disabled,0,0,0,3046,0,0,0.0,"{""0"": 12, ""1"": 8, ""2"": 6, ""3"": 4, ""4"": 4}",4.8582907766103745e-05,0.031684257090091705,0.003472951939329505,0.000218832865357399,0.036092922324314713,0.10307192918844521,0.010551231447607279,7.704319432377815e-05,False,alpha_beta_d5_b16,True,True,1,True
beam_negamax_d5_w12-8-6-4,beam_negamax,5,,12-8-6-4,fixed,seed1_early_t0,1,tuning,early,0,,5000,1678,normal,13→35,13,35,758.5,0.15020787506364286,True,557,418,4086,1678,1,0.0005959475566150178,5,5,5,False,adaptive_disabled,0,0,0,3508,0,0,0.0,"{""0"": 12, ""1"": 8, ""2"": 6, ""3"": 4, ""4"": 4}",0.0005250000394880772,0.037891454761847854,0.002973793540149927,0.015486709075048566,0.025817159563302994,0.10042759170755744,0.007796789752319455,0.0001546249259263277,True,alpha_beta_d5_b16,True,True,1,True
beam_negamax_d5_w12-8-6-4,beam_negamax,5,,12-8-6-4,fixed,seed1_middle_t120,1,tuning,middle,120,,90,37,normal,9→20,9,20,768.0,0.1500751250423491,True,678,478,3049,37,2,0.05405405405405406,5,5,5,False,adaptive_disabled,0,0,0,2299,0,0,0.0,"{""0"": 12, ""1"": 8, ""2"": 6, ""3"": 4, ""4"": 4}",3.7624966353178024e-05,0.028402296593412757,0.002997293835505843,0.00043424987234175205,0.031510459491983056,0.1072122494224459,0.01082245702855289,5.8084260672330856e-05,True,alpha_beta_d5_b16,True,False,1,True
beam_negamax_d5_w12-8-6-4,beam_negamax,5,,12-8-6-4,fixed,seed1_late_t236,1,tuning,late,236,,4,3,danger,35→63,35,63,-999996.0,0.15019537508487701,True,715,502,3107,3,1,0.3333333333333333,5,5,5,False,adaptive_disabled,0,0,0,2331,0,0,0.0,"{""0"": 12, ""1"": 8, ""2"": 6, ""3"": 4, ""4"": 4}",1.3250159099698067e-05,0.0271485794801265,0.004221660550683737,0.0001427088864147663,0.031847466714680195,0.1083817183971405,0.009672023821622133,0.00013820710591971874,True,alpha_beta_d5_b16,True,True,1,True
beam_negamax_d5_w16-12-8-4,beam_negamax,5,,16-12-8-4,fixed,seed0_early_t0,0,tuning,early,0,,5000,1686,normal,1→35,1,35,597.0,0.15013045887462795,True,640,481,4534,1686,1,0.0005931198102016608,5,5,5,False,adaptive_disabled,0,0,0,3868,0,0,0.0,"{""0"": 16, ""1"": 12, ""2"": 8, ""3"": 4, ""4"": 4}",0.0005140830762684345,0.04146074829623103,0.004438290139660239,0.016893583117052913,0.029571764636784792,0.09269474865868688,0.010356195736676455,0.00010008364915847778,True,alpha_beta_d5_b16,True,True,1,True
beam_negamax_d5_w16-12-8-4,beam_negamax,5,,16-12-8-4,fixed,seed0_middle_t27,0,tuning,middle,27,,2,2,critical,63→63,63,63,1047.5,0.15006866701878607,True,774,539,3526,2,1,0.5,5,5,5,False,adaptive_disabled,0,0,0,2734,0,0,0.0,"{""0"": 16, ""1"": 12, ""2"": 8, ""3"": 4, ""4"": 4}",6.624963134527206e-06,0.03257629228755832,0.0033630395773798227,4.787510260939598e-05,0.0364380010869354,0.10352976084686816,0.009995112894102931,5.129212513566017e-05,True,alpha_beta_d5_b16,True,False,1,True
beam_negamax_d5_w16-12-8-4,beam_negamax,5,,16-12-8-4,fixed,seed0_late_t49,0,tuning,late,49,,78,23,normal,11→58,11,58,-767.0,0.15008208411745727,True,681,432,3164,23,0,0.0,5,5,5,False,adaptive_disabled,0,0,0,2456,0,0,0.0,"{""0"": 16, ""1"": 12, ""2"": 8, ""3"": 4, ""4"": 4}",4.0082959458231926e-05,0.03406446077860892,0.003889497835189104,0.0004261250142008066,0.03857295634225011,0.10039046825841069,0.010591784492135048,6.066705100238323e-05,False,alpha_beta_d5_b16,True,True,1,True
beam_negamax_d5_w16-12-8-4,beam_negamax,5,,16-12-8-4,fixed,seed1_early_t0,1,tuning,early,0,,5000,1678,normal,13→35,13,35,-140.0,0.15010533388704062,True,610,460,4313,1678,0,0.0,5,5,5,False,adaptive_disabled,0,0,0,3675,0,0,0.0,"{""0"": 16, ""1"": 12, ""2"": 8, ""3"": 4, ""4"": 4}",0.0007935829926282167,0.036082835868000984,0.0028751634526997805,0.014047916978597641,0.025356793077662587,0.10124904452823102,0.008570912526920438,8.708378300070763e-05,True,alpha_beta_d5_b16,True,False,1,True
beam_negamax_d5_w16-12-8-4,beam_negamax,5,,16-12-8-4,fixed,seed1_middle_t120,1,tuning,middle,120,,90,37,normal,9→20,9,20,799.5,0.15009779087267816,True,812,581,3595,37,2,0.05405405405405406,5,5,5,False,adaptive_disabled,0,0,0,2708,0,0,0.0,"{""0"": 16, ""1"": 12, ""2"": 8, ""3"": 4, ""4"": 4}",1.9333092495799065e-05,0.024674597894772887,0.0035040825605392456,0.0002732919529080391,0.028695581713691354,0.1115151981357485,0.00953605305403471,5.833292379975319e-05,True,alpha_beta_d5_b16,True,False,1,True
beam_negamax_d5_w16-12-8-4,beam_negamax,5,,16-12-8-4,fixed,seed1_late_t236,1,tuning,late,236,,4,3,danger,35→63,35,63,-999996.0,0.15017312509007752,True,844,598,3585,3,1,0.3333333333333333,5,5,5,False,adaptive_disabled,0,0,0,2672,0,0,0.0,"{""0"": 16, ""1"": 12, ""2"": 8, ""3"": 4, ""4"": 4}",1.1458992958068848e-05,0.028215374797582626,0.0034097065217792988,9.504100307822227e-05,0.03260250482708216,0.10706820688210428,0.010280122281983495,0.00011579110287129879,True,alpha_beta_d5_b16,True,True,1,True
beam_negamax_d6_w8-6-4-2,beam_negamax,6,,8-6-4-2,fixed,seed0_early_t0,0,tuning,early,0,,5000,1686,normal,1→35,1,35,-597.0,0.15012262505479157,True,637,331,6310,1686,3,0.0017793594306049821,6,6,6,False,adaptive_disabled,0,0,0,5664,0,0,0.0,"{""0"": 8, ""1"": 6, ""2"": 4, ""3"": 2, ""4"": 2, ""5"": 2}",0.00043358304537832737,0.051064582308754325,0.004877964733168483,0.010874375002458692,0.04637862183153629,0.0824072144459933,0.009934579720720649,9.42510087043047e-05,True,alpha_beta_d6_b16,True,False,1,True
beam_negamax_d6_w8-6-4-2,beam_negamax,6,,8-6-4-2,fixed,seed0_middle_t27,0,tuning,middle,27,,2,2,critical,63→59,63,59,-569.0,0.06798866600729525,False,335,142,2526,2,2,1.0,6,6,6,False,adaptive_disabled,0,0,0,2191,0,0,0.0,"{""0"": 8, ""1"": 6, ""2"": 4, ""3"": 2, ""4"": 2, ""5"": 2}",7.666880264878273e-06,0.02353083319030702,0.0021441278513520956,5.183299072086811e-05,0.026101621333509684,0.036587253445759416,0.005080833099782467,0.00015945825725793839,False,alpha_beta_d6_b16,False,False,1,True
beam_negamax_d6_w8-6-4-2,beam_negamax,6,,8-6-4-2,fixed,seed0_late_t49,0,tuning,late,49,,78,23,normal,11→58,11,58,999993.0,0.15006454195827246,True,779,327,6213,23,3,0.13043478260869565,6,6,6,False,adaptive_disabled,0,0,0,5410,0,0,0.0,"{""0"": 8, ""1"": 6, ""2"": 4, ""3"": 2, ""4"": 2, ""5"": 2}",1.4292076230049133e-05,0.056629289872944355,0.0048148371279239655,0.00021787500008940697,0.06194705027155578,0.07695503905415535,0.010886327596381307,4.395795986056328e-05,False,alpha_beta_d6_b16,True,False,1,True
beam_negamax_d6_w8-6-4-2,beam_negamax,6,,8-6-4-2,fixed,seed1_early_t0,1,tuning,early,0,,5000,1678,normal,13→35,13,35,-179.0,0.1521189589984715,True,517,268,5020,1678,2,0.0011918951132300357,6,6,6,False,adaptive_disabled,0,0,0,4489,0,0,0.0,"{""0"": 8, ""1"": 6, ""2"": 4, ""3"": 2, ""4"": 2, ""5"": 2}",0.0008204169571399689,0.05242204014211893,0.0036185728386044502,0.020348167046904564,0.03665134450420737,0.08729953831061721,0.0067374922800809145,0.00026199989952147007,True,alpha_beta_d6_b16,True,False,1,True
beam_negamax_d6_w8-6-4-2,beam_negamax,6,,8-6-4-2,fixed,seed1_middle_t120,1,tuning,middle,120,,90,37,normal,9→20,9,20,1831.25,0.15007099998183548,True,402,181,3366,37,3,0.08108108108108109,6,6,6,False,adaptive_disabled,0,0,0,2896,0,0,0.0,"{""0"": 8, ""1"": 6, ""2"": 4, ""3"": 2, ""4"": 2, ""5"": 2}",3.38749960064888e-05,0.05966586689464748,0.003596873953938484,0.0024397920351475477,0.061424588318914175,0.0702226278372109,0.015897033968940377,5.308282561600208e-05,True,alpha_beta_d6_b16,True,False,1,True
beam_negamax_d6_w8-6-4-2,beam_negamax,6,,8-6-4-2,fixed,seed1_late_t236,1,tuning,late,236,,4,3,danger,35→63,35,63,-999996.0,0.08297591679729521,False,406,159,3348,3,3,1.0,6,6,6,False,adaptive_disabled,0,0,0,2863,0,0,0.0,"{""0"": 8, ""1"": 6, ""2"": 4, ""3"": 2, ""4"": 2, ""5"": 2}",5.749985575675964e-06,0.039311878150328994,0.0028122044168412685,5.366699770092964e-05,0.04255825444124639,0.03440400189720094,0.005852909758687019,0.00010133371688425541,True,alpha_beta_d6_b16,True,True,1,True
beam_negamax_d6_w12-8-4-2,beam_negamax,6,,12-8-4-2,fixed,seed0_early_t0,0,tuning,early,0,,5000,1686,normal,1→35,1,35,-597.0,0.15064720809459686,True,526,273,5504,1686,2,0.0011862396204033216,6,6,6,False,adaptive_disabled,0,0,0,4965,0,0,0.0,"{""0"": 12, ""1"": 8, ""2"": 4, ""3"": 2, ""4"": 2, ""5"": 2}",0.0010487500112503767,0.05721861612983048,0.004453837871551514,0.020385082811117172,0.041806657798588276,0.07996895466931164,0.007261387538164854,0.00017637526616454124,True,alpha_beta_d6_b16,True,False,1,True
beam_negamax_d6_w12-8-4-2,beam_negamax,6,,12-8-4-2,fixed,seed0_middle_t27,0,tuning,middle,27,,2,2,critical,63→59,63,59,-569.0,0.06928616622462869,False,427,182,3250,2,2,1.0,6,6,6,False,adaptive_disabled,0,0,0,2823,0,0,0.0,"{""0"": 12, ""1"": 8, ""2"": 4, ""3"": 2, ""4"": 2, ""5"": 2}",1.0708114132285118e-05,0.025097962003201246,0.0021791195031255484,6.812508217990398e-05,0.027584825176745653,0.03650766215287149,0.004939137725159526,0.00017570797353982925,False,alpha_beta_d6_b16,False,False,1,True
beam_negamax_d6_w12-8-4-2,beam_negamax,6,,12-8-4-2,fixed,seed0_late_t49,0,tuning,late,49,,78,23,normal,11→58,11,58,-677.0,0.15005412511527538,True,766,331,6149,23,2,0.08695652173913043,6,6,6,False,adaptive_disabled,0,0,0,5356,0,0,0.0,"{""0"": 12, ""1"": 8, ""2"": 4, ""3"": 2, ""4"": 2, ""5"": 2}",1.4374963939189911e-05,0.051977588096633554,0.004997549345716834,0.0002336660400032997,0.05789552675560117,0.07938642636872828,0.012481921818107367,4.2209168896079063e-05,False,alpha_beta_d6_b16,True,False,1,True
beam_negamax_d6_w12-8-4-2,beam_negamax,6,,12-8-4-2,fixed,seed1_early_t0,1,tuning,early,0,,5000,1678,normal,13→35,13,35,-179.0,0.150112709030509,True,538,280,5168,1678,2,0.0011918951132300357,6,6,6,False,adaptive_disabled,0,0,0,4601,0,0,0.0,"{""0"": 12, ""1"": 8, ""2"": 4, ""3"": 2, ""4"": 2, ""5"": 2}",0.0004598749801516533,0.043819624464958906,0.003974540159106255,0.014414125122129917,0.0340884979814291,0.09359812014736235,0.007435048930346966,0.00011704186908900738,True,alpha_beta_d6_b16,True,False,1,True
beam_negamax_d6_w12-8-4-2,beam_negamax,6,,12-8-4-2,fixed,seed1_middle_t120,1,tuning,middle,120,,90,37,normal,9→20,9,20,1831.25,0.15019887499511242,True,753,345,6153,37,3,0.08108108108108109,6,6,6,False,adaptive_disabled,0,0,0,5287,0,0,0.0,"{""0"": 12, ""1"": 8, ""2"": 4, ""3"": 2, ""4"": 2, ""5"": 2}",5.9042125940322876e-05,0.05574766080826521,0.005154311889782548,0.0003468750510364771,0.06139003951102495,0.07706372113898396,0.011171281337738037,0.0001679158303886652,True,alpha_beta_d6_b16,True,False,1,True
beam_negamax_d6_w12-8-4-2,beam_negamax,6,,12-8-4-2,fixed,seed1_late_t236,1,tuning,late,236,,4,3,danger,35→63,35,63,-999996.0,0.09940066700801253,False,598,244,4836,3,3,1.0,6,6,6,False,adaptive_disabled,0,0,0,4135,0,0,0.0,"{""0"": 12, ""1"": 8, ""2"": 4, ""3"": 2, ""4"": 2, ""5"": 2}",1.6124919056892395e-05,0.04157799482345581,0.004232663661241531,9.900005534291267e-05,0.04637958109378815,0.04283688263967633,0.009985703276470304,8.337502367794514e-05,True,alpha_beta_d6_b16,True,True,1,True
beam_negamax_d6_w12-8-6-4,beam_negamax,6,,12-8-6-4,fixed,seed0_early_t0,0,tuning,early,0,,5000,1686,normal,1→35,1,35,-90.0,0.15018949983641505,True,538,401,4091,1686,0,0.0,6,6,6,False,adaptive_disabled,0,0,0,3528,0,0,0.0,"{""0"": 12, ""1"": 8, ""2"": 6, ""3"": 4, ""4"": 4, ""5"": 4}",0.0007389169186353683,0.03788120928220451,0.0034711193293333054,0.018686208175495267,0.023189885541796684,0.09827272221446037,0.009134558262303472,0.0001672087237238884,True,alpha_beta_d6_b16,True,True,1,True
beam_negamax_d6_w12-8-6-4,beam_negamax,6,,12-8-6-4,fixed,seed0_middle_t27,0,tuning,middle,27,,2,2,critical,63→63,63,63,-786.5,0.15007287496700883,True,676,448,3079,2,1,0.5,6,6,6,False,adaptive_disabled,0,0,0,2389,0,0,0.0,"{""0"": 12, ""1"": 8, ""2"": 6, ""3"": 4, ""4"": 4, ""5"": 4}",8.125090971589088e-06,0.030264716362580657,0.0035661240108311176,0.0001905001699924469,0.034264410147443414,0.10463462304323912,0.010923050809651613,5.216570571064949e-05,True,alpha_beta_d6_b16,True,False,1,True
beam_negamax_d6_w12-8-6-4,beam_negamax,6,,12-8-6-4,fixed,seed0_late_t49,0,tuning,late,49,,78,23,normal,11→58,11,58,-767.0,0.15007125004194677,True,692,435,3182,23,0,0.0,6,6,6,False,adaptive_disabled,0,0,0,2462,0,0,0.0,"{""0"": 12, ""1"": 8, ""2"": 6, ""3"": 4, ""4"": 4, ""5"": 4}",2.354104071855545e-05,0.030262744054198265,0.004311411641538143,0.0002455830108374357,0.03519054572097957,0.10350957559421659,0.011049878550693393,5.212612450122833e-05,False,alpha_beta_d6_b16,True,True,1,True
beam_negamax_d6_w12-8-6-4,beam_negamax,6,,12-8-6-4,fixed,seed1_early_t0,1,tuning,early,0,,5000,1678,normal,13→35,13,35,-140.0,0.15019333292730153,True,465,347,3715,1678,0,0.0,6,6,6,False,adaptive_disabled,0,0,0,3227,0,0,0.0,"{""0"": 12, ""1"": 8, ""2"": 6, ""3"": 4, ""4"": 4, ""5"": 4}",0.000657874858006835,0.0480117870029062,0.006130712805315852,0.024097667075693607,0.030658744275569916,0.08718329947441816,0.007467248244211078,0.000128498999401927,True,alpha_beta_d6_b16,True,True,1,True
beam_negamax_d6_w12-8-6-4,beam_negamax,6,,12-8-6-4,fixed,seed1_middle_t120,1,tuning,middle,120,,90,37,normal,9→20,9,20,-738.0,0.15085724997334182,True,617,432,3063,37,1,0.02702702702702703,6,6,6,False,adaptive_disabled,0,0,0,2390,0,0,0.0,"{""0"": 12, ""1"": 8, ""2"": 6, ""3"": 4, ""4"": 4, ""5"": 4}",4.9084192141890526e-05,0.02972466847859323,0.0038316682912409306,0.000801165821030736,0.035560746444389224,0.1041999903973192,0.010123721323907375,0.00012254179455339909,True,alpha_beta_d6_b16,True,False,1,True
beam_negamax_d6_w12-8-6-4,beam_negamax,6,,12-8-6-4,fixed,seed1_late_t236,1,tuning,late,236,,4,3,danger,35→63,35,63,-999996.0,0.1501995411235839,True,744,503,3431,3,1,0.3333333333333333,6,6,6,False,adaptive_disabled,0,0,0,2603,0,0,0.0,"{""0"": 12, ""1"": 8, ""2"": 6, ""3"": 4, ""4"": 4, ""5"": 4}",9.58307646214962e-06,0.032478248002007604,0.004625129047781229,6.200000643730164e-05,0.03823883249424398,0.09793770918622613,0.013838291401043534,0.00011312495917081833,True,alpha_beta_d6_b16,True,True,1,True
beam_negamax_d6_w16-12-8-4,beam_negamax,6,,16-12-8-4,fixed,seed0_early_t0,0,tuning,early,0,,5000,1686,normal,1→35,1,35,-90.0,0.15034204185940325,True,431,321,3577,1686,0,0.0,6,6,6,False,adaptive_disabled,0,0,0,3120,0,0,0.0,"{""0"": 16, ""1"": 12, ""2"": 8, ""3"": 4, ""4"": 4, ""5"": 4}",0.001089292112737894,0.034438165836036205,0.00392795680090785,0.014357208041474223,0.024571576388552785,0.10153928655199707,0.008635512087494135,0.00014916667714715004,True,alpha_beta_d6_b16,True,True,1,True
beam_negamax_d6_w16-12-8-4,beam_negamax,6,,16-12-8-4,fixed,seed0_middle_t27,0,tuning,middle,27,,2,2,critical,63→63,63,63,-30.0,0.1502833750564605,True,181,121,876,2,0,0.0,6,6,6,False,adaptive_disabled,0,0,0,685,0,0,0.0,"{""0"": 16, ""1"": 12, ""2"": 8, ""3"": 4, ""4"": 4, ""5"": 4}",9.291106835007668e-06,0.012486414983868599,0.0015314945485442877,0.0001193750649690628,0.014201829908415675,0.12860436737537384,0.007200135616585612,0.0001483759842813015,True,alpha_beta_d6_b16,True,False,1,True
beam_negamax_d6_w16-12-8-4,beam_negamax,6,,16-12-8-4,fixed,seed0_late_t49,0,tuning,late,49,,78,23,normal,11→58,11,58,-767.0,0.15015200013294816,True,486,305,2213,23,0,0.0,6,6,6,False,adaptive_disabled,0,0,0,1697,0,0,0.0,"{""0"": 16, ""1"": 12, ""2"": 8, ""3"": 4, ""4"": 4, ""5"": 4}",1.2791948392987251e-05,0.025248335674405098,0.005907164188101888,0.00044904183596372604,0.03244542144238949,0.0990080451592803,0.018162533408030868,7.416633889079094e-05,False,alpha_beta_d6_b16,True,True,1,True
beam_negamax_d6_w16-12-8-4,beam_negamax,6,,16-12-8-4,fixed,seed1_early_t0,1,tuning,early,0,,5000,1678,normal,13→35,13,35,-140.0,0.15016633295454085,True,244,181,2762,1678,0,0.0,6,6,6,False,adaptive_disabled,0,0,0,2492,0,0,0.0,"{""0"": 16, ""1"": 12, ""2"": 8, ""3"": 4, ""4"": 4, ""5"": 4}",0.0006360828410834074,0.056264042388647795,0.00454483600333333,0.037471374962478876,0.023789832601323724,0.08148920955136418,0.006671707844361663,0.00010812515392899513,True,alpha_beta_d6_b16,True,True,1,True
beam_negamax_d6_w16-12-8-4,beam_negamax,6,,16-12-8-4,fixed,seed1_middle_t120,1,tuning,middle,120,,90,37,normal,9→20,9,20,-58.5,0.15007416694425046,True,314,222,1640,37,0,0.0,6,6,6,False,adaptive_disabled,0,0,0,1285,0,0,0.0,"{""0"": 16, ""1"": 12, ""2"": 8, ""3"": 4, ""4"": 4, ""5"": 4}",3.937515430152416e-05,0.021676163654774427,0.0031970420386642218,0.0010017089080065489,0.024937832495197654,0.11709582433104515,0.006947968155145645,5.145790055394173e-05,True,alpha_beta_d6_b16,True,True,1,True
beam_negamax_d6_w16-12-8-4,beam_negamax,6,,16-12-8-4,fixed,seed1_late_t236,1,tuning,late,236,,4,3,danger,35→63,35,63,-999996.0,0.15104187512770295,True,617,416,2724,3,1,0.3333333333333333,6,6,6,False,adaptive_disabled,0,0,0,2031,0,0,0.0,"{""0"": 16, ""1"": 12, ""2"": 8, ""3"": 4, ""4"": 4, ""5"": 4}",8.916016668081284e-06,0.03763287654146552,0.004781458294019103,5.9125013649463654e-05,0.04337495332583785,0.09101244201883674,0.01647860463708639,0.0001078341156244278,True,alpha_beta_d6_b16,True,True,1,True
